friday,expiry_ms,K,S_in,prem_in,prem_out,sigma_in,vega_usd,wknd_frac,T_days,settled,stopped,gross,fees_opt,spread_cost,perp_fees,net,gross_per_vega,net_per_vega,f_iv,f_wd_vol,f_iv_premium,f_friday_move_abs,f_wknd_frac,f_T_days
2024-02-02,1707048000000,43200.0,43390.0,733.59386,662.898687,0.2929197230894161,2385.3343686940234,0.8181818181818182,1.8333333333333333,False,False,-4.123977636087261,44.961717938099994,7.15600310608207,15.333319621468245,-71.57501830173757,-0.0017288887001385676,-0.030006283077590113,0.2929197230894161,0.3435465987988896,0.8526346181668641,1.8975153820863344,0.8181818181818182,1.8333333333333333
2024-02-09,1707652800000,47200.0,47230.0,881.906929,726.0103799999999,0.330313727339539,2667.8073163071685,0.8181818181818182,1.8333333333333333,False,False,52.28553153380574,50.15224199999999,8.003421948921506,16.27997310626182,-22.150105521377576,0.019598691110188724,-0.008302738127294061,0.330313727339539,0.3856651205888291,0.8564780938323376,4.194932547955488,0.8181818181818182,1.8333333333333333
2024-02-16,1708257600000,52000.0,51934.5,1068.847704,805.0698970000001,0.36342303850825397,2933.855965831779,0.8181818181818182,1.8333333333333333,False,False,235.01054419190086,55.22683199999999,8.801567897495337,9.293007588713198,161.6891367056923,0.08010295901669219,0.05511147738292317,0.36342303850825397,0.4969756256641406,0.73126934147442,0.05683460167613674,0.8181818181818182,1.8333333333333333
2024-02-23,1708862400000,50800.0,50844.5,1014.7376939999999,780.244151,0.3530019313337151,2870.8509104527056,0.8181818181818182,1.8333333333333333,False,False,173.42457702721492,53.8808768177,8.612552731358116,13.026739705920704,97.9044077722361,0.06040877162787514,0.034102923079623634,0.3530019313337151,0.36781130124587263,0.9597365011298067,0.8734220402592974,0.8181818181818182,1.8333333333333333
2024-03-01,1709467200000,61600.0,61425.0,1579.915064,1252.524153,0.4525950747896103,3462.866899710676,0.8181818181818182,1.8333333333333333,False,False,283.655400873869,65.57673,10.388600699132029,17.2696762130333,190.42039396170364,0.08191345757400277,0.05498923275902211,0.4525950747896103,0.7771703610866489,0.5823627578344425,0.36518712776647533,0.8181818181818182,1.8333333333333333
2024-03-08,1710072000000,66800.0,66881.0,2528.553488,1989.5469790000002,0.6690542640279296,3775.4573147345063,0.8181818181818182,1.8333333333333333,False,False,-91.09400138664114,71.457732,11.326371944203519,34.63565141177635,-208.513756742621,-0.024127938364215607,-0.05522874167557206,0.6690542640279296,0.9453319706390387,0.7077453051499495,0.02765342042915231,0.8181818181818182,1.8333333333333333
2024-03-15,1710676800000,68000.0,68061.0,2434.3875749999997,2571.806047,0.6329511322591171,3843.881118246384,0.8181818181818182,1.8333333333333333,False,False,54.23460664644608,72.81585299999999,11.531643354739153,18.0961585989944,-48.20904830728746,0.014109335064760909,-0.012541763604094211,0.6329511322591171,0.7616426180638792,0.8310342898984564,4.898241495671862,0.8181818181818182,1.8333333333333333
2024-03-22,1711281600000,63600.0,63522.0,1934.4997130000002,1270.083399,0.5381540282631949,3590.1746761161453,0.8181818181818182,1.8333333333333333,False,False,660.9044091838578,67.55913,10.770524028348436,4.268224377900352,578.306530777609,0.18408697871459134,0.16108033256009194,0.5381540282631949,0.8806254229164505,0.6111043518150309,3.0635057493190065,0.8181818181818182,1.8333333333333333
2024-03-29,1711886400000,69200.0,69345.5,1477.328421,1211.33888,0.376105652381416,3903.2156380944634,0.8181818181818182,1.8333333333333333,False,False,325.4761465754609,73.81572599999998,11.70964691428339,12.417622495991232,227.53315116518633,0.08338666800749887,0.058293769102715325,0.376105652381416,0.5451747252165686,0.6898809408891974,2.100009882399445,0.8181818181818182,1.8333333333333333
2024-04-05,1712491200000,68400.0,68377.5,1660.62414893,1144.8669093600001,0.4295488197667295,3865.2180624432026,0.8181818181818182,1.8333333333333333,False,False,420.9068855321084,72.39459299999999,11.595654187329608,17.572016441733457,319.3446219030453,0.10889602571764175,0.08262007905996065,0.4295488197667295,0.6124976003390861,0.7013069431274932,0.014626832924991007,0.8181818181818182,1.8333333333333333
2024-04-12,1713096000000,69600.0,69525.0,1417.6868090799999,2562.80191954,0.36021501615503015,3928.354511927789,0.8181818181818182,1.8333333333333333,False,False,-1131.3849974692066,72.96099299999999,11.785063535783367,35.22978341519951,-1251.3608374201895,-0.28800481067427747,-0.31854580171434177,0.36021501615503015,0.531710069858171,0.6774651009545753,0.8754045538145627,0.8181818181818182,1.8333333333333333
2024-04-19,1713700800000,64400.0,64547.0,2061.3452813100002,1665.68747043,0.5647128155121408,3637.907755264318,0.8181818181818182,1.8333333333333333,False,False,389.9169737913178,68.29739699999999,10.913723265792955,11.381943416820686,299.3239101087042,0.10718165495732526,0.08227913686804197,0.5647128155121408,0.8001169099705933,0.7057878773401949,1.9224847819736546,0.8181818181818182,1.8333333333333333
2024-04-26,1714305600000,63600.0,63665.5,1182.78977621,986.55893869,0.32850506224973963,3593.1658218909297,0.8181818181818182,1.8333333333333333,False,False,179.02151429841695,67.65630299999998,10.779497465672788,10.390637007967147,90.19507682477703,0.04982278112736962,0.02510184091011731,0.32850506224973963,0.4540828529997773,0.7234474063038464,1.335100035643999,0.8181818181818182,1.8333333333333333
2024-05-03,1714910400000,61600.0,61787.5,1288.73286959,1530.95953497,0.36703378780748175,3463.1697732931702,0.8181818181818182,1.8333333333333333,False,False,-30.15524562048472,65.993742,10.389509319879512,22.63021856928886,-129.16871550965308,-0.008707411878283325,-0.03729782943526473,0.36703378780748175,0.6533750142296757,0.5617505717450978,4.5854244776018405,0.8181818181818182,1.8333333333333333
2024-05-10,1715515200000,60800.0,60743.5,1417.40645202,962.42831197,0.41239938576017504,3433.0651240779207,0.8181818181818182,1.8333333333333333,False,False,455.08633522041043,64.55703299999999,10.299195372233763,2.8284085836433013,377.40169826453337,0.1325597734888997,0.109931412491308,0.41239938576017504,0.46420418637344296,0.8884008327930244,3.471427663361304,0.8181818181818182,1.8333333333333333
2024-05-17,1716120000000,67200.0,67140.5,1428.7130745499999,1039.42593748,0.37607507621845626,3794.557386722441,0.8181818181818182,1.8333333333333333,False,False,394.285629880515,71.231349,11.383672160167324,4.7419198965091,306.9286888238385,0.1039082005348403,0.08088655870584921,0.37607507621845626,0.48560716252367936,0.7744430174052838,2.802786709539129,0.8181818181818182,1.8333333333333333
2024-05-24,1716724800000,68400.0,68302.5,1191.01920731,1055.8836518399999,0.3075985948729866,3855.2271529954637,0.8181818181818182,1.8333333333333333,False,False,-77.51596298354275,72.15907785315,11.565681458986392,28.785683019789573,-190.0264053154687,-0.020106717427354134,-0.04929058594324865,0.3075985948729866,0.483229251679842,0.6365479610426864,0.6594945103529648,0.8181818181818182,1.8333333333333333
2024-05-31,1717329600000,67200.0,67245.5,1227.30113863,1069.56666218,0.32284088300745073,3798.072112907725,0.8181818181818182,1.8333333333333333,False,False,130.8573452169826,71.56464,11.394216338723176,15.378607115870828,32.51988176238859,0.03445362313481745,0.008562207561007062,0.32284088300745073,0.4217521477814892,0.7654753738793415,1.6404113095499273,0.8181818181818182,1.8333333333333333
2024-06-07,1717934400000,71200.0,71005.5,1288.47916682,1953.37035908,0.31820278942888824,3988.17992776315,0.8181818181818182,1.8333333333333333,False,False,-612.6898847072207,74.81347499999998,11.96453978328945,33.62541836227653,-733.0933178527865,-0.15362644008161888,-0.1838165105715169,0.31820278942888824,0.3897526505946455,0.8164223872330473,0.3115066751430362,0.8181818181818182,1.8333333333333333
2024-06-14,1718539200000,66400.0,66377.0,1124.7767264899999,1055.60004342,0.2996802630674438,3752.115506692785,0.8181818181818182,1.8333333333333333,False,False,-102.31128643885131,69.829668804037,11.256346520078354,24.867631926216173,-208.26493368918284,-0.027267627090998385,-0.05550600276502499,0.2996802630674438,0.4410513788532278,0.679467920147169,0.7728645319460603,0.8181818181818182,1.8333333333333333
2024-06-21,1719144000000,63600.0,63702.0,1111.06009212,1074.5656305799998,0.3079666520468254,3588.1136705145186,0.8181818181818182,1.8333333333333333,False,False,2.3602975413725744,65.074159527541,10.764341011543555,19.868668106863122,-93.3468711045751,0.0006578101359409048,-0.026015583584114713,0.3079666520468254,0.44028542847800906,0.6994704619487706,1.9403502020396424,0.8181818181818182,1.8333333333333333
2024-06-28,1719748800000,60800.0,60940.5,1053.83150863,976.56101544,0.304508425593333,3420.237634677699,0.8181818181818182,1.8333333333333333,False,False,-54.7535425926352,59.330596600389995,10.260712904033097,22.620138847346006,-146.9649909444043,-0.016008695430250366,-0.042969233907705746,0.304508425593333,0.464096789928935,0.6561312902852894,1.2117429645960298,0.8181818181818182,1.8333333333333333
2024-07-05,1720353600000,56400.0,56575.5,1290.82800369,886.65351415,0.401853569972237,3173.423813248247,0.8181818181818182,1.8333333333333333,False,False,395.16788536985166,60.05857799999998,9.520271439744741,5.857999661513874,319.731036268593,0.1245241444650806,0.10075270593665941,0.401853569972237,0.5924020433160118,0.6783460227835029,0.39436966874708546,0.8181818181818182,1.8333333333333333
2024-07-12,1720958400000,58000.0,58158.0,1032.72122821,893.50652797,0.3121952096938862,3257.8736330396678,0.8181818181818182,1.8333333333333333,False,False,9.01973189055957,57.81852768485399,9.773620899119004,21.74611676773889,-80.31853346115231,0.0027685947665637236,-0.02465366754763086,0.3121952096938862,0.6139471819744541,0.508504996618547,1.519528692995853,0.8181818181818182,1.8333333333333333
2024-07-19,1721563200000,66000.0,66035.0,1318.03547913,1151.08184212,0.3531141902440753,3730.6801162434326,0.8181818181818182,1.8333333333333333,False,False,66.33250211622794,70.35041999999999,11.192040348730298,22.148319238166664,-37.35827747066901,0.017780270634143978,-0.010013798102927816,0.3531141902440753,0.5253262564957868,0.6721807369757985,3.3160970343656837,0.8181818181818182,1.8333333333333333
2024-07-26,1722168000000,67600.0,67597.0,2909.3168000200003,2284.63171641,0.7614489684944767,3819.8348751797757,0.8181818181818182,1.8333333333333333,False,False,631.4660564880414,71.88359399999999,11.459504625539328,3.3501856289444443,544.7727722335576,0.16531239624810282,0.14261683817102658,0.7614489684944767,0.44488805633463224,1.711551833438604,2.6935464268351916,0.8181818181818182,1.8333333333333333
2024-08-09,1723377600000,60000.0,59890.0,1683.74273017,1342.82191607,0.4962356544356455,3383.4355668662574,0.8181818181818182,1.8333333333333333,False,False,344.8333697611397,63.894521999999995,10.150306700598772,12.762256805975586,258.0262842545653,0.10191811339280943,0.07626162199788826,0.4962356544356455,1.2659889370463078,0.39197471629840475,2.7751848635135024,0.8181818181818182,1.8333333333333333
2024-08-16,1723982400000,58000.0,58081.0,1307.07761776,1192.28287901,0.39791212254227903,3276.5824042277027,0.8181818181818182,1.8333333333333333,False,False,-311.865773773922,61.97495699999999,9.829747212683108,32.90897099040299,-416.57944897700816,-0.09518020159405373,-0.1271384014146889,0.39791212254227903,0.6434252032130691,0.6184279393396891,1.0262475865787657,0.8181818181818182,1.8333333333333333
2024-08-23,1724587200000,61600.0,61473.0,1374.7173769800002,2553.96889654,0.39412985339271267,3468.577848447945,0.8181818181818182,1.8333333333333333,False,False,-950.2683252288707,66.21251399999998,10.405733545343836,36.879246372122324,-1063.7658191463368,-0.2739648255708256,-0.3066864477677302,0.39412985339271267,0.5045395150766381,0.7811674638265855,1.7916576973389997,0.8181818181818182,1.8333333333333333
2024-08-30,1725192000000,58000.0,58164.5,1397.6938709,1298.16004512,0.42382892298694985,3268.2810450773127,0.8181818181818182,1.8333333333333333,False,False,262.2811755940172,62.103989999999996,9.804843135231938,18.11390458393481,172.25843787485044,0.08025049620168538,0.05270612762458303,0.42382892298694985,0.5858834573034294,0.7234014166190198,1.942950587521286,0.8181818181818182,1.8333333333333333
2024-09-06,1725796800000,54000.0,54095.0,1552.97393029,905.53203121,0.507724546381337,3051.0684227569936,0.8181818181818182,1.8333333333333333,False,False,567.5240432798573,57.402692999999985,9.15320526827098,13.02228347865475,487.9458615329316,0.18600829763333646,0.15992622711883203,0.507724546381337,0.5868398936332716,0.8651841019837424,3.7506894649751765,0.8181818181818182,1.8333333333333333
2024-09-13,1726401600000,59600.0,59672.5,1191.37092369,1118.36363691,0.35299581242753725,3366.8873313628287,0.8181818181818182,1.8333333333333333,False,False,110.14672182618142,63.67734299999999,10.100661994088487,18.78307249027154,17.585644341821403,0.03271470381564472,0.005223116371614132,0.35299581242753725,0.5037411737920345,0.7007483818927788,2.639409680415561,0.8181818181818182,1.8333333333333333
2024-09-20,1727006400000,63200.0,63122.0,1292.3623377600002,806.60452959,0.361556662378821,3565.918885626561,0.8181818181818182,1.8333333333333333,False,False,443.1529183476572,67.03149299999998,10.697756656879683,11.984989687470371,353.4386790033072,0.12427453695985897,0.09911573716046689,0.361556662378821,0.49684609540631886,0.7277035398318695,0.30669484657313006,0.8181818181818182,1.8333333333333333
2024-09-27,1727611200000,66000.0,66078.0,1157.7603579699999,879.32063251,0.30969307551553754,3727.4098566492553,0.8181818181818182,1.8333333333333333,False,False,237.26054826833297,70.01275021517199,11.182229569947767,13.124022791496117,142.9415456917171,0.06365292720495666,0.0383487599134628,0.30969307551553754,0.40178884916960245,0.7707856406557725,1.471909335913213,0.8181818181818182,1.8333333333333333
2024-10-04,1728216000000,61600.0,61784.5,1276.8227212,902.55062067,0.363672754600323,3463.0785158763438,0.8181818181818182,1.8333333333333333,False,False,363.4351027380426,64.101482024534,10.389235547629031,16.929846246219366,272.0145389196602,0.10494567220231624,0.07854703197534232,0.363672754600323,0.5051212993924669,0.7199711337410031,1.6426479781528558,0.8181818181818182,1.8333333333333333
2024-10-11,1728820800000,62400.0,62240.5,1031.69742532,801.50669313,0.2906168803890101,3495.3986482068767,0.8181818181818182,1.8333333333333333,False,False,-15.234896029698348,63.11879937834499,10.486195944620631,31.130925124104238,-119.9708164767682,-0.004358557510318252,-0.034322498962546855,0.2906168803890101,0.4131331817889566,0.7034459907833494,3.2454714352066816,0.8181818181818182,1.8333333333333333
2024-10-18,1729425600000,68800.0,68704.5,1291.9552862599999,961.94954828,0.3318538080570942,3879.3695133969804,0.8181818181818182,1.8333333333333333,False,False,346.1700406871439,72.87992699999998,11.638108540190942,6.986253808588458,254.66575133836454,0.08923358280042243,0.06564617019825106,0.3318538080570942,0.46591443547679295,0.7122634174609593,1.9248742712181244,0.8181818181818182,1.8333333333333333
2024-10-25,1730030400000,67600.0,67563.5,982.42109185,1205.72851343,0.25704744361344223,3818.308192604597,0.8181818181818182,1.8333333333333333,False,False,-154.6162376106579,64.171277093405,11.454924577813792,23.952630713429834,-254.1950699953065,-0.04049338864529658,-0.06657269585719623,0.25704744361344223,0.38205748965237024,0.6727978133535002,0.9978826132508889,0.8181818181818182,1.8333333333333333
2024-11-01,1730635200000,69600.0,69703.5,1425.1377448399999,659.60455133,0.3613329243685155,3929.3659379847054,0.8181818181818182,1.8333333333333333,False,False,698.8172995518175,73.990602,11.788097813954117,16.68821666204384,596.3503830758197,0.1778448000468562,0.1517675860400205,0.3613329243685155,0.4615948857702447,0.7827923044805271,0.9984873555708651,0.8181818181818182,1.8333333333333333
2024-11-08,1731240000000,76400.0,76468.0,1382.3879476,648.54483466,0.31970700326581847,4317.072495159178,0.8181818181818182,1.8333333333333333,False,False,592.9001556647,80.873341084704,12.951217485477535,24.98844669230829,474.0871504022103,0.1373384756289201,0.10981681473586878,0.31970700326581847,0.5427517093426582,0.5890483581397185,0.7337540013963695,0.8181818181818182,1.8333333333333333
2024-11-15,1731844800000,88400.0,88557.0,2307.3571364199997,2803.3245821,0.4606691160882043,4993.467173122857,0.8181818181818182,1.8333333333333333,False,False,-60.84412882941433,94.98351,14.980401519368572,38.27878286484834,-209.08682321363125,-0.012184745933027354,-0.04187207324382404,0.4606691160882043,0.8620308969503911,0.53439977350918,0.9593515399216823,0.8181818181818182,1.8333333333333333
2024-11-22,1732449600000,98400.0,98377.0,2823.5723836899997,1749.7777367999997,0.5076964836963357,5560.6938573557145,0.8181818181818182,1.8333333333333333,False,False,1020.8462733514616,104.62646999999998,16.682081572067144,14.978346116262816,884.5593756631317,0.18358253475887382,0.1590735613853354,0.5076964836963357,0.5583938580026582,0.9092085745934527,0.027452974072184055,0.8181818181818182,1.8333333333333333
2024-11-29,1733054400000,98400.0,98340.0,2056.37548014,1355.09890666,0.3697155782859636,5558.637370539224,0.8181818181818182,1.8333333333333333,False,False,687.1238370448141,104.094585,16.675912111617674,19.72332746821239,546.630012464984,0.12361371883810413,0.0983388510576572,0.3697155782859636,0.5304415154595392,0.6969959317110891,2.7833230556978172,0.8181818181818182,1.8333333333333333
2024-12-06,1733659200000,99200.0,99390.5,2260.2306591300003,1687.4412367200002,0.4017801007222412,5599.684111237012,0.8181818181818182,1.8333333333333333,False,False,-294.61383011558246,105.73484399999998,16.799052333711035,59.86069308687942,-477.0084195361728,-0.052612580328303564,-0.08518488008617295,0.4017801007222412,0.7207163814023847,0.5574732461893668,2.8668864267934913,0.8181818181818182,1.8333333333333333
2024-12-13,1734264000000,100000.0,100107.5,2046.86077995,1774.9334830700002,0.3615908073854507,5650.337327144807,0.8181818181818182,1.8333333333333333,False,False,334.032461435658,106.75843499999999,16.951011981434423,26.90363783661809,183.41937661760548,0.05911726010249536,0.032461668392157715,0.3615908073854507,0.5865613772865662,0.6164586032891738,0.06747301079568224,0.8181818181818182,1.8333333333333333
2024-12-20,1734868800000,97200.0,97277.5,2789.5281111599998,1555.8343535200001,0.5073903071830029,5494.470992689414,0.8181818181818182,1.8333333333333333,False,False,1183.1986937694273,103.43703,16.48341297806824,17.0251700560259,1046.2530807353332,0.21534351447913996,0.19041925639928023,0.5073903071830029,0.696252909352023,0.7287442542325783,0.2956972715905115,0.8181818181818182,1.8333333333333333
2024-12-27,1735473600000,94400.0,94330.0,2237.10472253,1190.36894187,0.41926509388721,5331.937873300949,0.8181818181818182,1.8333333333333333,False,False,1036.9559340671615,100.19315099999997,15.995813619902847,6.521154523156258,914.2458149241024,0.19448012311988783,0.17146595415188176,0.41926509388721,0.5202535735066447,0.8058860433408539,1.5642446441056501,0.8181818181818182,1.8333333333333333
2025-01-03,1736078400000,97600.0,97593.0,1666.30608626,1008.1684456800001,0.3020373959506025,5516.61418649828,0.8181818181818182,1.8333333333333333,False,False,612.8883443741868,103.515746465538,16.54984255949484,20.339542155003333,472.4832131941506,0.11109864196669934,0.0856473186670434,0.3020373959506025,0.43332262953716905,0.6970265925719319,0.6720547959336409,0.8181818181818182,1.8333333333333333
2025-01-10,1736683200000,93600.0,93474.0,2199.02041138,1539.71033735,0.41546560023314477,5281.108312419212,0.8181818181818182,1.8333333333333333,False,False,364.7329232842462,99.69082499999999,15.843324937257636,36.13790670059336,213.0608666463952,0.06906370816643344,0.04034396835705015,0.41546560023314477,0.5550040546482596,0.7485811981976438,1.0027445810731894,0.8181818181818182,1.8333333333333333
2025-01-17,1737288000000,104000.0,103958.5,2313.5372377,1413.09014002,0.39358064404958315,5876.590277869033,0.8181818181818182,1.8333333333333333,False,False,342.44502223042355,110.48092199999999,17.6297708336071,48.10756821981115,166.2267611770053,0.058272740830691505,0.028286260112944675,0.39358064404958315,0.538845407027144,0.7304147700191064,3.960059400891014,0.8181818181818182,1.8333333333333333
2025-01-24,1737892800000,105600.0,105720.0,2317.32275967,1325.6073249400001,0.3876594403600572,5966.989889324553,0.8181818181818182,1.8333333333333333,False,False,951.2039783690211,111.91355999999999,17.90096966797366,21.672120387872024,799.7173283131755,0.15941102566149895,0.13402357690331218,0.3876594403600572,0.9248156794520187,0.41917481393671563,1.833523572842477,0.8181818181818182,1.8333333333333333
2025-02-07,1739102400000,98000.0,97864.0,1906.19182246,1762.7781477800002,0.3437457828148896,5524.644936460489,0.8181818181818182,1.8333333333333333,False,False,264.45816104387654,101.18817792077598,16.573934809381466,31.836225206466604,114.8598231072525,0.047868806789474645,0.02079044435040933,0.3437457828148896,0.6816357957362763,0.5042953802676822,1.1875035542389778,0.8181818181818182,1.8333333333333333
2025-02-14,1739707200000,96800.0,96809.5,1380.14017542,1065.35800194,0.25220880845188043,5471.896761271335,0.8181818181818182,1.8333333333333333,False,False,118.07013546096846,91.479389244846,16.415690283814005,37.420678176911466,-27.245622244603016,0.02157755173610698,-0.004979191573466894,0.25220880845188043,0.4237973679757307,0.5951165049857589,0.23814577627756517,0.8181818181818182,1.8333333333333333
2025-02-21,1740312000000,98000.0,98028.0,1585.25676282,1958.81224691,0.2860948758019707,5539.721139569354,0.8181818181818182,1.8333333333333333,False,False,-842.2194464919737,99.080923758675,16.619163418708062,53.089301603334505,-1011.0088352726913,-0.1520328235434331,-0.18250175591894233,0.2860948758019707,0.345624178774007,0.8277629094607971,0.3051012936294839,0.8181818181818182,1.8333333333333333
2025-02-28,1741003200000,83600.0,83797.0,3651.66685692,2540.63862347,0.6203395947626269,5874.04372406583,0.7058823529411765,2.8333333333333335,False,False,1081.2261401384435,89.15012099999998,17.62213117219749,13.198140761760081,961.2557472044859,0.18406845282895723,0.16364463602241194,0.6203395947626269,0.8405117776116762,0.7380498540131454,1.2107422427614867,0.7058823529411765,2.8333333333333335
2025-03-14,1742126400000,84800.0,84700.0,1941.4692294699998,1133.4870641,0.4049232407070682,4786.218518189291,0.8181818181818182,1.8333333333333333,False,False,863.3091971461233,89.70820199999999,14.358655554567873,13.46943444495632,745.7729051465991,0.18037396200471184,0.15581672719546827,0.4049232407070682,0.7239749731052622,0.5593055778852103,4.647355708346468,0.8181818181818182,1.8333333333333333
2025-03-21,1742731200000,83600.0,83455.0,1347.46538486,808.2227908799999,0.2842267401245684,4698.428108246213,0.8181818181818182,1.8333333333333333,False,False,534.2466460540151,81.859888921075,14.095284324738639,19.0302605019236,419.2612123062778,0.1137075280807976,0.08923435724608242,0.2842267401245684,0.434599496181064,0.6539969388417171,0.9982620868007608,0.8181818181818182,1.8333333333333333
2025-03-28,1743336000000,84000.0,84090.0,1540.28876226,883.67232725,0.3238630858225884,4745.431702509581,0.8181818181818182,1.8333333333333333,False,False,607.9821113171869,89.38199099999999,14.236295107528742,19.185886433838807,485.17793877581937,0.12811945244005107,0.10224105396338065,0.3238630858225884,0.3719895035121523,0.8706242589235001,3.451364012124547,0.8181818181818182,1.8333333333333333
2025-04-04,1743940800000,82800.0,82957.5,2231.25017846,1533.14915492,0.47552067992208225,4676.86418066706,0.8181818181818182,1.8333333333333333,False,False,690.8832663547337,88.378401,14.03059254200118,18.63382734811857,569.840445464614,0.1477236113057688,0.12184241907647995,0.47552067992208225,0.574593072501627,0.8275781638852526,0.3327946945076876,0.8181818181818182,1.8333333333333333
2025-04-11,1744545600000,82400.0,82445.5,1916.28744256,1372.9099310299998,0.41123040387570553,4657.876290598038,0.8181818181818182,1.8333333333333333,False,False,336.4671881251004,87.85961399999998,13.973628871794116,30.172629583544673,204.46131566976163,0.07223617956626761,0.04389582352851845,0.41123040387570553,0.8271908303314349,0.49714091210481104,3.6196592744342615,0.8181818181818182,1.8333333333333333
2025-04-18,1745150400000,84400.0,84389.0,987.7761516200001,553.84732329,0.2070453469462157,4770.3580821241285,0.8181818181818182,1.8333333333333333,False,False,422.51751786313014,63.669049513783,14.311074246372385,8.848375318021183,335.6890187849536,0.08857144696252928,0.07036977371633266,0.2070453469462157,0.40635367498648406,0.5095200552895267,0.5386229168139911,0.8181818181818182,1.8333333333333333
2025-04-25,1745755200000,94800.0,94982.0,1549.41712721,719.34335352,0.28757899218599103,5339.673211465479,0.8181818181818182,1.8333333333333333,False,False,768.5959635369876,89.33495681419001,16.019019634396436,20.68800501776056,642.5539820706406,0.14394063702000326,0.12033582517576782,0.28757899218599103,0.4687843289614357,0.6134569234067733,1.2228977614843206,0.8181818181818182,1.8333333333333333
2025-05-02,1746360000000,97600.0,97656.5,1309.50572405,921.36479748,0.23713759251673658,5514.717067408184,0.8181818181818182,1.8333333333333333,False,False,386.4941544755508,88.36359240326499,16.544151202224555,27.252697837468396,254.33371303259284,0.07008413119862845,0.0461190864234355,0.23713759251673658,0.3434847115271293,0.6903876200557091,1.1848144809507577,0.8181818181818182,1.8333333333333333
2025-05-09,1746964800000,102400.0,102589.0,1774.76056114,1052.9728313599999,0.305172587526897,5769.910082436734,0.8181818181818182,1.8333333333333333,False,False,719.8709875441232,98.46037453595099,17.309730247310203,22.00244020973772,582.0984425511242,0.12476294730057717,0.10088518438493478,0.305172587526897,0.38901677236187276,0.7844715426383162,0.5187929095070043,0.8181818181818182,1.8333333333333333
2025-05-16,1747569600000,104400.0,104442.5,1189.38106484,1134.51585297,0.20141299211378713,5899.926482384043,0.8181818181818182,1.8333333333333333,False,False,162.56007562162517,85.73282597789199,17.699779447152128,36.73017628897179,22.397293907609267,0.02755289851610793,0.0037961988127280808,0.20141299211378713,0.40124872456286265,0.5019654388514629,0.637399909424663,0.8181818181818182,1.8333333333333333
2025-05-23,1748174400000,108800.0,108872.5,1885.2420942899998,1861.6801985700001,0.30628887307155694,6149.031890658494,0.8181818181818182,1.8333333333333333,False,False,163.13461464455145,111.50093381491399,18.447095671975482,43.98041047564405,-10.793825317982076,0.026530129871725466,-0.001755369871211739,0.30628887307155694,0.4916054143673894,0.6230380384758321,2.3438025572832366,0.8181818181818182,1.8333333333333333
2025-05-30,1748779200000,105200.0,105357.5,1565.99181858,1389.6161838500002,0.26227404508395546,5930.456140851319,0.8181818181818182,1.8333333333333333,False,False,280.27210824692816,98.52174917686,17.79136842255396,41.83341078117848,122.12557986633573,0.047259789397362445,0.02059294883324178,0.26227404508395546,0.3477079891922029,0.7542939858623092,0.3278021645349294,0.8181818181818182,1.8333333333333333
2025-06-06,1749384000000,104800.0,104995.0,1474.74318522,859.84550595,0.24730800704399217,5895.4236949291335,0.8181818181818182,1.8333333333333333,False,False,526.3465636572132,96.418512945321,17.6862710847874,28.630736931957653,383.61104269514715,0.08928053196752303,0.06506929146163062,0.24730800704399217,0.3340424873856314,0.7403489567436083,3.541790963822744,0.8181818181818182,1.8333333333333333
2025-06-13,1749988800000,105600.0,105401.5,1743.1022843599999,1046.1599425,0.2910747689761482,5938.591083311219,0.8181818181818182,1.8333333333333333,False,False,539.2254190852454,107.99638640816298,17.81577324993366,34.45950464339655,378.9537547837523,0.09080022711120665,0.06381206408514939,0.2910747689761482,0.3804108402681168,0.7651589759403182,0.6599147172442033,0.8181818181818182,1.8333333333333333
2025-06-20,1750593600000,104000.0,104122.0,1398.15604116,973.09862248,0.237106258842962,5867.533091536855,0.8181818181818182,1.8333333333333333,False,False,445.559662000254,94.27806049990801,17.602599274610565,31.10299046473831,302.5760117609971,0.07593645490349517,0.051567840699087535,0.237106258842962,0.3461564018535143,0.6849685794437512,0.4303255173468967,0.8181818181818182,1.8333333333333333
2025-06-27,1751198400000,107200.0,107241.0,1182.9761652900002,700.58984783,0.19510517230417113,6058.477833946012,0.8181818181818182,1.8333333333333333,False,False,451.22748362843686,77.791276341856,18.175433501838036,19.37749312491239,335.8832806598304,0.07447868854123431,0.05544020954865204,0.19510517230417113,0.36093699596221307,0.5405518815937531,0.2734961219652554,0.8181818181818182,1.8333333333333333
2025-07-04,1751803200000,107600.0,107523.5,1260.6419705600001,780.35474088,0.20709031429247013,6072.867454002433,0.8181818181818182,1.8333333333333333,False,False,437.6860084238274,84.293164182472,18.2186023620073,23.879048141474094,311.29519373787406,0.0720723796030428,0.05126000132486167,0.20709031429247013,0.27336994291370614,0.7575460275010618,1.8865600277395034,0.8181818181818182,1.8333333333333333
2025-07-11,1752408000000,116800.0,116951.5,1704.81952111,1156.98649496,0.2573943532622519,6589.837151478965,0.8181818181818182,1.8333333333333333,False,False,486.6047790001089,112.013250221843,19.769511454436895,33.52692668928165,321.29509063454736,0.07384170015353105,0.04875615030372013,0.2573943532622519,0.36557486675319184,0.7040810971177208,0.8276468534332171,0.8181818181818182,1.8333333333333333
2025-07-18,1753012800000,118000.0,117922.5,1760.4067949999999,826.82278494,0.26384334038471896,6663.733074509343,0.8181818181818182,1.8333333333333333,False,False,782.4619582443424,106.852581651522,19.99119922352803,34.2558691934112,621.3623081758813,0.1174209635193042,0.0932453778127409,0.26384334038471896,0.42994736797437894,0.6136642762293679,1.2225461124792725,0.8181818181818182,1.8333333333333333
2025-07-25,1753617600000,115600.0,115772.0,1501.50068857,2158.42190415,0.22864390797392267,6511.823833436142,0.8181818181818182,1.8333333333333333,False,False,-252.65184871010797,103.58538443794099,19.53547150030843,49.77841634581601,-425.5511209941734,-0.038798937927777034,-0.06535052726842884,0.22864390797392267,0.3782253742218362,0.604517633023264,2.0491733928964195,0.8181818181818182,1.8333333333333333
2025-08-01,1754222400000,115600.0,115440.0,1461.33171304,2395.16384777,0.22292693795482948,6504.775346429538,0.8181818181818182,1.8333333333333333,False,False,-654.4763124438095,100.422082748552,19.514326039288616,57.45130500137193,-831.8640262330221,-0.10061474495088453,-0.12788512776073518,0.22292693795482948,0.3209337337985516,0.6946198372987475,0.24670448604672268,0.8181818181818182,1.8333333333333333
2025-08-08,1754827200000,116400.0,116228.0,1114.5842281,716.3019014399999,0.1682247093521056,6524.392881366766,0.8181818181818182,1.8333333333333333,False,False,372.75947957182257,75.615597150002,19.5731786441003,23.923313520496976,253.64739025722324,0.05713320554873373,0.03887678054790713,0.1682247093521056,0.27653239593023654,0.608336353454028,0.9788970581970924,0.8181818181818182,1.8333333333333333
2025-08-15,1755432000000,117200.0,117064.0,1545.8656102300001,897.4281340699999,0.2328785059527788,6603.126007664176,0.8181818181818182,1.8333333333333333,False,False,610.3991084821255,100.90803163958999,19.809378022992526,20.152330711160886,469.5293681083821,0.09244092991314144,0.07110713434264385,0.2328785059527788,0.429539591245589,0.5421584196173216,1.0393639549087674,0.8181818181818182,1.8333333333333333
2025-08-22,1756036800000,116400.0,116556.5,1752.44550403,1024.96866301,0.2654773131370127,6566.924883295553,0.8181818181818182,1.8333333333333333,False,False,755.5860416272067,113.74355431643899,19.700774649886657,13.0864822935694,609.0552303673117,0.11505933980594317,0.09274588048305232,0.2654773131370127,0.36502514537711916,0.7272850007709458,3.598871186365349,0.8181818181818182,1.8333333333333333
2025-08-29,1756641600000,108000.0,108173.5,1651.35706344,1216.48439519,0.2693016813407226,6086.474848188393,0.8181818181818182,1.8333333333333333,False,False,429.80984411288773,101.8841351792,18.259424544565178,13.581573634640836,296.0847107544817,0.07061720533369466,0.04864633768142651,0.2693016813407226,0.38963595683550817,0.6911622929462158,3.800884857377884,0.8181818181818182,1.8333333333333333
2025-09-05,1757246400000,110400.0,110590.0,1661.23242454,882.99604174,0.2648456050664387,6218.883210768268,0.8181818181818182,1.8333333333333333,False,False,466.73119151236847,102.678103230957,18.656649632304806,50.123405218960315,295.27303343014637,0.0750506442546152,0.0474800737403893,0.2648456050664387,0.34743777356544703,0.7622821270944785,0.15303427696946592,0.8181818181818182,1.8333333333333333
2025-09-12,1757851200000,115200.0,115118.5,1051.23493217,1056.54196735,0.1611768836646433,6497.0705047613765,0.8181818181818182,1.8333333333333333,False,False,-247.83025989282237,84.476639698621,19.49121151428413,57.07575127327823,-408.87386237900574,-0.038144923887034936,-0.06293203407279675,0.1611768836646433,0.2827472638812389,0.5700387033005622,0.41264582098784475,0.8181818181818182,1.8333333333333333
2025-09-19,1758456000000,116000.0,115878.5,1002.09317521,663.47887408,0.15218273929260467,6522.6975775067185,0.8181818181818182,1.8333333333333333,False,False,230.93588801895658,68.788125635677,19.568092732520157,44.022850300545116,98.55681935021428,0.03540496631567443,0.015109825065335519,0.15218273929260467,0.2687913160048554,0.5661743152812856,1.0055059352187645,0.8181818181818182,1.8333333333333333
2025-09-26,1759060800000,109200.0,109161.0,1245.34128728,792.85287518,0.20171808187082294,6169.657181815994,0.8181818181818182,1.8333333333333333,False,False,448.95911253835266,84.177418909598,18.50897154544798,16.723104306434696,329.5496177768719,0.0727688912540526,0.053414575245471156,0.20171808187082294,0.32545549033157195,0.619802362729582,0.03253135151728426,0.8181818181818182,1.8333333333333333
2025-10-03,1759665600000,122800.0,122730.5,1633.05473387,935.43334143,0.23517858330107408,6934.579836947758,0.8181818181818182,1.8333333333333333,False,False,762.7884374273709,105.81303531296899,20.803739510843275,23.92741875913285,612.2442438444259,0.10999778722904008,0.0882885853562981,0.23517858330107408,0.28870935367204,0.8145859505758366,2.0101901722189064,0.8181818181818182,1.8333333333333333
2025-10-10,1760270400000,118800.0,118781.5,1864.59507446,6092.953576080001,0.27767053936334946,6714.476668346429,0.8181818181818182,1.8333333333333333,False,False,-1672.9893349400882,114.92523336587399,20.143430005039285,67.83210310962588,-1875.8901014206274,-0.24916153820698203,-0.2793799418894402,0.27767053936334946,0.3703498230450756,0.749752050859098,2.354382200739036,0.8181818181818182,1.8333333333333333
2025-10-17,1760875200000,107200.0,107262.0,2195.41043204,1353.3452837099999,0.3620997499696897,6059.330841835692,0.8181818181818182,1.8333333333333333,False,False,823.632074793853,113.24222943144798,18.177992525507076,21.1251277874705,671.0867250494274,0.13592789307809627,0.11075261321200935,0.3620997499696897,0.513318794636751,0.7054091020102407,0.712751777251186,0.8181818181818182,1.8333333333333333
2025-10-24,1761480000000,110000.0,109916.0,1584.43248541,1344.94312747,0.25467948629604126,6209.721931326565,0.8181818181818182,1.8333333333333333,False,False,321.7630167053562,104.71495464743302,18.629165793979695,30.459235713422977,167.95966055052054,0.051816010485451626,0.02704785534811215,0.25467948629604126,0.4879150703852935,0.5219750357268688,0.13401354672529786,0.8181818181818182,1.8333333333333333
2025-10-31,1762084800000,110400.0,110249.5,1593.74948003,1066.97765014,0.2548294538733287,6218.418979358952,0.8181818181818182,1.8333333333333333,False,False,622.7556396602233,104.554763525239,18.655256938076857,26.61017743264946,472.9354417642581,0.10014694116420285,0.07605396859460446,0.2548294538733287,0.4775035474700167,0.5336702841759096,1.7202564930571596,0.8181818181818182,1.8333333333333333
2025-11-07,1762689600000,100800.0,100740.5,1812.69842748,2624.07544,0.31811743541600407,5694.037030580541,0.8181818181818182,1.8333333333333333,False,False,-1012.0462750722702,107.83158599999999,17.082111091741623,48.86108585491545,-1185.8210580189273,-0.1777379159350297,-0.20825664667270802,0.31811743541600407,0.5835691057376258,0.545123846153416,0.7257802260610791,0.8181818181818182,1.8333333333333333
2025-11-14,1763294400000,96400.0,96460.5,2296.41277654,2061.94348835,0.42120150823643826,5449.116153575906,0.8181818181818182,1.8333333333333333,False,False,357.1343597276018,101.90987399999997,16.347348460727716,27.006430447240675,211.87070681963343,0.06553986915717284,0.03888166463117074,0.42120150823643826,0.5406900458638761,0.7790073286137021,3.073769462266185,0.8181818181818182,1.8333333333333333
2025-11-21,1763899200000,82400.0,82441.5,2787.8142885,3011.75304411,0.598364445592561,4657.654532460363,0.8181818181818182,1.8333333333333333,False,False,300.06802147068584,88.55964899999998,13.972963597381089,32.42100696044914,165.1144019128556,0.06442470547771126,0.035450117814048235,0.598364445592561,0.7112686889397165,0.8412635828023568,4.896407724430707,0.8181818181818182,1.8333333333333333
2025-11-28,1764504000000,92000.0,92159.0,1350.19765716,1261.43329203,0.2582202303032867,5179.67107880538,0.8181818181818182,1.8333333333333333,False,False,-45.83622423002316,84.747695922672,15.539013236416139,37.33046315506969,-183.45339654418098,-0.00884925384887464,-0.0354179625989865,0.2582202303032867,0.48057844185529724,0.5373113061551711,1.0814605201101113,0.8181818181818182,1.8333333333333333
2025-12-05,1765108800000,90000.0,90124.5,1582.3706444200002,1008.1693009200001,0.31017460931379287,5079.020744953317,0.8181818181818182,1.8333333333333333,False,False,607.3782074620788,86.26812884258199,15.237062234859952,25.920891648725295,479.9521247359116,0.11958569140824829,0.09449698058682038,0.31017460931379287,0.5704876469211344,0.5437008338178305,2.2420722083923095,0.8181818181818182,1.8333333333333333
2025-12-12,1765713600000,89600.0,89680.0,1582.37186675,987.5190773899999,0.31202336647417545,5062.399889962485,0.8181818181818182,1.8333333333333333,False,False,661.5849186841003,89.41385194464898,15.187199669887455,18.480329610873124,538.5035374586907,0.13068602502063562,0.10637317263822108,0.31202336647417545,0.4935177884215235,0.632243403975684,2.9699756559372514,0.8181818181818182,1.8333333333333333
2025-12-19,1766318400000,88400.0,88277.5,1786.5348369100002,799.11244389,0.3572204356311749,4985.0423005593875,0.8181818181818182,1.8333333333333333,False,False,927.5353240564942,90.484984721855,14.955126901678163,18.572883222462135,803.522329210499,0.18606368173694585,0.16118666217141894,0.3572204356311749,0.5778169058655084,0.6182242713997725,3.337976728396508,0.8181818181818182,1.8333333333333333
2025-12-26,1766923200000,87200.0,87197.5,1352.16312238,571.47230154,0.2743213046277,4928.9559064745135,0.8181818181818182,1.8333333333333333,False,False,771.8946881978336,79.44614300789601,14.78686771942354,7.722877236848204,669.9388002336659,0.15660409686033067,0.13591900859848563,0.2743213046277,0.3984641896941283,0.6884465699120323,0.026369947432081098,0.8181818181818182,1.8333333333333333
2026-01-02,1767528000000,89200.0,89251.5,1361.94527035,995.37623345,0.2699040590678906,5041.119632906073,0.8181818181818182,1.8333333333333333,False,False,424.2126402354186,86.77996082476,15.12335889871822,21.542802721950185,300.7665177899902,0.08415048067226112,0.05966264236752624,0.2699040590678906,0.3118039027254959,0.8656211699361158,0.6484243288808145,0.8181818181818182,1.8333333333333333
2026-01-09,1768132800000,91600.0,91406.0,1244.51775478,1033.1508122,0.23868013150157713,5128.398478322686,0.8181818181818182,1.8333333333333333,False,False,125.62430613051038,81.968439848763,15.38519543496806,38.428524475134545,-10.157853628355227,0.024495816123008746,-0.001980706778401021,0.23868013150157713,0.3798298821872591,0.6283869245019168,0.37556004568215506,0.8181818181818182,1.8333333333333333
2026-01-16,1768737600000,94400.0,94552.0,1137.23138203,1250.08027012,0.21172422961895085,5309.533328276837,0.8181818181818182,1.8333333333333333,False,False,81.83475037008293,80.775541077839,15.92859998483051,34.393684765325816,-49.26307545791239,0.015412795308065556,-0.009278230761930314,0.21172422961895085,0.4100676504636367,0.5163153674267358,1.1360487669714647,0.8181818181818182,1.8333333333333333
2026-01-23,1769342400000,90000.0,89911.0,1056.5909372,646.8138674300001,0.20730919769102135,5072.826522058115,0.8181818181818182,1.8333333333333333,False,False,428.96051157454735,70.350618431219,15.218479566174345,15.082008255368704,328.30940532178533,0.08456045356751372,0.06471922583873137,0.20730919769102135,0.45154350245252217,0.4591123481237979,0.4990806409246096,0.8181818181818182,1.8333333333333333
2026-02-06,1770552000000,68800.0,68858.0,2250.84529207,2230.48552591,0.5784250644906388,3889.115650916496,0.8181818181818182,1.8333333333333333,False,False,-144.16530676463253,73.611468,11.667346952749488,25.1100048746493,-254.5541265920313,-0.03706891738502531,-0.06545295883192466,0.5784250644906388,1.088365696910229,0.531462050056093,10.585061107809924,0.8181818181818182,1.8333333333333333
2026-02-13,1771156800000,68800.0,68695.0,1319.0948665,699.64573004,0.3387549311215844,3878.033684938897,0.8181818181818182,1.8333333333333333,False,False,611.3327450925628,73.011438,11.634101054816691,5.520376287424924,521.1668297503212,0.1576398749363094,0.13438945406131325,0.3387549311215844,0.6412953206423249,0.5282354637833403,3.4158311504531413,0.8181818181818182,1.8333333333333333
2026-02-20,1771761600000,67600.0,67713.0,1231.68887016,786.09169268,0.32118663892671184,3813.6929602258215,0.8181818181818182,1.8333333333333333,False,False,456.8572118154516,72.00873299999999,11.441078880677464,11.034934002725382,362.3724659320487,0.11979391539386001,0.09501878355477035,0.32118663892671184,0.5216595558598903,0.6157016301508672,1.1608103262818137,0.8181818181818182,1.8333333333333333
2026-02-27,1772366400000,66000.0,66032.0,1205.04109442,644.51958775,0.32284841097497785,3730.67629284765,0.8181818181818182,1.8333333333333333,False,False,429.7967834690678,69.30241979346499,11.192028878542951,21.46963259111775,327.8327022059421,0.11520613147087094,0.08787487213362734,0.32284841097497785,0.6066110738231429,0.5322164808832753,1.9787723595338869,0.8181818181818182,1.8333333333333333
2026-03-06,1772971200000,68800.0,68748.5,1534.08359692,1078.45177421,0.39446919222911464,3885.8055190398636,0.8181818181818182,1.8333333333333333,False,False,481.3595122280585,72.781161,11.657416557119591,12.530247258248417,384.3906874126905,0.12387637772129079,0.09892175136641138,0.39446919222911464,0.6694061136081083,0.5892823268418034,2.9982997876498274,0.8181818181818182,1.8333333333333333
2026-03-13,1773576000000,71600.0,71689.0,1435.81951314,945.88680823,0.35409887868046497,4044.467827971116,0.8181818181818182,1.8333333333333333,False,False,537.9857367952397,74.965182992513,12.133403483913348,20.37949587691121,430.50765444190216,0.13301768234490252,0.10644358485547994,0.35409887868046497,0.5661989943432074,0.6253965164512889,1.7594163194912582,0.8181818181818182,1.8333333333333333
2026-03-20,1774180800000,70000.0,70027.0,1296.2858677200002,902.9688081,0.3274934915224732,3956.9029556009955,0.8181818181818182,1.8333333333333333,False,False,420.72524367389303,73.999012757685,11.870708866802987,12.237770208570284,322.6177518408347,0.10632690475220186,0.08153289465544494,0.3274934915224732,0.5093685607550795,0.6429401356004427,0.303659671990264,0.8181818181818182,1.8333333333333333
2026-03-27,1774785600000,66000.0,65929.5,1529.3991401600001,890.16314961,0.40988331263105426,3725.816081243028,0.8181818181818182,1.8333333333333333,False,False,649.1100978052513,70.19147399999999,11.177448243729083,9.451421423276345,558.2897541382459,0.17421957596701645,0.14984361599297896,0.40988331263105426,0.586883978700717,0.6984060351050669,4.116492146596862,0.8181818181818182,1.8333333333333333
2026-04-03,1775390400000,66800.0,66838.5,860.3739683399999,505.65848676,0.22763951933544824,3774.6433997151134,0.8181818181818182,1.8333333333333333,False,False,355.9285162824012,56.41714039563001,11.323930199145341,2.4381481695984935,285.74929751802733,0.09429460709037162,0.07570232926893013,0.22763951933544824,0.4851085520414212,0.4692548057079215,0.20008212325954844,0.8181818181818182,1.8333333333333333
2026-04-10,1775995200000,72400.0,72489.5,1111.35460637,863.58454609,0.27082435635490576,4086.506138823252,0.8181818181818182,1.8333333333333333,False,False,99.14042284706784,71.672623243081,12.259518416469756,29.016442606612443,-13.808161419095367,0.024260436538978566,-0.0033789650498534567,0.27082435635490576,0.4544368060552142,0.5959560333719988,0.9828095397303116,0.8181818181818182,1.8333333333333333
2026-04-17,1776600000000,78000.0,77842.0,1408.38030841,1074.21343459,0.318462702991571,4386.664076415931,0.8181818181818182,1.8333333333333333,False,False,439.03323113687793,79.87709084984499,13.159992229247793,18.719056249181975,327.2770918086032,0.10008362242672215,0.07460728382830738,0.318462702991571,0.4567733876022631,0.6972006505529464,3.7291704144929216,0.8181818181818182,1.8333333333333333
2026-04-24,1777204800000,78000.0,77937.5,1127.7079185,809.52097316,0.25561499085634243,4402.7845709851545,0.8181818181818182,1.8333333333333333,False,False,371.4783956096767,73.96703403405,13.208353712955464,16.98687304708603,267.3161348155852,0.08437351172204997,0.06071524293448937,0.25561499085634243,0.40564341541778776,0.6301470235701342,0.24702260960828282,0.8181818181818182,1.8333333333333333
2026-05-01,1777809600000,78400.0,78595.0,916.6671069500001,551.17987956,0.20350507131775114,4367.590193464182,0.8181818181818182,1.8333333333333333,False,False,332.12736230678274,60.622080542863,13.102770580392548,19.508919147599258,238.89359203592795,0.07604361847038442,0.054696888090237226,0.20350507131775114,0.3424264096801999,0.5943030840051424,2.8158419727245976,0.8181818181818182,1.8333333333333333
2026-05-08,1778414400000,80000.0,79962.0,923.39465401,572.05770438,0.20412347727778857,4518.238001449663,0.8181818181818182,1.8333333333333333,False,False,344.62936876071285,61.762182401507005,13.55471400434899,7.915601535134771,261.3968708197221,0.07627516935808595,0.05785371880273985,0.20412347727778857,0.3663181126035513,0.5572300966146921,0.041252578286143926,0.8181818181818182,1.8333333333333333
2026-05-15,1779019200000,79200.0,79173.5,1049.82396266,520.1592235,0.23448506503059502,4475.227095117985,0.8181818181818182,1.8333333333333333,False,False,531.0331604376861,64.840305588408,13.425681285353956,2.8178469884726827,449.94932657545144,0.11866060630017836,0.10054223327935695,0.23448506503059502,0.3339279387917146,0.7022025946048605,2.3724529116187276,0.8181818181818182,1.8333333333333333
2026-05-22,1779624000000,76800.0,76838.0,728.5373663,1282.08626024,0.16762663387305998,4338.586806332723,0.8181818181818182,1.8333333333333333,False,False,-371.0699628435448,56.83311622819,13.01576041899817,42.427235139583885,-483.3460746303169,-0.0855278410707193,-0.11140633948473991,0.16762663387305998,0.3064624478103439,0.5469728349125396,0.8644268978686087,0.8181818181818182,1.8333333333333333
2026-05-29,1780228800000,74000.0,73847.5,938.2355190200001,711.07268347,0.2226237485486462,4143.013620852918,0.8181818181818182,1.8333333333333333,False,False,296.880432909133,64.738744935526,12.429040862558756,18.058443934628073,201.65420317642014,0.07165808758504986,0.048673314072982886,0.2226237485486462,0.333869034773208,0.6667996290817176,0.2702023802249931,0.8181818181818182,1.8333333333333333
2026-06-05,1780833600000,60400.0,60224.5,1830.26357791,1566.73296813,0.5352698882919372,3398.198168414592,0.8181818181818182,1.8333333333333333,False,False,126.88842401155648,64.36250999999999,10.194594505243776,21.456062490191535,30.875257016121182,0.03733991301359434,0.009085772955532442,0.5352698882919372,0.7118159858139409,0.7519778973211337,5.482010436693219,0.8181818181818182,1.8333333333333333
2026-06-12,1781438400000,63600.0,63654.5,946.07003532,493.58246307,0.2627606679289586,3592.7505151926925,0.8181818181818182,1.8333333333333333,False,False,449.0356081904514,59.457648183507004,10.778251545578078,4.745932317320994,374.05377614404534,0.12498379898398482,0.10411348479731092,0.2627606679289586,0.5119085987569395,0.5132960621623013,0.14237618777923622,0.8181818181818182,1.8333333333333333
2026-06-19,1782043200000,63200.0,63156.5,859.6277828,573.08166957,0.24050565422038062,3568.2393870149617,0.8181818181818182,1.8333333333333333,False,False,216.3838970236077,57.97667142964,10.704718161044886,20.253129918659894,127.4493775142629,0.06064164243325202,0.035717720615398976,0.24050565422038062,0.4366819841713569,0.5507569877808484,0.30971307862741604,0.8181818181818182,1.8333333333333333
2026-06-26,1782648000000,60400.0,60378.5,1185.81640374,692.49541772,0.34734228207731593,3413.0828588409104,0.8181818181818182,1.8333333333333333,False,False,396.70314630684106,64.017714,10.239248576522732,16.910589020930416,305.53559470938785,0.11623015400263743,0.08951895027041575,0.34734228207731593,0.562444416960274,0.6175584139576392,0.9614821874973867,0.8181818181818182,1.8333333333333333
2026-07-03,1783252800000,62000.0,61939.0,800.76302005,745.1295982299999,0.22817125131839933,3496.425283105627,0.8181818181818182,1.8333333333333333,False,False,108.42612337399726,55.224301728065,10.489275849316881,20.748337786538013,21.96420801007736,0.03101056496127668,0.0062819040109926534,0.22817125131839933,0.4654568697071921,0.49020922488894936,0.7326573261666747,0.8181818181818182,1.8333333333333333
2026-07-10,1783857600000,64000.0,63985.0,740.8753689499999,476.00689365,0.20478449365244897,3616.8017701200683,0.8181818181818182,1.8333333333333333,False,False,233.96295315198785,50.25723744538,10.850405310360205,13.260295266861196,159.59501512938647,0.06468780099723875,0.04412600559086995,0.20478449365244897,0.42847380921745826,0.4779393494936282,1.2701301784513008,0.8181818181818182,1.8333333333333333
2026-07-17,1784462400000,63200.0,63397.0,825.79990875,838.02673898,0.2265054251086521,3509.4850739811627,0.8181818181818182,1.8333333333333333,False,False,13.698953266742933,56.45052371899,10.528455221943489,25.090572445894953,-78.3705981200855,0.0039034083285622383,-0.02233108175929121,0.2265054251086521,0.3556164026521001,0.636937507436187,0.6082934859292899,0.8181818181818182,1.8333333333333333
2026-07-24,1785067200000,64000.0,64111.0,756.48321919,429.99580679999997,0.2074805007195007,3595.7734308667673,0.8181818181818182,1.8333333333333333,False,False,323.8714216451582,49.001583773387,10.787320292600302,9.091028566180377,254.9914890129905,0.09007003023744142,0.0709142258030213,0.2074805007195007,0.3303614852164564,0.6280408280146738,1.3760374122189667,0.8181818181818182,1.8333333333333333
2026-07-31,1785672000000,62800.0,62782.0,814.8772383,455.65733685,0.22954416657302834,3548.7915047329034,0.8181818181818182,1.8333333333333333,False,False,353.6987234415309,52.473077953695,10.64637451419871,6.449855858895442,284.12941511474173,0.09966737210958007,0.08006371034641172,0.22954416657302834,0.346762441032818,0.6619637521564915,3.203077421195044,0.8181818181818182,1.8333333333333333
2026-08-07,1786276800000,64800.0,64954.0,624.47409852,375.24716587,0.16692266360043936,3593.863082138151,0.8181818181818182,1.8333333333333333,False,False,239.2314553192955,41.288488219307,10.781589246414454,8.888106997887576,178.27327085568646,0.06656665817579392,0.04960491448372698,0.16692266360043936,0.2745735201882759,0.6079343102203737,0.9629359053074271,0.8181818181818182,1.8333333333333333
2026-08-14,1786881600000,62800.0,62975.5,605.70016392,393.03508396,0.16571497238188562,3455.2547172139884,0.8181818181818182,1.8333333333333333,False,False,218.82296430056232,41.247765737444,10.365764151641965,9.146046662179039,158.0633877492973,0.0633304871013972,0.045745798988951425,0.16571497238188562,0.24099846617860254,0.6876183695670297,0.7650367942515834,0.8181818181818182,1.8333333333333333
2026-08-21,1787486400000,77200.0,77087.5,1592.00864426,1607.00995978,0.364495577518759,4353.259788942736,0.8181818181818182,1.8333333333333333,False,False,-30.362249042482745,82.24712099999999,13.05977936682821,22.364938594995905,-148.03408800430685,-0.006974600762307535,-0.03400534201526702,0.364495577518759,0.5495179330022062,0.6633006051820617,5.495986807442033,0.8181818181818182,1.8333333333333333
