currency,T_days,wknd_frac,moneyness,eff_time_frac,vol_weekday,vol_weekend,vol_cut_pct,vol_cut_points,elasticity,prem_weekday_pct_fwd,prem_weekend_pct_fwd,price_cut_pct,price_cut_firstorder_pct,price_gap_pct
BTC,1.0,0.0,at the money,1.0,0.6645399187535261,0.6645399187535261,0.0,0.0,0.99989917911105,1.3875952809930814,1.3875952809930814,0.0,0.0,0.0
BTC,1.0,0.0,1 sd out,1.0,0.6645399187535261,0.6645399187535261,0.0,0.0,2.904110808765534,0.2948572200382499,0.2948572200382499,0.0,0.0,0.0
BTC,1.0,0.0,2 sd out,1.0,0.6645399187535261,0.6645399187535261,0.0,0.0,6.3586282342766065,0.030575457043077736,0.030575457043077736,0.0,0.0,0.0
BTC,1.0,0.2857142857142857,at the money,0.8957218739297127,0.6645399187535261,0.6289377519819107,-5.357415825131195,-3.560216677161543,0.99989917911105,1.3875952809930814,1.3132629352548053,-5.356918314472614,-5.356875685705231,0.823362169052122
BTC,1.0,0.2857142857142857,1 sd out,0.8957218739297127,0.6645399187535261,0.6289377519819107,-5.357415825131195,-3.560216677161543,2.904110808765534,0.2948572200382499,0.25025536117294356,-15.126595461871483,-15.558529204815025,2.5471409446461424
BTC,1.0,0.2857142857142857,2 sd out,0.8957218739297127,0.6645399187535261,0.6289377519819107,-5.357415825131195,-3.560216677161543,6.3586282342766065,0.030575457043077736,0.021253532526373242,-30.48825894432532,-34.06581552843952,5.820465196296931
BTC,1.0,0.5,at the money,0.8175132793769972,0.6645399187535261,0.600853343218124,-9.583559051630598,-6.3686575535402135,0.99989917911105,1.3875952809930814,1.2546258094306484,-9.582727282501901,-9.582592828687707,1.5969092236248983
BTC,1.0,0.5,1 sd out,0.8175132793769972,0.6645399187535261,0.600853343218124,-9.583559051630598,-6.3686575535402135,2.904110808765534,0.2948572200382499,0.21698794706851432,-26.40914574166917,-27.831717428283188,5.227657848411882
BTC,1.0,0.5,2 sd out,0.8175132793769972,0.6645399187535261,0.600853343218124,-9.583559051630598,-6.3686575535402135,6.3586282342766065,0.030575457043077736,0.015377696188285592,-49.70575201338784,-60.93828917055545,12.436670934603388
BTC,1.0,0.6666666666666666,at the money,0.756684372502663,0.6645399187535261,0.578067371104973,-13.0123932676233,-8.647254764855317,0.99989917911105,1.3875952809930814,1.207050731309639,-13.01132629639885,-13.01108134656669,2.325088283574317
BTC,1.0,0.6666666666666666,1 sd out,0.756684372502663,0.6645399187535261,0.578067371104973,-13.0123932676233,-8.647254764855317,2.904110808765534,0.2948572200382499,0.19134977201628045,-35.10426097368147,-37.78943193641269,8.012233749711918
BTC,1.0,0.6666666666666666,2 sd out,0.756684372502663,0.6645399187535261,0.578067371104973,-13.0123932676233,-8.647254764855317,6.3586282342766065,0.030575457043077736,0.0114977332153203,-62.39554751668584,-82.74097122702035,19.809216779549722
BTC,1.0,1.0,at the money,0.6350265587539944,0.6645399187535261,0.5295622498780009,-20.311446320441075,-13.49776688755252,0.99989917911105,1.3875952809930814,1.1057749548828655,-20.309980148427808,-20.309398502367184,4.274519822054135
BTC,1.0,1.0,1 sd out,0.6350265587539944,0.6645399187535261,0.5295622498780009,-20.311446320441075,-13.49776688755252,2.904110808765534,0.2948572200382499,0.14122059352974642,-52.1054313978044,-58.98669080085385,16.785663909161343
BTC,1.0,1.0,2 sd out,0.6350265587539944,0.6645399187535261,0.5295622498780009,-20.311446320441075,-13.49776688755252,6.3586282342766065,0.030575457043077736,0.005579613772406945,-81.75133158419895,-129.1529360521503,46.24343658670638
BTC,3.0,0.0,at the money,1.0,0.6645399187535261,0.6645399187535261,0.0,0.0,0.9996975617293472,2.4031432375434756,2.4031432375434756,0.0,0.0,0.0
BTC,3.0,0.0,1 sd out,1.0,0.6645399187535261,0.6645399187535261,0.0,0.0,2.9037899760617547,0.5171521239304616,0.5171521239304616,0.0,0.0,0.0
BTC,3.0,0.0,2 sd out,1.0,0.6645399187535261,0.6645399187535261,0.0,0.0,6.358217176242227,0.05431113748460836,0.05431113748460836,0.0,0.0,0.0
BTC,3.0,0.2857142857142857,at the money,0.8957218739297127,0.6645399187535261,0.6289377519819107,-5.357415825131195,-3.560216677161543,0.9996975617293472,2.4031432375434756,2.2744327265623143,-5.355923399419627,-5.355795537553875,0.8232140669567789
BTC,3.0,0.2857142857142857,1 sd out,0.8957218739297127,0.6645399187535261,0.6289377519819107,-5.357415825131195,-3.560216677161543,2.9037899760617547,0.5171521239304616,0.4389320234836902,-15.125162757194676,-15.55681037061058,2.5468964272469474
BTC,3.0,0.2857142857142857,2 sd out,0.8957218739297127,0.6645399187535261,0.6289377519819107,-5.357415825131195,-3.560216677161543,6.358217176242227,0.05431113748460836,0.037753434272996475,-30.48675461143545,-34.06361331962109,5.820141510978427
BTC,3.0,0.5,at the money,0.8175132793769972,0.6645399187535261,0.600853343218124,-9.583559051630598,-6.3686575535402135,0.9996975617293472,2.4031432375434756,2.1728965482450127,-9.581063904198428,-9.580660616604323,1.596648053080263
BTC,3.0,0.5,1 sd out,0.8175132793769972,0.6645399187535261,0.600853343218124,-9.583559051630598,-6.3686575535402135,2.9037899760617547,0.5171521239304616,0.3805879916692678,-26.406955698698198,-27.82864270912082,5.227211252049346
BTC,3.0,0.5,2 sd out,0.8175132793769972,0.6645399187535261,0.600853343218124,-9.583559051630598,-6.3686575535402135,6.358217176242227,0.05431113748460836,0.027316420720233624,-49.703832426682226,-60.934349771609334,12.436058472605538
BTC,3.0,0.6666666666666666,at the money,0.756684372502663,0.6645399187535261,0.578067371104973,-13.0123932676233,-8.647254764855317,0.9996975617293472,2.4031432375434756,2.09051370672419,-13.009192541467485,-13.008457821906388,2.3247375567871487
BTC,3.0,0.6666666666666666,1 sd out,0.756684372502663,0.6645399187535261,0.578067371104973,-13.0123932676233,-8.647254764855317,2.9037899760617547,0.5171521239304616,0.3356230915100872,-35.10167009287649,-37.78525713509801,8.011613507893056
BTC,3.0,0.6666666666666666,2 sd out,0.756684372502663,0.6645399187535261,0.578067371104973,-13.0123932676233,-8.647254764855317,6.358217176242227,0.05431113748460836,0.02042445183078872,-62.39362168288787,-82.73562237822118,19.808333750390304
BTC,3.0,1.0,at the money,0.6350265587539944,0.6645399187535261,0.5295622498780009,-20.311446320441075,-13.49776688755252,0.9996975617293472,2.4031432375434756,1.915135786461769,-20.30704801352392,-20.305303361741462,4.273983698343886
BTC,3.0,1.0,1 sd out,0.6350265587539944,0.6645399187535261,0.5295622498780009,-20.311446320441075,-13.49776688755252,2.9037899760617547,0.5171521239304616,0.24770281322564758,-52.10252423541149,-58.9801742246132,16.784622914284377
BTC,3.0,1.0,2 sd out,0.6350265587539944,0.6645399187535261,0.5295622498780009,-20.311446320441075,-13.49776688755252,6.358217176242227,0.05431113748460836,0.009911831175844071,-81.74991054338889,-129.1445868689504,46.241765794911856
BTC,7.0,0.0,at the money,1.0,0.6645399187535261,0.6645399187535261,0.0,0.0,0.9992944245409248,3.6701219254965114,3.6701219254965114,0.0,0.0,0.0
BTC,7.0,0.0,1 sd out,1.0,0.6645399187535261,0.6645399187535261,0.0,0.0,2.9031483763536765,0.8023082878139742,0.8023082878139742,0.0,0.0,0.0
BTC,7.0,0.0,2 sd out,1.0,0.6645399187535261,0.6645399187535261,0.0,0.0,6.357395097117632,0.08559992440755684,0.08559992440755684,0.0,0.0,0.0
BTC,7.0,0.2857142857142857,at the money,0.8957218739297127,0.6645399187535261,0.6289377519819107,-5.357415825131195,-3.560216677161543,0.9992944245409248,3.6701219254965114,3.4736260200934623,-5.353933994344507,-5.353635764000921,0.8229179270978992
BTC,7.0,0.2857142857142857,1 sd out,0.8957218739297127,0.6645399187535261,0.6289377519819107,-5.357415825131195,-3.560216677161543,2.9031483763536765,0.8023082878139742,0.6809808412861024,-15.122297547050046,-15.553373054181122,2.546407436440856
BTC,7.0,0.2857142857142857,2 sd out,0.8957218739297127,0.6645399187535261,0.6289377519819107,-5.357415825131195,-3.560216677161543,6.357395097117632,0.08559992440755684,0.059505860899974894,-30.483745970783048,-34.059209099909474,5.81949416679437
BTC,7.0,0.5,at the money,0.8175132793769972,0.6645399187535261,0.600853343218124,-9.583559051630598,-6.3686575535402135,0.9992944245409248,3.6701219254965114,3.318607270995294,-9.577737787380524,-9.576797127553167,1.596125815722793
BTC,7.0,0.5,1 sd out,0.8175132793769972,0.6645399187535261,0.600853343218124,-9.583559051630598,-6.3686575535402135,2.9031483763536765,0.8023082878139742,0.590478233908634,-26.40257580817311,-27.822493900430946,5.226318131792418
BTC,7.0,0.5,2 sd out,0.8175132793769972,0.6645399187535261,0.600853343218124,-9.583559051630598,-6.3686575535402135,6.357395097117632,0.08559992440755684,0.04305676781601545,-49.699993178715516,-60.926471327773655,12.43483359560884
BTC,7.0,0.6666666666666666,at the money,0.756684372502663,0.6645399187535261,0.578067371104973,-13.0123932676233,-8.647254764855317,0.9992944245409248,3.6701219254965114,3.1928252929890713,-13.004925781665122,-13.00321204226983,2.324036232369542
BTC,7.0,0.6666666666666666,1 sd out,0.756684372502663,0.6645399187535261,0.578067371104973,-13.0123932676233,-8.647254764855317,2.9031483763536765,0.8023082878139742,0.5207262521581019,-35.0964884611987,-37.776908387376096,8.010373116800906
BTC,7.0,0.6666666666666666,2 sd out,0.756684372502663,0.6645399187535261,0.578067371104973,-13.0123932676233,-8.647254764855317,6.357395097117632,0.08559992440755684,0.03219432857240155,-62.389769856432956,-82.72492516135486,19.806567757119954
BTC,7.0,1.0,at the money,0.6350265587539944,0.6645399187535261,0.5295622498780009,-20.311446320441075,-13.49776688755252,0.9992944245409248,3.6701219254965114,2.925043699081553,-20.30118458024144,-20.297115062379046,4.272911617341446
BTC,7.0,1.0,1 sd out,0.6350265587539944,0.6645399187535261,0.5295622498780009,-20.311446320441075,-13.49776688755252,2.9031483763536765,0.8023082878139742,0.38433206720129287,-52.09670982603568,-58.96714240658336,16.78254105492154
BTC,7.0,1.0,2 sd out,0.6350265587539944,0.6645399187535261,0.5295622498780009,-20.311446320441075,-13.49776688755252,6.357395097117632,0.08559992440755684,0.015624495807012133,-81.74706821863408,-129.12788925294004,46.23842432780512
BTC,30.0,0.0,at the money,1.0,0.6645399187535261,0.6645399187535261,0.0,0.0,0.996978909404547,7.589076250529314,7.589076250529314,0.0,0.0,0.0
BTC,30.0,0.0,1 sd out,1.0,0.6645399187535261,0.6645399187535261,0.0,0.0,2.89946087813658,1.7409278803014043,1.7409278803014043,0.0,0.0,0.0
BTC,30.0,0.0,2 sd out,1.0,0.6645399187535261,0.6645399187535261,0.0,0.0,6.35266909828977,0.19501609856102836,0.19501609856102836,0.0,0.0,0.0
BTC,30.0,0.2857142857142857,at the money,0.8957218739297127,0.6645399187535261,0.6289377519819107,-5.357415825131195,-3.560216677161543,0.996978909404547,7.589076250529314,7.183629403337993,-5.342505909899664,-5.341230586565961,0.8212167868426379
BTC,30.0,0.2857142857142857,1 sd out,0.8957218739297127,0.6645399187535261,0.6289377519819107,-5.357415825131195,-3.560216677161543,2.89946087813658,1.7409278803014043,1.4779463135328519,-15.105827745318368,-15.533617592877706,2.5435968777250295
BTC,30.0,0.2857142857142857,2 sd out,0.8957218739297127,0.6645399187535261,0.6289377519819107,-5.357415825131195,-3.560216677161543,6.35266909828977,0.19501609856102836,0.13560162237090806,-30.466446938752156,-34.03388995899954,5.8157726221132355
BTC,30.0,0.5,at the money,0.8175132793769972,0.6645399187535261,0.600853343218124,-9.583559051630598,-6.3686575535402135,0.996978909404547,7.589076250529314,6.863664594476604,-9.55862916783996,-9.554606251508748,1.5931256340167677
BTC,30.0,0.5,1 sd out,0.8175132793769972,0.6645399187535261,0.600853343218124,-9.583559051630598,-6.3686575535402135,2.89946087813658,1.7409278803014043,1.2817164305573059,-26.37739649873353,-27.78715454351462,5.221184565503245
BTC,30.0,0.5,2 sd out,0.8175132793769972,0.6645399187535261,0.600853343218124,-9.583559051630598,-6.3686575535402135,6.35266909828977,0.19501609856102836,0.0981361657591908,-49.67791557552873,-60.8811794389289,12.427791769102136
BTC,30.0,0.6666666666666666,at the money,0.756684372502663,0.6645399187535261,0.578067371104973,-13.0123932676233,-8.647254764855317,0.996978909404547,7.589076250529314,6.603982937838482,-12.980411319785134,-12.973081648698148,2.320006957765486
BTC,30.0,0.6666666666666666,1 sd out,0.756684372502663,0.6645399187535261,0.578067371104973,-13.0123932676233,-8.647254764855317,2.89946087813658,1.7409278803014043,1.1304419677487547,-35.06669744682112,-37.72892521040158,8.003243262847448
BTC,30.0,0.6666666666666666,2 sd out,0.756684372502663,0.6645399187535261,0.578067371104973,-13.0123932676233,-8.647254764855317,6.35266909828977,0.19501609856102836,0.07338920366854479,-62.36761774537379,-82.6634286060244,19.79641497868436
BTC,30.0,1.0,at the money,0.6350265587539944,0.6645399187535261,0.5295622498780009,-20.311446320441075,-13.49776688755252,0.996978909404547,7.589076250529314,6.050960867430422,-20.267491488066337,-20.25008360098234,4.266751456258588
BTC,30.0,1.0,1 sd out,0.6350265587539944,0.6645399187535261,0.5295622498780009,-20.311446320441075,-13.49776688755252,2.89946087813658,1.7409278803014043,0.8345438140763453,-52.06327479046049,-58.89224398449008,16.770573736893812
BTC,30.0,1.0,2 sd out,0.6350265587539944,0.6645399187535261,0.5295622498780009,-20.311446320441075,-13.49776688755252,6.35266909828977,0.19501609856102836,0.03562803989957085,-81.73071855992372,-129.03189738143746,46.21921390741461
ETH,1.0,0.0,at the money,1.0,0.8330905526339868,0.8330905526339868,0.0,0.0,0.9998415534520962,1.7394879949127917,1.7394879949127917,0.0,0.0,0.0
ETH,1.0,0.0,1 sd out,1.0,0.8330905526339868,0.8330905526339868,0.0,0.0,2.9040191123981645,0.3712571435840861,0.3712571435840861,0.0,0.0,0.0
ETH,1.0,0.0,2 sd out,1.0,0.8330905526339868,0.8330905526339868,0.0,0.0,6.358510752447264,0.038667497720875146,0.038667497720875146,0.0,0.0,0.0
ETH,1.0,0.2857142857142857,at the money,0.8986874371676944,0.8330905526339868,0.7897625662584677,-5.2008735711296605,-4.332798637551905,0.9998415534520962,1.7394879949127917,1.6490326591539095,-5.200112678180179,-5.200049510666231,0.6160460500474585
ETH,1.0,0.2857142857142857,1 sd out,0.8986874371676944,0.8330905526339868,0.7897625662584677,-5.2008735711296605,-4.332798637551905,2.9040191123981645,0.3712571435840861,0.3166939093014659,-14.696884686412016,-15.103436251727029,1.8969263999055075
ETH,1.0,0.2857142857142857,2 sd out,0.8986874371676944,0.8330905526339868,0.7897625662584677,-5.2008735711296605,-4.332798637551905,6.358510752447264,0.038667497720875146,0.02718469122839351,-29.696275087080426,-33.069810524146746,4.311942290379611
ETH,1.0,0.5,at the money,0.8227030150434651,0.8330905526339868,0.7556379375696605,-9.297022372831377,-7.745261506432632,0.9998415534520962,1.7394879949127917,1.577789568529303,-9.295748338383635,-9.295549291730618,1.187702904193677
ETH,1.0,0.5,1 sd out,0.8227030150434651,0.8330905526339868,0.7556379375696605,-9.297022372831377,-7.745261506432632,2.9040191123981645,0.3712571435840861,0.2759821014257091,-25.662817215744194,-26.99873065909565,3.85080853568438
ETH,1.0,0.5,2 sd out,0.8227030150434651,0.8330905526339868,0.7556379375696605,-9.297022372831377,-7.745261506432632,6.358510752447264,0.038667497720875146,0.01990207108423965,-48.530232734725786,-59.115216723391086,9.058893364493192
ETH,1.0,0.6666666666666666,at the money,0.7636040200579535,0.8330905526339868,0.7279915067934329,-12.615560878497734,-10.509904584055384,0.9998415534520962,1.7394879949127917,1.5200702958600987,-12.613924309589352,-12.613561986426665,1.7196229769141258
ETH,1.0,0.6666666666666666,1 sd out,0.7636040200579535,0.8330905526339868,0.7279915067934329,-12.615560878497734,-10.509904584055384,2.9040191123981645,0.3712571435840861,0.24458695655713014,-34.11925917548477,-36.635829904779996,5.838745889144636
ETH,1.0,0.6666666666666666,2 sd out,0.7636040200579535,0.8330905526339868,0.7279915067934329,-12.615560878497734,-10.509904584055384,6.358510752447264,0.038667497720875146,0.015060021296500054,-61.0525061507414,-80.21617949408089,14.18069458491862
ETH,1.0,1.0,at the money,0.6454060300869302,0.8330905526339868,0.6692813433086705,-19.66283362683683,-16.38092093253163,0.9998415534520962,1.7394879949127917,1.397494622956047,-19.660576730447076,-19.65971811872665,3.1146320443782516
ETH,1.0,1.0,1 sd out,0.6454060300869302,0.8330905526339868,0.6692813433086705,-19.66283362683683,-16.38092093253163,2.9040191123981645,0.3712571435840861,0.1830953839007221,-50.68232704342488,-57.10124465623947,11.857887375238763
ETH,1.0,1.0,2 sd out,0.6454060300869302,0.8330905526339868,0.6692813433086705,-19.66283362683683,-16.38092093253163,6.358510752447264,0.038667497720875146,0.007574786634220992,-80.4104556004625,-125.02633903982361,31.365923310959953
ETH,3.0,0.0,at the money,1.0,0.8330905526339868,0.8330905526339868,0.0,0.0,0.9995247206112187,3.0124042737286194,3.0124042737286194,0.0,0.0,0.0
ETH,3.0,0.0,1 sd out,1.0,0.8330905526339868,0.8330905526339868,0.0,0.0,2.903514911102677,0.6531848908157195,0.6531848908157195,0.0,0.0,0.0
ETH,3.0,0.0,2 sd out,1.0,0.8330905526339868,0.8330905526339868,0.0,0.0,6.357864744329209,0.06912065113736827,0.06912065113736827,0.0,0.0,0.0
ETH,3.0,0.2857142857142857,at the money,0.8986874371676944,0.8330905526339868,0.7897625662584677,-5.2008735711296605,-4.332798637551905,0.9995247206112187,3.0124042737286194,2.85580169179262,-5.198591148662923,-5.1984017031176455,0.6158711487877611
ETH,3.0,0.2857142857142857,1 sd out,0.8986874371676944,0.8330905526339868,0.7897625662584677,-5.2008735711296605,-4.332798637551905,2.903514911102677,0.6531848908157195,0.5572014177529699,-14.694686667182722,-15.100813964534797,1.8966391237731806
ETH,3.0,0.2857142857142857,2 sd out,0.8986874371676944,0.8330905526339868,0.7897625662584677,-5.2008735711296605,-4.332798637551905,6.357864744329209,0.06912065113736827,0.04859599773310297,-29.693952627088592,-33.06645071759882,4.311565039749299
ETH,3.0,0.5,at the money,0.8227030150434651,0.8330905526339868,0.7556379375696605,-9.297022372831377,-7.745261506432632,0.9995247206112187,3.0124042737286194,2.7324554999600235,-9.293200657363554,-9.29260368972053,1.1873950819403012
ETH,3.0,0.5,1 sd out,0.8227030150434651,0.8330905526339868,0.7556379375696605,-9.297022372831377,-7.745261506432632,2.903514911102677,0.6531848908157195,0.4855812984134261,-25.659441110614843,-26.99404308837109,3.850287856389678
ETH,3.0,0.5,2 sd out,0.8227030150434651,0.8330905526339868,0.7556379375696605,-9.297022372831377,-7.745261506432632,6.357864744329209,0.06912065113736827,0.035578310469322125,-48.52723479323875,-59.10921077146449,9.058191581916164
ETH,3.0,0.6666666666666666,at the money,0.7636040200579535,0.8330905526339868,0.7279915067934329,-12.615560878497734,-10.509904584055384,0.9995247206112187,3.0124042737286194,2.632520465122173,-12.610651628648862,-12.609564962434266,1.7192103834018146
ETH,3.0,0.6666666666666666,1 sd out,0.7636040200579535,0.8330905526339868,0.7279915067934329,-12.615560878497734,-10.509904584055384,2.903514911102677,0.6531848908157195,0.43034925808145275,-34.11524606087903,-36.62946912264176,5.838028510229054
ETH,3.0,0.6666666666666666,2 sd out,0.7636040200579535,0.8330905526339868,0.7279915067934329,-12.615560878497734,-10.509904584055384,6.357864744329209,0.06912065113736827,0.02692286493588096,-61.0494627974854,-80.20802973933957,14.179701215446961
ETH,3.0,1.0,at the money,0.6454060300869302,0.8330905526339868,0.6692813433086705,-19.66283362683683,-16.38092093253163,0.9995247206112187,3.0124042737286194,2.4202841782053675,-19.65606345360652,-19.653488287288955,3.114004647305535
ETH,3.0,1.0,1 sd out,0.6454060300869302,0.8330905526339868,0.6692813433086705,-19.66283362683683,-16.38092093253163,2.903514911102677,0.6531848908157195,0.3221654075445668,-50.677761829084,-57.091330630051864,11.85671309139118
ETH,3.0,1.0,2 sd out,0.6454060300869302,0.8330905526339868,0.6692813433086705,-19.66283362683683,-16.38092093253163,6.357864744329209,0.06912065113736827,0.013542028685580975,-80.40812917304851,-125.01363668967672,31.36415514325932
ETH,7.0,0.0,at the money,1.0,0.8330905526339868,0.8330905526339868,0.0,0.0,0.9988912959109388,4.600065945588083,4.600065945588083,0.0,0.0,0.0
ETH,7.0,0.0,1 sd out,1.0,0.8330905526339868,0.8330905526339868,0.0,0.0,2.9025066707875755,1.0172183970216075,1.0172183970216075,0.0,0.0,0.0
ETH,7.0,0.0,2 sd out,1.0,0.8330905526339868,0.8330905526339868,0.0,0.0,6.356572819348155,0.10979310575254496,0.10979310575254496,0.0,0.0,0.0
ETH,7.0,0.2857142857142857,at the money,0.8986874371676944,0.8330905526339868,0.7897625662584677,-5.2008735711296605,-4.332798637551905,0.9988912959109388,4.600065945588083,4.361067260060075,-5.195549115056297,-5.1951073413346585,0.6155214660017228
ETH,7.0,0.2857142857142857,1 sd out,0.8986874371676944,0.8330905526339868,0.7897625662584677,-5.2008735711296605,-4.332798637551905,2.9025066707875755,1.0172183970216075,0.8677860532178533,-14.690291115584298,-15.09557023412664,1.8960646525453484
ETH,7.0,0.2857142857142857,2 sd out,0.8986874371676944,0.8330905526339868,0.7897625662584677,-5.2008735711296605,-4.332798637551905,6.356572819348155,0.10979310575254496,0.07719629266912595,-29.689307775742037,-33.05973157910898,4.310810586012392
ETH,7.0,0.5,at the money,0.8227030150434651,0.8330905526339868,0.7556379375696605,-9.297022372831377,-7.745261506432632,0.9988912959109388,4.600065945588083,4.1728069055412265,-9.288106846742927,-9.286714726110525,1.1867796306103573
ETH,7.0,0.5,1 sd out,0.8227030150434651,0.8330905526339868,0.7556379375696605,-9.297022372831377,-7.745261506432632,2.9025066707875755,1.0172183970216075,0.7562745212002064,-25.652689391524852,-26.984669455604404,3.849246629878156
ETH,7.0,0.5,2 sd out,0.8227030150434651,0.8330905526339868,0.7556379375696605,-9.297022372831377,-7.745261506432632,6.356572819348155,0.10979310575254496,0.056520130785087455,-48.521238744740266,-59.097199716011616,9.056788098228363
ETH,7.0,0.6666666666666666,at the money,0.7636040200579535,0.8330905526339868,0.7279915067934329,-12.615560878497734,-10.509904584055384,0.9988912959109388,4.600065945588083,4.020268661399879,-12.60410809423912,-12.601573954565943,1.7183854370096174
ETH,7.0,0.6666666666666666,1 sd out,0.7636040200579535,0.8330905526339868,0.7279915067934329,-12.615560878497734,-10.509904584055384,2.9025066707875755,1.0172183970216075,0.6702734786764919,-34.10722017621413,-36.61674960556644,5.836593919142685
ETH,7.0,0.6666666666666666,2 sd out,0.7636040200579535,0.8330905526339868,0.7279915067934329,-12.615560878497734,-10.509904584055384,6.356572819348155,0.10979310575254496,0.04277168769301256,-61.04337572031828,-80.19173138109063,14.17771458518693
ETH,7.0,1.0,at the money,0.6454060300869302,0.8330905526339868,0.6692813433086705,-19.66283362683683,-16.38092093253163,0.9988912959109388,4.600065945588083,3.696289196897112,-19.647038963817074,-19.641033362792225,3.112750163427691
ETH,7.0,1.0,1 sd out,0.6454060300869302,0.8330905526339868,0.6692813433086705,-19.66283362683683,-16.38092093253163,2.9025066707875755,1.0172183970216075,0.5018077585217342,-50.66863124074279,-57.07150576848016,11.85436475014403
ETH,7.0,1.0,2 sd out,0.6454060300869302,0.8330905526339868,0.6692813433086705,-19.66283362683683,-16.38092093253163,6.356572819348155,0.10979310575254496,0.02151563262592646,-80.40347572058026,-124.98823378371591,31.36061898315703
ETH,30.0,0.0,at the money,1.0,0.8330905526339868,0.8330905526339868,0.0,0.0,0.9952553351804981,9.505723972827257,9.505723972827257,0.0,0.0,0.0
ETH,30.0,0.0,1 sd out,1.0,0.8330905526339868,0.8330905526339868,0.0,0.0,2.8967134883673604,2.232185585713242,2.232185585713242,0.0,0.0,0.0
ETH,30.0,0.0,2 sd out,1.0,0.8330905526339868,0.8330905526339868,0.0,0.0,6.349146612704705,0.2560602297260094,0.2560602297260094,0.0,0.0,0.0
ETH,30.0,0.2857142857142857,at the money,0.8986874371676944,0.8330905526339868,0.7897625662584677,-5.2008735711296605,-4.332798637551905,0.9952553351804981,9.505723972827257,9.013509606082803,-5.1780839434374615,-5.176197169266045,0.6135138861947942
ETH,30.0,0.2857142857142857,1 sd out,0.8986874371676944,0.8330905526339868,0.7897625662584677,-5.2008735711296605,-4.332798637551905,2.8967134883673604,2.232185585713242,1.9048349155543598,-14.665029299267928,-15.06544062478461,1.8927635401625231
ETH,30.0,0.2857142857142857,2 sd out,0.8986874371676944,0.8330905526339868,0.7897625662584677,-5.2008735711296605,-4.332798637551905,6.349146612704705,0.2560602297260094,0.18010610376699848,-29.662601662227527,-33.0211088172433,4.306473706854197
ETH,30.0,0.5,at the money,0.8227030150434651,0.8330905526339868,0.7556379375696605,-9.297022372831377,-7.745261506432632,0.9952553351804981,9.505723972827257,8.625602529281263,-9.258857568996115,-9.252911117852882,1.1832457810851738
ETH,30.0,0.5,1 sd out,0.8227030150434651,0.8330905526339868,0.7556379375696605,-9.297022372831377,-7.745261506432632,2.8967134883673604,2.232185585713242,1.6604362543791773,-25.613879732646684,-26.93081010903377,3.84326299502622
ETH,30.0,0.5,2 sd out,0.8227030150434651,0.8330905526339868,0.7556379375696605,-9.297022372831377,-7.745261506432632,6.349146612704705,0.2560602297260094,0.13190492787732017,-48.48675719050098,-59.028158106702186,9.048720175120994
ETH,30.0,0.6666666666666666,at the money,0.7636040200579535,0.8330905526339868,0.7279915067934329,-12.615560878497734,-10.509904584055384,0.9952553351804981,9.505723972827257,8.311184313010965,-12.566530053165458,-12.555704270619241,1.7136482182430912
ETH,30.0,0.6666666666666666,1 sd out,0.7636040200579535,0.8330905526339868,0.7279915067934329,-12.615560878497734,-10.509904584055384,2.8967134883673604,2.232185585713242,1.4718790614267452,-34.061080277227894,-36.54366536006397,5.828349335128125
ETH,30.0,0.6666666666666666,2 sd out,0.7636040200579535,0.8330905526339868,0.7279915067934329,-12.615560878497734,-10.509904584055384,6.349146612704705,0.2560602297260094,0.09984206902297448,-61.008365442064985,-80.09804561908388,14.166294274017499
ETH,30.0,1.0,at the money,0.6454060300869302,0.8330905526339868,0.6692813433086705,-19.66283362683683,-16.38092093253163,0.9952553351804981,9.505723972827257,7.643058200167796,-19.595201564699483,-19.569540071875856,3.1055449054536277
ETH,30.0,1.0,1 sd out,0.6454060300869302,0.8330905526339868,0.6692813433086705,-19.66283362683683,-16.38092093253163,2.8967134883673604,2.232185585713242,1.102339711420329,-50.61612625421097,-56.95759538638154,11.84086764709804
ETH,30.0,1.0,2 sd out,0.6454060300869302,0.8330905526339868,0.6692813433086705,-19.66283362683683,-16.38092093253163,6.349146612704705,0.2560602297260094,0.05024745962180846,-80.3767029047914,-124.84221351800721,31.34029059932835
SOL,1.0,0.0,at the money,1.0,0.8989093356048985,0.8989093356048985,0.0,0.0,0.9998155300531261,1.8768927890888298,1.8768927890888298,0.0,0.0,0.0
SOL,1.0,0.0,1 sd out,1.0,0.8989093356048985,0.8989093356048985,0.0,0.0,2.9039777020737905,0.40126920800105104,0.40126920800105104,0.0,0.0,0.0
SOL,1.0,0.0,2 sd out,1.0,0.8989093356048985,0.8989093356048985,0.0,0.0,6.358457696917702,0.04186514618022864,0.04186514618022864,0.0,0.0,0.0
SOL,1.0,0.2857142857142857,at the money,0.8738249707902145,0.8989093356048985,0.8402879126750511,-6.521394384050927,-5.86214229298474,0.9998155300531261,1.8768927890888298,1.7545136267145656,-6.520306491969386,-6.520191382775358,-1.5716902188324111
SOL,1.0,0.2857142857142857,1 sd out,0.8738249707902145,0.8989093356048985,0.8402879126750511,-6.521394384050927,-5.86214229298474,2.9039777020737905,0.40126920800105104,0.32786476172117773,-18.293067301511222,-18.937983877713133,-4.744870831910919
SOL,1.0,0.2857142857142857,2 sd out,0.8738249707902145,0.8989093356048985,0.8402879126750511,-6.521394384050927,-5.86214229298474,6.358457696917702,0.04186514618022864,0.026713499813526068,-36.19155251835269,-41.46601031590449,-10.359112545535055
SOL,1.0,0.5,at the money,0.7791936988828754,0.8989093356048985,0.7934847907177617,-11.72805095145597,-10.542454488713682,0.9998155300531261,1.8768927890888298,1.656803588978395,-11.726253166398548,-11.72588747852002,-3.016606255797283
SOL,1.0,0.5,1 sd out,0.7791936988828754,0.8989093356048985,0.7934847907177617,-11.72805095145597,-10.542454488713682,2.9039777020737905,0.40126920800105104,0.273278455710102,-31.896479903988496,-34.05799845181344,-9.38934775103155
SOL,1.0,0.5,2 sd out,0.7791936988828754,0.8989093356048985,0.7934847907177617,-11.72805095145597,-10.542454488713682,6.358457696917702,0.04186514618022864,0.017611683371360383,-57.93234951206805,-74.57231584212819,-20.300457736832445
SOL,1.0,0.6666666666666666,at the money,0.7055915985105005,0.8989093356048985,0.7550793465510761,-16.000500090149316,-14.382998905382237,0.9998155300531261,1.8768927890888298,1.576623369377611,-15.99821904888823,-15.997548478747731,-4.349903256494825
SOL,1.0,0.6666666666666666,1 sd out,0.7055915985105005,0.8989093356048985,0.7550793465510761,-16.000500090149316,-14.382998905382237,2.9039777020737905,0.40126920800105104,0.23144645109975243,-42.32140256843575,-46.46509548382329,-13.871898921815074
SOL,1.0,0.6666666666666666,2 sd out,0.7055915985105005,0.8989093356048985,0.7550793465510761,-16.000500090149316,-14.382998905382237,6.358457696917702,0.04186514618022864,0.011931414198012961,-71.50036417728376,-101.7385029527423,-29.558890598982845
SOL,1.0,1.0,at the money,0.5583873977657506,0.8989093356048985,0.6717129093319407,-25.274676463346736,-22.719642627295777,0.9998155300531261,1.8768927890888298,1.4025713385634964,-25.271632630417905,-25.270014045122284,-7.798741501285211
SOL,1.0,1.0,1 sd out,0.5583873977657506,0.8989093356048985,0.6717129093319407,-25.274676463346736,-22.719642627295777,2.9039777020737905,0.40126920800105104,0.15098711738140008,-62.37261310591153,-73.39709687668817,-26.067464031418996
SOL,1.0,1.0,2 sd out,0.5583873977657506,0.8989093356048985,0.6717129093319407,-25.274676463346736,-22.719642627295777,6.358457696917702,0.04186514618022864,0.004217755610448019,-89.92537708505624,-160.70796109547172,-52.33151247438022
SOL,3.0,0.0,at the money,1.0,0.8989093356048985,0.8989093356048985,0.0,0.0,0.9994466718328014,3.250274082121246,3.250274082121246,0.0,0.0,0.0
SOL,3.0,0.0,1 sd out,1.0,0.8989093356048985,0.8989093356048985,0.0,0.0,2.903390694551163,0.706843498912299,0.706843498912299,0.0,0.0,0.0
SOL,3.0,0.0,2 sd out,1.0,0.8989093356048985,0.8989093356048985,0.0,0.0,6.357705585850503,0.0750210246795991,0.0750210246795991,0.0,0.0,0.0
SOL,3.0,0.2857142857142857,at the money,0.8738249707902145,0.8989093356048985,0.8402879126750511,-6.521394384050927,-5.86214229298474,0.9994466718328014,3.250274082121246,3.038416955653056,-6.518131121112236,-6.517785912848821,-1.5711794878029428
SOL,3.0,0.2857142857142857,1 sd out,0.8738249707902145,0.8989093356048985,0.8402879126750511,-6.521394384050927,-5.86214229298474,2.903390694551163,0.706843498912299,0.5775617687668128,-18.29000766710408,-18.934155770151676,-4.744068365644393
SOL,3.0,0.2857142857142857,2 sd out,0.8738249707902145,0.8989093356048985,0.8402879126750511,-6.521394384050927,-5.86214229298474,6.357705585850503,0.0750210246795991,0.047872049586837606,-36.188488771927254,-41.461105503014686,-10.358143763959383
SOL,3.0,0.5,at the money,0.7791936988828754,0.8989093356048985,0.7934847907177617,-11.72805095145597,-10.542454488713682,0.9994466718328014,3.250274082121246,2.869255561087658,-11.722658194564373,-11.721561490518189,-3.01572557349824
SOL,3.0,0.5,1 sd out,0.7791936988828754,0.8989093356048985,0.7934847907177617,-11.72805095145597,-10.542454488713682,2.903390694551163,0.706843498912299,0.4814171416487212,-31.891975750002256,-34.05111399767918,-9.387988895558907
SOL,3.0,0.5,2 sd out,0.7791936988828754,0.8989093356048985,0.7934847907177617,-11.72805095145597,-10.542454488713682,6.357705585850503,0.0750210246795991,0.031562259827877005,-57.92878068158417,-74.56349504521094,-20.298923662272728
SOL,3.0,0.6666666666666666,at the money,0.7055915985105005,0.8989093356048985,0.7550793465510761,-16.000500090149316,-14.382998905382237,0.9994466718328014,3.250274082121246,2.7304363730047685,-15.993657641856851,-15.991646562760172,-4.34874513244109
SOL,3.0,0.6666666666666666,1 sd out,0.7055915985105005,0.8989093356048985,0.7550793465510761,-16.000500090149316,-14.382998905382237,2.903390694551163,0.706843498912299,0.40773364851775656,-42.31627663758909,-46.45570306990457,-13.870151090352323
SOL,3.0,0.6666666666666666,2 sd out,0.7055915985105005,0.8989093356048985,0.7550793465510761,-16.000500090149316,-14.382998905382237,6.357705585850503,0.0750210246795991,0.021383156552560664,-71.49711478364344,-101.7264687995438,-29.557055829735933
SOL,3.0,1.0,at the money,0.5583873977657506,0.8989093356048985,0.6717129093319407,-25.274676463346736,-22.719642627295777,0.9994466718328014,3.250274082121246,2.42907460038726,-25.26554564278597,-25.260691272942736,-7.797066882884507
SOL,3.0,1.0,1 sd out,0.5583873977657506,0.8989093356048985,0.6717129093319407,-25.274676463346736,-22.719642627295777,2.903390694551163,0.706843498912299,0.26600282169228634,-62.36750821057061,-73.38226045147222,-26.065134133393354
SOL,3.0,1.0,2 sd out,0.5583873977657506,0.8989093356048985,0.6717129093319407,-25.274676463346736,-22.719642627295777,6.357705585850503,0.0750210246795991,0.007559400582706887,-89.92362392410436,-160.68895173158378,-52.3295872247862
SOL,7.0,0.0,at the money,1.0,0.8989093356048985,0.8989093356048985,0.0,0.0,0.9987092820255723,4.963044807813777,4.963044807813777,0.0,0.0,0.0
SOL,7.0,0.0,1 sd out,1.0,0.8989093356048985,0.8989093356048985,0.0,0.0,2.902216899469927,1.1024066887977635,1.1024066887977635,0.0,0.0,0.0
SOL,7.0,0.0,2 sd out,1.0,0.8989093356048985,0.8989093356048985,0.0,0.0,6.356201487412989,0.11952644222848509,0.11952644222848509,0.0,0.0,0.0
SOL,7.0,0.2857142857142857,at the money,0.8738249707902145,0.8989093356048985,0.8402879126750511,-6.521394384050927,-5.86214229298474,0.9987092820255723,4.963044807813777,4.639762886859994,-6.513782032449322,-6.5129771031011,-1.5701584193621554
SOL,7.0,0.2857142857142857,1 sd out,0.8738249707902145,0.8989093356048985,0.8402879126750511,-6.521394384050927,-5.86214229298474,2.902216899469927,1.1024066887977635,0.9008438723976941,-18.28388909902977,-18.926500989500877,-4.742463666321672
SOL,7.0,0.2857142857142857,2 sd out,0.8738249707902145,0.8989093356048985,0.8402879126750511,-6.521394384050927,-5.86214229298474,6.356201487412989,0.11952644222848509,0.07627895306914038,-36.182361285943244,-41.45129668391122,-10.35620629783416
SOL,7.0,0.5,at the money,0.7791936988828754,0.8989093356048985,0.7934847907177617,-11.72805095145597,-10.542454488713682,0.9987092820255723,4.963044807813777,4.381600750309139,-11.715470643932468,-11.712913345287923,-3.0139648117875395
SOL,7.0,0.5,1 sd out,0.7791936988828754,0.8989093356048985,0.7934847907177617,-11.72805095145597,-10.542454488713682,2.902216899469927,1.1024066887977635,0.7509267172535472,-31.882967975051468,-34.03734766915987,-9.385271494682124
SOL,7.0,0.5,2 sd out,0.7791936988828754,0.8989093356048985,0.7934847907177617,-11.72805095145597,-10.542454488713682,6.356201487412989,0.11952644222848509,0.05029476356296584,-57.921642587819136,-74.54585490209976,-20.295855593767833
SOL,7.0,0.6666666666666666,at the money,0.7055915985105005,0.8989093356048985,0.7550793465510761,-16.000500090149316,-14.382998905382237,0.9987092820255723,4.963044807813777,4.1697250478872405,-15.984537529815167,-15.979847957083129,-4.346429599567325
SOL,7.0,0.6666666666666666,1 sd out,0.7055915985105005,0.8989093356048985,0.7550793465510761,-16.000500090149316,-14.382998905382237,2.902216899469927,1.1024066887977635,0.6360222401374029,-42.30602493613124,-46.43692176160144,-13.86665574212408
SOL,7.0,0.6666666666666666,2 sd out,0.7055915985105005,0.8989093356048985,0.7550793465510761,-16.000500090149316,-14.382998905382237,6.356201487412989,0.11952644222848509,0.034076253249791695,-71.49061528607035,-101.70240247235876,-29.553386320390672
SOL,7.0,1.0,at the money,0.5583873977657506,0.8989093356048985,0.6717129093319407,-25.274676463346736,-22.719642627295777,0.9987092820255723,4.963044807813777,3.709708521806726,-25.253374380860084,-25.242053984137648,-7.793718455926468
SOL,7.0,1.0,1 sd out,0.5583873977657506,0.8989093356048985,0.6717129093319407,-25.274676463346736,-22.719642627295777,2.902216899469927,1.1024066887977635,0.41497566828734705,-62.357297673882826,-73.35259316055969,-26.060474535050794
SOL,7.0,1.0,2 sd out,0.5583873977657506,0.8989093356048985,0.6717129093319407,-25.274676463346736,-22.719642627295777,6.356201487412989,0.11952644222848509,0.012048125684922112,-89.92011687096728,-160.6509361302066,-52.32573661665278
SOL,30.0,0.0,at the money,1.0,0.8989093356048985,0.8989093356048985,0.0,0.0,0.9944777358025894,10.252733726118985,10.252733726118985,0.0,0.0,0.0
SOL,30.0,0.0,1 sd out,1.0,0.8989093356048985,0.8989093356048985,0.0,0.0,2.8954732701202937,2.429566579359971,2.429566579359971,0.0,0.0,0.0
SOL,30.0,0.0,2 sd out,1.0,0.8989093356048985,0.8989093356048985,0.0,0.0,6.347556123297252,0.28129431518180914,0.28129431518180914,0.0,0.0,0.0
SOL,30.0,0.2857142857142857,at the money,0.8738249707902145,0.8989093356048985,0.8402879126750511,-6.521394384050927,-5.86214229298474,0.9944777358025894,10.252733726118985,9.587452543093761,-6.488817527079737,-6.485381521326687,-1.5642974543879307
SOL,30.0,0.2857142857142857,1 sd out,0.8738249707902145,0.8989093356048985,0.8402879126750511,-6.521394384050927,-5.86214229298474,2.8954732701202937,2.429566579359971,1.9862016439115422,-18.2487254811196,-18.882523122932053,-4.733242680967997
SOL,30.0,0.2857142857142857,2 sd out,0.8738249707902145,0.8989093356048985,0.8402879126750511,-6.521394384050927,-5.86214229298474,6.347556123297252,0.28129431518180914,0.17961449780826527,-36.147128429461894,-41.394916854918776,-10.345068379814537
SOL,30.0,0.5,at the money,0.7791936988828754,0.8989093356048985,0.7934847907177617,-11.72805095145597,-10.542454488713682,0.9944777358025894,10.252733726118985,9.055808661162157,-11.674204138430355,-11.663285555581338,-3.0038560237727885
SOL,30.0,0.5,1 sd out,0.7791936988828754,0.8989093356048985,0.7934847907177617,-11.72805095145597,-10.542454488713682,2.8954732701202937,2.429566579359971,1.6562066958940775,-31.831187094680168,-33.95825804054964,-9.369654466093946
SOL,30.0,0.5,2 sd out,0.7791936988828754,0.8989093356048985,0.7934847907177617,-11.72805095145597,-10.542454488713682,6.347556123297252,0.28129431518180914,0.11847951334339919,-57.88058736031609,-74.4444616312565,-20.278216288273764
SOL,30.0,0.6666666666666666,at the money,0.7055915985105005,0.8989093356048985,0.7550793465510761,-16.000500090149316,-14.382998905382237,0.9944777358025894,10.252733726118985,8.619251086631108,-15.932166806659154,-15.912141101360818,-4.33313378451361
SOL,30.0,0.6666666666666666,1 sd out,0.7055915985105005,0.8989093356048985,0.7550793465510761,-16.000500090149316,-14.382998905382237,2.8954732701202937,2.429566579359971,1.403145598211772,-42.247081840358234,-46.32902031958469,-13.846565637041753
SOL,30.0,0.6666666666666666,2 sd out,0.7055915985105005,0.8989093356048985,0.7550793465510761,-16.000500090149316,-14.382998905382237,6.347556123297252,0.28129431518180914,0.08030045580118758,-71.45322480147281,-101.56407232304554,-29.532287398545275
SOL,30.0,1.0,at the money,0.5583873977657506,0.8989093356048985,0.6717129093319407,-25.274676463346736,-22.719642627295777,0.9944777358025894,10.252733726118985,7.670740641707402,-25.18345987893862,-25.135103022412057,-7.774485950700772
SOL,30.0,1.0,1 sd out,0.5583873977657506,0.8989093356048985,0.6717129093319407,-25.274676463346736,-22.719642627295777,2.8954732701202937,2.429566579359971,0.9159813961197514,-62.29856782269982,-73.18215011055898,-26.033686965751347
SOL,30.0,1.0,2 sd out,0.5583873977657506,0.8989093356048985,0.6717129093319407,-25.274676463346736,-22.719642627295777,6.347556123297252,0.28129431518180914,0.028410916020622096,-89.89993238851655,-160.4324273492735,-52.303592802313915
XRP,1.0,0.0,at the money,1.0,1.0372417022181344,1.0372417022181344,0.0,0.0,0.9997543916335535,2.16565995950897,2.16565995950897,0.0,0.0,0.0
XRP,1.0,0.0,1 sd out,1.0,1.0372417022181344,1.0372417022181344,0.0,0.0,2.9038804122186552,0.46467243983960294,0.46467243983960294,0.0,0.0,0.0
XRP,1.0,0.0,2 sd out,1.0,1.0372417022181344,1.0372417022181344,0.0,0.0,6.3583330466621675,0.048655276214650336,0.048655276214650336,0.0,0.0,0.0
XRP,1.0,0.2857142857142857,at the money,0.8535850757414503,1.0372417022181344,0.9583041652762543,-7.610331976922325,-7.89375369418801,0.9997543916335535,2.16565995950897,2.0008820236238734,-7.608670750068136,-7.608462815717357,-2.156622307591527
XRP,1.0,0.2857142857142857,1 sd out,0.8535850757414503,1.0372417022181344,0.9583041652762543,-7.610331976922325,-7.89375369418801,2.9038804122186552,0.46467243983960294,0.36609288189173583,-21.21484932093134,-22.099493958266013,-6.523336202376518
XRP,1.0,0.2857142857142857,2 sd out,0.8535850757414503,1.0372417022181344,0.9583041652762543,-7.610331976922325,-7.89375369418801,6.3583330466621675,0.048655276214650336,0.02858935878754,-41.240989648453365,-48.38902530493504,-14.132539222622176
XRP,1.0,0.5,at the money,0.743773882547538,1.0372417022181344,0.8945413721342925,-13.757673816881654,-14.270033008384186,0.9997543916335535,2.16565995950897,1.8677742968239708,-13.754960070118305,-13.754294817089388,-4.19596004349132
XRP,1.0,0.5,1 sd out,0.743773882547538,1.0372417022181344,0.8945413721342925,-13.757673816881654,-14.270033008384186,2.9038804122186552,0.46467243983960294,0.2930462903220077,-36.93486740397982,-39.9506395145361,-13.092867261372254
XRP,1.0,0.5,2 sd out,0.743773882547538,1.0372417022181344,0.8945413721342925,-13.757673816881654,-14.270033008384186,6.3583330466621675,0.048655276214650336,0.017112403493250126,-64.82929535173926,-87.47587207507746,-27.78200392177962
XRP,1.0,0.6666666666666666,at the money,0.6583651767300507,1.0372417022181344,0.8416148598615321,-18.860294754660913,-19.56268423566023,0.9997543916335535,2.16565995950897,1.7572838328645146,-18.856890475873612,-18.855662508475522,-6.128554611181148
XRP,1.0,0.6666666666666666,1 sd out,0.6583651767300507,1.0372417022181344,0.8416148598615321,-18.860294754660913,-19.56268423566023,2.9038804122186552,0.46467243983960294,0.23746378949869168,-48.89651953951473,-54.76804050673007,-19.578038494441973
XRP,1.0,0.6666666666666666,2 sd out,0.6583651767300507,1.0372417022181344,0.8416148598615321,-18.860294754660913,-19.56268423566023,6.3583330466621675,0.048655276214650336,0.010385072763466775,-78.65581377515687,-119.9200354083496,-40.37806699257076
XRP,1.0,1.0,at the money,0.487547765095076,1.0372417022181344,0.7242500839485161,-30.175379335432407,-31.29916182696183,0.9997543916335535,2.16565995950897,1.5122590194058816,-30.170984933906098,-30.167968009806927,-11.373274209949646
XRP,1.0,1.0,1 sd out,0.487547765095076,1.0372417022181344,0.7242500839485161,-30.175379335432407,-31.29916182696183,2.9038804122186552,0.46467243983960294,0.13299409095296616,-71.37895869208997,-87.62569298342974,-37.71056863651755
XRP,1.0,1.0,2 sd out,0.487547765095076,1.0372417022181344,0.7242500839485161,-30.175379335432407,-31.29916182696183,6.3583330466621675,0.048655276214650336,0.00244977494860822,-94.9650374241004,-191.86511162404653,-69.47785238714582
XRP,3.0,0.0,at the money,1.0,1.0372417022181344,1.0372417022181344,0.0,0.0,0.9992633196851095,3.7501120003028907,3.7501120003028907,0.0,0.0,0.0
XRP,3.0,0.0,1 sd out,1.0,1.0372417022181344,1.0372417022181344,0.0,0.0,2.903098867481226,0.8206061658805913,0.8206061658805913,0.0,0.0,0.0
XRP,3.0,0.0,2 sd out,1.0,1.0372417022181344,1.0372417022181344,0.0,0.0,6.357331658980848,0.08763945519567433,0.08763945519567433,0.0,0.0,0.0
XRP,3.0,0.2857142857142857,at the money,0.8535850757414503,1.0372417022181344,0.9583041652762543,-7.610331976922325,-7.89375369418801,0.9992633196851095,3.7501120003028907,3.464902890499477,-7.6053491143831975,-7.604725595165145,-2.1557080996012834
XRP,3.0,0.2857142857142857,1 sd out,0.8535850757414503,1.0372417022181344,0.9583041652762543,-7.610331976922325,-7.89375369418801,2.903098867481226,0.8206061658805913,0.646553279276943,-21.210282574086246,-22.093546143359358,-6.5219139020562755
XRP,3.0,0.2857142857142857,2 sd out,0.8535850757414503,1.0372417022181344,0.9583041652762543,-7.610331976922325,-7.89375369418801,6.357331658980848,0.08763945519567433,0.05149990438761687,-41.236621938564056,-48.381404412242595,-14.130862890145067
XRP,3.0,0.5,at the money,0.743773882547538,1.0372417022181344,0.8945413721342925,-13.757673816881654,-14.270033008384186,0.9992633196851095,3.7501120003028907,3.2344890864591083,-13.749533715316687,-13.747538809402075,-4.194393460960743
XRP,3.0,0.5,1 sd out,0.743773882547538,1.0372417022181344,0.8945413721342925,-13.757673816881654,-14.270033008384186,2.903098867481226,0.8206061658805913,0.5175694417495907,-36.92839960638271,-39.939887276965244,-13.09050638082857
XRP,3.0,0.5,2 sd out,0.743773882547538,1.0372417022181344,0.8945413721342925,-13.757673816881654,-14.270033008384186,6.357331658980848,0.08763945519567433,0.030827469344092175,-64.82466798171774,-87.46209530999363,-27.779485731781474
XRP,3.0,0.6666666666666666,at the money,0.6583651767300507,1.0372417022181344,0.8416148598615321,-18.860294754660913,-19.56268423566023,0.9992633196851095,3.7501120003028907,3.043212769877962,-18.85008315399204,-18.84640074678212,-6.126507904692591
XRP,3.0,0.6666666666666666,1 sd out,0.6583651767300507,1.0372417022181344,0.8416148598615321,-18.860294754660913,-19.56268423566023,2.903098867481226,0.8206061658805913,0.4194161993335138,-48.88946527918922,-54.753300342618196,-19.575073661495612
XRP,3.0,0.6666666666666666,2 sd out,0.6583651767300507,1.0372417022181344,0.8416148598615321,-18.860294754660913,-19.56268423566023,6.357331658980848,0.08763945519567433,0.018709241395564128,-78.65203366019148,-119.90114894151624,-40.37524628434883
XRP,3.0,1.0,at the money,0.487547765095076,1.0372417022181344,0.7242500839485161,-30.175379335432407,-31.29916182696183,0.9992633196851095,3.7501120003028907,2.6189958224934307,-30.162197228192166,-30.153149727481637,-11.370375493314311
XRP,3.0,1.0,1 sd out,0.487547765095076,1.0372417022181344,0.7242500839485161,-30.175379335432407,-31.29916182696183,2.903098867481226,0.8206061658805913,0.23491573983573932,-71.37290095990791,-87.6021095745102,-37.70697358021424
XRP,3.0,1.0,2 sd out,0.487547765095076,1.0372417022181344,0.7242500839485161,-30.175379335432407,-31.29916182696183,6.357331658980848,0.08763945519567433,0.004413811149405703,-94.96367116893767,-191.83489437090088,-69.47559810874444
XRP,7.0,0.0,at the money,1.0,1.0372417022181344,1.0372417022181344,0.0,0.0,0.9982817547836759,5.725578616826721,5.725578616826721,0.0,0.0,0.0
XRP,7.0,0.0,1 sd out,1.0,1.0372417022181344,1.0372417022181344,0.0,0.0,2.9015361679623344,1.2837747531827954,1.2837747531827954,0.0,0.0,0.0
XRP,7.0,0.0,2 sd out,1.0,1.0372417022181344,1.0372417022181344,0.0,0.0,6.355329102915524,0.14051691138108682,0.14051691138108682,0.0,0.0,0.0
XRP,7.0,0.2857142857142857,at the money,0.8535850757414503,1.0372417022181344,0.9583041652762543,-7.610331976922325,-7.89375369418801,0.9982817547836759,5.725578616826721,5.290508552599249,-7.598709114723501,-7.597255560408339,-2.1538805985960363
XRP,7.0,0.2857142857142857,1 sd out,0.8535850757414503,1.0372417022181344,0.9583041652762543,-7.610331976922325,-7.89375369418801,2.9015361679623344,1.2837747531827954,1.0115997378631059,-21.201150329907968,-22.08165348124042,-6.519069819828649
XRP,7.0,0.2857142857142857,2 sd out,0.8535850757414503,1.0372417022181344,0.9583041652762543,-7.610331976922325,-7.89375369418801,6.355329102915524,0.14051691138108682,0.0825847588134223,-41.22788637913517,-48.36616429578308,-14.127510413669352
XRP,7.0,0.5,at the money,0.743773882547538,1.0372417022181344,0.8945413721342925,-13.757673816881654,-14.270033008384186,0.9982817547836759,5.725578616826721,4.938959374138108,-13.738685560562258,-13.734034759658051,-4.1912616544070636
XRP,7.0,0.5,1 sd out,0.743773882547538,1.0372417022181344,0.8945413721342925,-13.757673816881654,-14.270033008384186,2.9015361679623344,1.2837747531827954,0.8098633377194964,-36.915464670757494,-39.91838816671054,-13.085785244299753
XRP,7.0,0.5,2 sd out,0.743773882547538,1.0372417022181344,0.8945413721342925,-13.757673816881654,-14.270033008384186,6.355329102915524,0.14051691138108682,0.04944029604896025,-64.81541220695037,-87.43454479684688,-27.774449435518132
XRP,7.0,0.6666666666666666,at the money,0.6583651767300507,1.0372417022181344,0.8416148598615321,-18.860294754660913,-19.56268423566023,0.9982817547836759,5.725578616826721,4.647081520613905,-18.836473453412296,-18.827888143420253,-6.122416053795721
XRP,7.0,0.6666666666666666,1 sd out,0.6583651767300507,1.0372417022181344,0.8416148598615321,-18.860294754660913,-19.56268423566023,2.9015361679623344,1.2837747531827954,0.6563252656156495,-48.87535652275006,-54.72382736907894,-19.569144550980198
XRP,7.0,0.6666666666666666,2 sd out,0.6583651767300507,1.0372417022181344,0.8416148598615321,-18.860294754660913,-19.56268423566023,6.355329102915524,0.14051691138108682,0.030008128337002168,-78.64447201261132,-119.8633801438615,-40.36960478904344
XRP,7.0,1.0,at the money,0.487547765095076,1.0372417022181344,0.7242500839485161,-30.175379335432407,-31.29916182696183,0.9982817547836759,5.725578616826721,3.999624344564051,-30.144626207564727,-30.12353063423853,-11.364579669649489
XRP,7.0,1.0,1 sd out,0.487547765095076,1.0372417022181344,0.7242500839485161,-30.175379335432407,-31.29916182696183,2.9015361679623344,1.2837747531827954,0.3676630294833588,-71.36078361318205,-87.55495452374036,-37.69978358983519
XRP,7.0,1.0,2 sd out,0.487547765095076,1.0372417022181344,0.7242500839485161,-30.175379335432407,-31.29916182696183,6.355329102915524,0.14051691138108682,0.00708073467539129,-94.96093772215923,-191.7744664819893,-69.47108921414626
XRP,30.0,0.0,at the money,1.0,1.0372417022181344,1.0372417022181344,0.0,0.0,0.9926527228258346,11.81969946994958,11.81969946994958,0.0,0.0,0.0
XRP,30.0,0.0,1 sd out,1.0,1.0372417022181344,1.0372417022181344,0.0,0.0,2.892560737722838,2.8546092922525137,2.8546092922525137,0.0,0.0,0.0
XRP,30.0,0.0,2 sd out,1.0,1.0372417022181344,1.0372417022181344,0.0,0.0,6.343820082858701,0.336983946839663,0.336983946839663,0.0,0.0,0.0
XRP,30.0,0.2857142857142857,at the money,0.8535850757414503,1.0372417022181344,0.9583041652762543,-7.610331976922325,-7.89375369418801,0.9926527228258346,11.81969946994958,10.926057648927396,-7.560613730443655,-7.554416758500462,-2.1433961243946476
XRP,30.0,0.2857142857142857,1 sd out,0.8535850757414503,1.0372417022181344,0.9583041652762543,-7.610331976922325,-7.89375369418801,2.892560737722838,2.8546092922525137,2.250897327417842,-21.14867230598465,-22.013347477482142,-6.50272976736832
XRP,30.0,0.2857142857142857,2 sd out,0.8535850757414503,1.0372417022181344,0.9583041652762543,-7.610331976922325,-7.89375369418801,6.343820082858701,0.336983946839663,0.19822186545215942,-41.177653324099325,-48.27857683242161,-14.108238555914998
XRP,30.0,0.5,at the money,0.743773882547538,1.0372417022181344,0.8945413721342925,-13.757673816881654,-14.270033008384186,0.9926527228258346,11.81969946994958,10.203186956872907,-13.676426521558326,-13.656592374077267,-4.173288897277494
XRP,30.0,0.5,1 sd out,0.743773882547538,1.0372417022181344,0.8945413721342925,-13.757673816881654,-14.270033008384186,2.892560737722838,2.8546092922525137,1.8029396585103774,-36.84110594736715,-39.79490712510937,-13.05865488179757
XRP,30.0,0.5,2 sd out,0.743773882547538,1.0372417022181344,0.8945413721342925,-13.757673816881654,-14.270033008384186,6.343820082858701,0.336983946839663,0.11874584801470009,-64.76216474750966,-87.27620745295317,-27.7454929060152
XRP,30.0,0.6666666666666666,at the money,0.6583651767300507,1.0372417022181344,0.8416148598615321,-18.860294754660913,-19.56268423566023,0.9926527228258346,11.81969946994958,9.602519391721426,-18.758345623466276,-18.72172294151196,-6.09892831197455
XRP,30.0,0.6666666666666666,1 sd out,0.6583651767300507,1.0372417022181344,0.8416148598615321,-18.860294754660913,-19.56268423566023,2.892560737722838,2.8546092922525137,1.4617248063285224,-48.79422517485378,-54.55454810921213,-19.53506655133458
XRP,30.0,0.6666666666666666,2 sd out,0.6583651767300507,1.0372417022181344,0.8416148598615321,-18.860294754660913,-19.56268423566023,6.343820082858701,0.336983946839663,0.07211134353133954,-78.60095585928605,-119.64631663325251,-40.337164156884185
XRP,30.0,1.0,at the money,0.487547765095076,1.0372417022181344,0.7242500839485161,-30.175379335432407,-31.29916182696183,0.9926527228258346,11.81969946994958,8.268623639608801,-30.043706604969422,-29.9536724596194,-11.331295326366286
XRP,30.0,1.0,1 sd out,0.487547765095076,1.0372417022181344,0.7242500839485161,-30.175379335432407,-31.29916182696183,2.892560737722838,2.8546092922525137,0.8195280624425969,-71.29106022786313,-87.28411751156484,-37.658444323302994
XRP,30.0,1.0,2 sd out,0.487547765095076,1.0372417022181344,0.7242500839485161,-30.175379335432407,-31.29916182696183,6.343820082858701,0.336983946839663,0.017033877503140227,-94.94519615462723,-191.42717743599556,-69.4451543309093
