entry_ts,exit_ts,instrument,cp,strike,expiry,hold_hours,wknd_frac,closed_frac,iv_in,iv_out,iv_change,index_in,index_out,index_move_pct,premium_in,premium_out,option_pnl,hedge_pnl,perp_fees,vega_usd,gross_usd,net_usd,gross_per_vega,net_per_vega
2019-05-03 12:07:29.611000+00:00,2019-05-05 00:00:00+00:00,ETH-10MAY19-170-P,P,170,2019-05-10 08:00:00+00:00,35.8751,0.292906,0.317315,0.6414,0.6287,-0.0127,166.916,162.104,-2.8823,7.56607,9.93486,-2.36878,2.46243,0.0783394,8.98839,0.0936435,-0.204803,0.0104183,-0.0227853
2019-05-24 12:34:40.433000+00:00,2019-05-26 00:00:00+00:00,ETH-31MAY19-260-C,C,260,2019-05-31 08:00:00+00:00,35.4221,0.293718,0.318194,1.0356,1.0681,0.0325,252.709,253.011,0.119586,11.1239,10.0008,1.12306,-0.540765,0.0944981,13.6784,0.582293,0.151332,0.0425702,0.0110636
2019-07-26 12:26:52.925000+00:00,2019-07-28 00:00:00+00:00,ETH-2AUG19-230-C,C,230,2019-08-02 08:00:00+00:00,35.552,0.293485,0.317942,0.9532,0.9112,-0.042,217.247,206.483,-4.95449,6.34334,2.07812,4.26522,-5.04727,0.0800837,11.0651,-0.78205,-1.1387,-0.0706774,-0.10291
2019-09-27 12:25:48.757000+00:00,2019-09-29 00:00:00+00:00,ETH-4OCT19-170-C,C,170,2019-10-04 08:00:00+00:00,35.5698,0.293453,0.317907,0.9707,1.0265,0.0558,165.827,173.958,4.90292,6.95914,10.6323,-3.67314,4.07561,0.0613529,8.98611,0.40247,0.117811,0.044788,0.0131103
2019-12-06 12:40:13.119000+00:00,2019-12-08 00:00:00+00:00,ETH-13DEC19-150-C,C,150,2019-12-13 08:00:00+00:00,35.3297,0.293884,0.312252,0.5652,0.6056,0.0404,147.016,147.33,0.213624,3.24233,3.1357,0.106629,0.0470388,0.0444844,7.83113,0.153667,-0.0848917,0.0196226,-0.0108403
2020-01-17 12:37:42.726000+00:00,2020-01-19 00:00:00+00:00,ETH-24JAN20-170-C,C,170,2020-01-24 08:00:00+00:00,35.3715,0.293809,0.312172,0.7826,0.7373,-0.0453,168.968,174.35,3.18536,6.73234,8.53893,-1.8066,2.54323,0.0806983,9.2232,0.736637,0.42837,0.0798678,0.0464449
2020-01-24 11:34:02.768000+00:00,2020-01-26 00:00:00+00:00,ETH-31JAN20-160-C,C,160,2020-01-31 08:00:00+00:00,36.4326,0.291913,0.310158,0.5827,0.633,0.0503,159.014,159.795,0.490922,4.59456,4.77803,-0.183464,0.0651956,0.0700917,8.67379,-0.118268,-0.401155,-0.0136351,-0.0462491
2020-01-31 12:41:22.818000+00:00,2020-02-02 00:00:00+00:00,ETH-7FEB20-180-P,P,180,2020-02-07 08:00:00+00:00,35.3103,0.293919,0.312289,0.6231,0.6655,0.0424,178.037,183.697,3.17922,7.11861,4.17106,2.94756,-2.97422,0.0766416,9.68247,-0.026668,-0.342606,-0.00275426,-0.0353842
2020-02-07 12:22:50.665000+00:00,2020-02-09 00:00:00+00:00,ETH-14FEB20-230-C,C,230,2020-02-14 08:00:00+00:00,35.6193,0.293364,0.311699,0.8853,0.9127,0.0274,220.074,224.231,1.88888,6.61703,7.36997,-0.752935,1.23902,0.075357,11.4717,0.48608,0.12249,0.042372,0.0106775
2020-02-14 12:40:33.038000+00:00,2020-02-16 00:00:00+00:00,ETH-21FEB20-280-C,C,280,2020-02-21 08:00:00+00:00,35.3242,0.293894,0.312262,0.9514,1.0851,0.1337,271.602,262.898,-3.20501,10.5035,7.2477,3.25579,-4.71803,0.126483,14.6159,-1.46224,-1.94649,-0.100045,-0.133176
2020-02-28 12:38:34.847000+00:00,2020-03-01 00:00:00+00:00,ETH-1MAR20-215-P,P,215,2020-03-01 08:00:00+00:00,35.357,0.738059,0.807252,1.2656,1.3328,0.0672,215.049,219.889,2.25052,7.66703,1.57976,6.08727,-5.18288,0.121698,6.07344,0.904387,0.570176,0.148909,0.0938803
2020-03-06 12:44:05.132000+00:00,2020-03-08 00:00:00+00:00,ETH-8MAR20-240-C,C,240,2020-03-08 08:00:00+00:00,35.2652,0.739624,0.808963,0.5645,0.6984,0.1339,239.064,235.686,-1.41318,3.37315,0.542684,2.83047,-5.7409,0.253916,6.73891,-2.91043,-3.39492,-0.431885,-0.503779
2020-03-13 12:39:32.836000+00:00,2020-03-15 00:00:00+00:00,ETH-15MAR20-140-C,C,140,2020-03-15 08:00:00+00:00,35.3409,0.738333,0.830625,1.9013,2.153,0.2517,132.711,121.651,-8.33432,4.24832,0.046545,4.20177,-2.86072,0.0640495,3.55411,1.34106,1.18337,0.377326,0.332959
2020-03-27 12:01:48.855000+00:00,2020-03-29 00:00:00+00:00,ETH-3APR20-140-C,C,140,2020-04-03 08:00:00+00:00,35.9698,0.292737,0.317132,1.0358,0.9511,-0.0847,135.525,131.132,-3.24164,5.74828,2.75915,2.98913,-2.87862,0.0535251,7.30557,0.110505,-0.121689,0.0151262,-0.016657
2020-04-17 12:37:48.481000+00:00,2020-04-19 00:00:00+00:00,ETH-19APR20-170-P,P,170,2020-04-19 08:00:00+00:00,35.3699,0.737839,0.830069,0.9655,1.7635,0.798,169.711,189.186,11.4756,4.78177,0.0797124,4.70206,-4.32082,0.086707,4.79817,0.381237,0.168846,0.0794546,0.0351897
2020-05-08 11:33:01.238000+00:00,2020-05-10 00:00:00+00:00,ETH-15MAY20-220-C,C,220,2020-05-15 08:00:00+00:00,36.4497,0.291883,0.316206,0.7851,0.7883,0.0032,212.415,209.053,-1.58293,5.95787,3.81964,2.13823,-1.23226,0.0619006,11.1711,0.905969,0.566747,0.0810997,0.0507335
2020-06-05 11:25:07.889000+00:00,2020-06-07 00:00:00+00:00,ETH-7JUN20-245-C,C,245,2020-06-07 08:00:00+00:00,36.5811,0.717792,0.807516,0.6573,0.6661,0.00879997,243.863,241.708,-0.883621,3.99612,0.733549,3.26257,-1.34096,0.127617,6.87473,1.92161,1.55546,0.279518,0.226258
2020-07-03 12:30:21.659000+00:00,2020-07-05 00:00:00+00:00,ETH-10JUL20-230-P,P,230,2020-07-10 08:00:00+00:00,35.494,0.293589,0.318055,0.3201,0.3514,0.0313,227.186,228.698,0.665736,5.55775,4.5718,0.98595,-1.71481,0.102428,11.9915,-0.728857,-1.13001,-0.0607813,-0.0942348
2020-10-02 12:27:41.749000+00:00,2020-10-04 00:00:00+00:00,ETH-4OCT20-340-C,C,340,2020-10-04 08:00:00+00:00,35.5384,0.734983,0.826856,0.8186,0.7398,-0.0788,338.93,347.242,2.45234,7.33236,7.95461,-0.622244,2.57408,0.167028,9.57977,1.95184,1.44957,0.203746,0.151316
2020-10-16 11:53:52.146000+00:00,2020-10-18 00:00:00+00:00,ETH-18OCT20-370-C,C,370,2020-10-18 08:00:00+00:00,36.1022,0.725588,0.816286,0.5287,0.5208,-0.00789997,368.953,368.942,-0.00288638,5.01508,1.82929,3.1858,-1.49438,0.180564,10.4148,1.69141,1.14881,0.162404,0.110305
2020-10-30 12:17:31.727000+00:00,2020-11-01 00:00:00+00:00,ETH-1NOV20-380-C,C,380,2020-11-01 08:00:00+00:00,35.7079,0.732134,0.823651,0.4887,0.5222,0.0335,378.609,387.311,2.29864,4.57437,7.64571,-3.07134,5.38789,0.237594,10.6628,2.31655,1.70517,0.217256,0.159918
2020-11-06 12:32:59.072000+00:00,2020-11-08 00:00:00+00:00,ETH-8NOV20-450-C,C,450,2020-11-08 08:00:00+00:00,35.4503,0.736474,0.805519,0.851,1.0058,0.1548,441.847,438.432,-0.772985,7.14035,1.46647,5.67388,-12.3312,0.414223,12.0358,-6.65729,-7.49816,-0.553126,-0.62299
2020-11-13 12:41:30.500000+00:00,2020-11-15 00:00:00+00:00,ETH-20NOV20-460-C,C,460,2020-11-20 08:00:00+00:00,35.3082,0.293923,0.312293,0.5363,0.5229,-0.0134,468.468,463.199,-1.12466,18.2384,13.3073,4.9311,-4.61007,0.210827,24.5521,0.321034,-0.500905,0.0130756,-0.0204017
2020-11-20 12:15:30.422000+00:00,2020-11-22 00:00:00+00:00,ETH-22NOV20-500-C,C,500,2020-11-22 08:00:00+00:00,35.7415,0.73157,0.800155,1.1512,2.8793,1.7281,506.274,561.162,10.8416,19.6997,63.1446,-43.4449,34.6457,0.306233,14.0484,-8.79916,-9.61537,-0.626344,-0.684444
2020-12-11 11:19:05.759000+00:00,2020-12-13 00:00:00+00:00,ETH-13DEC20-540-C,C,540,2020-12-13 08:00:00+00:00,36.6817,0.716176,0.783318,0.8082,1.4242,0.616,540.155,569.28,5.39196,12.4172,30.5464,-18.1292,19.0854,0.319054,15.2636,0.956213,0.0981711,0.0626466,0.00643171
2020-12-18 12:34:13.140000+00:00,2020-12-20 00:00:00+00:00,ETH-20DEC20-650-P,P,650,2020-12-20 08:00:00+00:00,35.4297,0.736823,0.8059,0.8016,1.052,0.2504,650.326,649.61,-0.11005,14.571,8.43733,6.1337,-5.24406,0.380363,18.3745,0.889636,-0.128881,0.048417,-0.00701416
2021-01-08 12:39:52.938000+00:00,2021-01-10 00:00:00+00:00,ETH-10JAN21-1300-C,C,1300,2021-01-10 08:00:00+00:00,35.3353,0.738428,0.807656,2.084,2.1334,0.0494,1258.71,1294.82,2.86926,56.4561,30.8392,25.6169,-6.54954,0.717395,35.2178,19.0673,17.1082,0.541411,0.485783
2021-02-05 12:43:00.052000+00:00,2021-02-07 00:00:00+00:00,ETH-7FEB21-1700-C,C,1700,2021-02-07 08:00:00+00:00,35.2833,0.739315,0.808626,1.0989,1.2101,0.1112,1671.87,1681.9,0.600311,39.4996,16.6686,22.831,-9.32157,1.01851,46.5492,13.5094,10.8561,0.290219,0.233217
2021-02-12 11:25:24.194000+00:00,2021-02-14 00:00:00+00:00,ETH-14FEB21-1820-C,C,1820,2021-02-14 08:00:00+00:00,36.5766,0.717865,0.785165,1.0358,0.8271,-0.2087,1787.51,1819.84,1.80862,38.1486,18.0659,20.0826,-4.52095,1.22025,49.4511,15.5617,12.5913,0.314688,0.254622
2021-02-19 12:35:02.283000+00:00,2021-02-21 00:00:00+00:00,ETH-21FEB21-1980-C,C,1980,2021-02-21 08:00:00+00:00,35.416,0.737055,0.806154,0.9909,1.262,0.2711,1942.02,1926.57,-0.795535,38.0141,10.3333,27.6807,-50.7612,1.56288,53.3407,-23.0805,-26.5244,-0.432699,-0.497263
2021-03-19 12:34:08.152000+00:00,2021-03-21 00:00:00+00:00,ETH-21MAR21-1820-C,C,1820,2021-03-21 08:00:00+00:00,35.4311,0.7368,0.8289,0.7516,0.8109,0.0592999,1824.33,1813.81,-0.57625,40.9197,14.8405,26.0792,-21.3795,1.24032,51.45,4.69964,1.67297,0.0913438,0.0325164
2021-04-02 12:03:19.184000+00:00,2021-04-04 00:00:00+00:00,ETH-4APR21-2000-P,P,2000,2021-04-04 08:00:00+00:00,35.9447,0.728188,0.819212,0.7686,0.8135,0.0449,2013.81,1987.02,-1.33021,37.0495,26.7213,10.3282,-35.6611,1.57252,56.2707,-25.3329,-28.8657,-0.450197,-0.512979
2021-04-16 12:28:28.505000+00:00,2021-04-18 00:00:00+00:00,ETH-18APR21-2400-P,P,2400,2021-04-18 08:00:00+00:00,35.5254,0.735203,0.827103,0.6646,1.245,0.5804,2394.14,2293.98,-4.18343,48.0305,110.963,-62.9326,15.1655,2.27631,67.6642,-47.7672,-52.3638,-0.705945,-0.773878
2021-05-14 12:29:38.197000+00:00,2021-05-16 00:00:00+00:00,ETH-16MAY21-3950-C,C,3950,2021-05-16 08:00:00+00:00,35.5061,0.73553,0.827471,0.9885,1.6209,0.6324,3976.32,3667.07,-7.77738,124.399,5.25019,119.148,-139.521,3.16008,111.482,-20.3727,-26.8876,-0.182743,-0.241183
2021-05-21 12:31:13.651000+00:00,2021-05-23 00:00:00+00:00,ETH-23MAY21-2600-P,P,2600,2021-05-23 08:00:00+00:00,35.4795,0.735978,0.827976,1.7873,2.3827,0.5954,2676.95,2305.84,-13.8629,98.2807,297.643,-199.363,199.167,1.81925,72.495,-0.195904,-4.48914,-0.00270231,-0.0619234
2021-06-18 12:44:08.694000+00:00,2021-06-20 00:00:00+00:00,ETH-20JUN21-2300-C,C,2300,2021-06-20 08:00:00+00:00,35.2643,0.739641,0.832096,0.9496,1.1208,0.1712,2272.46,2164.82,-4.73671,48.5794,1.11074,47.4686,-42.8376,1.56899,63.5757,4.63101,1.38276,0.0728425,0.0217498
2021-06-25 12:28:57.837000+00:00,2021-06-27 00:00:00+00:00,ETH-27JUN21-1900-C,C,1900,2021-06-27 08:00:00+00:00,35.5173,0.73534,0.827258,1.0983,1.4032,0.3049,1868.66,1814.18,-2.91524,44.1574,5.50929,38.6481,-59.6284,1.32197,52.0331,-20.9803,-24.1099,-0.40321,-0.463357
2021-07-09 12:39:23.827000+00:00,2021-07-11 00:00:00+00:00,ETH-11JUL21-2100-P,P,2100,2021-07-11 08:00:00+00:00,35.3434,0.73829,0.830577,0.8933,0.952,0.0587,2073.62,2111.42,1.82257,66.9334,18.8872,48.0462,-53.2819,1.93837,57.8076,-5.23564,-9.2103,-0.0905702,-0.159327
2021-07-23 11:54:19.294000+00:00,2021-07-25 00:00:00+00:00,ETH-25JUL21-2050-P,P,2050,2021-07-25 08:00:00+00:00,36.0946,0.725712,0.816426,0.7849,1.0947,0.3098,2057.22,2176.64,5.80502,42.048,0.967718,41.0803,-51.8789,1.23255,57.925,-10.7986,-13.5516,-0.186423,-0.233951
2021-08-13 12:44:48.805000+00:00,2021-08-15 00:00:00+00:00,ETH-15AUG21-3250-P,P,3250,2021-08-15 08:00:00+00:00,35.2531,0.739831,0.83231,0.9609,0.8757,-0.0852,3243.67,3282.54,1.19846,91.3951,20.6259,70.7693,-30.8436,2.08593,91.7096,39.9257,34.6432,0.435349,0.377749
2021-08-27 12:13:54.904000+00:00,2021-08-29 00:00:00+00:00,ETH-29AUG21-3150-P,P,3150,2021-08-29 08:00:00+00:00,35.7681,0.731126,0.822517,0.774,0.8181,0.0441,3161.98,3243.21,2.56886,63.2306,4.6225,58.6081,-41.2046,1.48867,88.9848,17.4035,13.1866,0.195579,0.148189
2021-09-03 12:43:36.469000+00:00,2021-09-05 00:00:00+00:00,ETH-5SEP21-3950-C,C,3950,2021-09-05 08:00:00+00:00,35.2732,0.739488,0.831924,0.8712,0.7429,-0.1283,3957.64,3898.53,-1.49351,101.245,15.2456,85.9989,-38.2582,2.09214,111.682,47.7408,41.7834,0.427472,0.37413
2021-09-10 12:09:15.949000+00:00,2021-09-12 00:00:00+00:00,ETH-12SEP21-3450-C,C,3450,2021-09-12 08:00:00+00:00,35.8456,0.729834,0.821064,0.8432,1.0598,0.2166,3398.48,3249.39,-4.38696,58.435,1.27911,57.1559,-61.2591,1.68812,93.7509,-4.10316,-8.23695,-0.0437666,-0.08786
2021-09-17 12:21:25.506000+00:00,2021-09-19 00:00:00+00:00,ETH-19SEP21-3450-C,C,3450,2021-09-19 08:00:00+00:00,35.6429,0.733223,0.824876,0.8536,0.7845,-0.0691,3434.72,3427.82,-0.200756,75.65,22.6318,53.0182,-35.7901,2.83772,97.0223,17.2281,11.0212,0.177568,0.113594
2021-10-08 12:38:27.332000+00:00,2021-10-10 00:00:00+00:00,ETH-10OCT21-3600-C,C,3600,2021-10-10 08:00:00+00:00,35.3591,0.738023,0.830276,0.8058,0.6972,-0.1086,3617.18,3575.57,-1.15032,91.0806,19.5041,71.5765,-28.409,1.77697,101.633,43.1675,37.86,0.42474,0.372518
2021-10-22 12:23:07.279000+00:00,2021-10-24 00:00:00+00:00,ETH-24OCT21-4150-P,P,4150,2021-10-24 08:00:00+00:00,35.6146,0.733699,0.825411,0.776,0.696,-0.08,4124.93,4178.81,1.30611,103.852,22.4127,81.4393,-83.4082,3.34853,116.23,-1.96892,-9.37842,-0.01694,-0.0806888
2021-11-05 12:44:58.625000+00:00,2021-11-07 00:00:00+00:00,ETH-7NOV21-4550-C,C,4550,2021-11-07 08:00:00+00:00,35.2504,0.739878,0.832363,0.64,0.5838,-0.0562,4487.77,4521.34,0.748091,54.3883,19.6206,34.7677,-21.2334,2.3694,121.977,13.5343,6.81473,0.110958,0.0558689
2021-11-26 12:42:26.569000+00:00,2021-11-28 00:00:00+00:00,ETH-28NOV21-4100-C,C,4100,2021-11-28 08:00:00+00:00,35.2926,0.739156,0.808452,0.9394,0.6878,-0.2516,4026.89,4088.86,1.53892,75.2658,28.6703,46.5955,7.99493,2.03536,110.703,54.5905,48.6252,0.493125,0.43924
2021-12-10 12:36:22.218000+00:00,2021-12-12 00:00:00+00:00,ETH-12DEC21-4200-C,C,4200,2021-12-12 08:00:00+00:00,35.3938,0.737432,0.806566,0.8754,0.8019,-0.0735,4158.94,4080.88,-1.87691,84.192,5.77651,78.4155,-80.5204,2.57076,116.64,-2.10485,-8.22074,-0.0180457,-0.0704799
2021-12-31 12:41:22.134000+00:00,2022-01-02 00:00:00+00:00,ETH-2JAN22-3800-C,C,3800,2022-01-02 08:00:00+00:00,35.3105,0.738851,0.808118,0.6495,0.477,-0.1725,3797.36,3768.12,-0.769858,68.4388,9.43597,59.0029,-41.6105,2.13688,107.362,17.3924,11.5358,0.161997,0.107447
2022-01-07 12:37:16.840000+00:00,2022-01-09 00:00:00+00:00,ETH-9JAN22-3200-C,C,3200,2022-01-09 08:00:00+00:00,35.3787,0.73769,0.806848,0.7177,0.8135,0.0958,3251.31,3071.4,-5.53373,94.2798,1.52113,92.7587,-96.0348,2.30035,86.8175,-3.27614,-7.91462,-0.0377359,-0.0911638
2022-03-25 12:44:33.308000+00:00,2022-03-27 00:00:00+00:00,ETH-27MAR22-3200-C,C,3200,2022-03-27 08:00:00+00:00,35.2574,0.739758,0.832227,0.6233,0.4269,-0.1964,3193.94,3144.14,-1.55908,53.3558,1.61978,51.736,-35.1412,1.69506,90.2851,16.5948,12.5196,0.183804,0.138668
2022-04-08 12:25:33.699000+00:00,2022-04-10 00:00:00+00:00,ETH-10APR22-3300-C,C,3300,2022-04-10 08:00:00+00:00,35.574,0.734383,0.826181,0.4686,0.4455,-0.0231,3264.37,3253.2,-0.342169,27.9729,3.26872,24.7042,-16.5592,1.44725,87.96,8.14496,4.12178,0.0925984,0.0468597
2022-04-15 12:43:40.253000+00:00,2022-04-17 00:00:00+00:00,ETH-17APR22-3000-P,P,3000,2022-04-17 08:00:00+00:00,35.2722,0.739506,0.831944,0.4327,0.4682,0.0355,3024.96,3061.05,1.1931,25.7119,1.4917,24.2202,-12.7296,1.45319,82.112,11.4905,7.83434,0.139937,0.0954104
2022-05-06 12:42:47.994000+00:00,2022-05-08 00:00:00+00:00,ETH-8MAY22-2700-P,P,2700,2022-05-08 08:00:00+00:00,35.2867,0.739258,0.831665,0.5929,0.5864,-0.00650002,2709.01,2647.62,-2.26628,40.9691,55.5953,-14.6262,41.0443,1.58275,76.2096,26.4181,22.199,0.34665,0.291289
2022-05-13 12:44:57.563000+00:00,2022-05-15 00:00:00+00:00,ETH-15MAY22-2100-C,C,2100,2022-05-15 08:00:00+00:00,35.2507,0.739873,0.832357,0.983,0.8147,-0.1683,2108.03,2053.84,-2.57043,62.5676,5.10963,57.4579,-43.9248,1.1531,59.3632,13.5331,10.3297,0.227972,0.174009
2022-05-27 12:41:45.508000+00:00,2022-05-29 00:00:00+00:00,ETH-29MAY22-1800-P,P,1800,2022-05-29 08:00:00+00:00,35.304,0.738961,0.831331,0.8281,0.4586,-0.3695,1816.07,1789.38,-1.4701,34.7738,16.1259,18.6479,2.01478,0.854328,50.5146,20.6627,18.0445,0.409044,0.357213
2022-06-24 12:43:21.130000+00:00,2022-06-26 00:00:00+00:00,ETH-26JUN22-1200-P,P,1200,2022-06-26 08:00:00+00:00,35.2775,0.739415,0.831842,0.8899,0.7676,-0.1223,1215.5,1235.11,1.61294,23.2596,1.44939,21.8102,-19.3325,0.889319,33.4306,2.47776,0.591085,0.0741164,0.0176809
2022-07-01 12:31:56.929000+00:00,2022-07-03 00:00:00+00:00,ETH-3JUL22-1050-P,P,1050,2022-07-03 08:00:00+00:00,35.4675,0.736182,0.828205,1.0219,0.8013,-0.2206,1050.72,1065.43,1.39926,29.9812,4.30391,25.6773,-10.5023,0.605619,29.6769,15.175,13.5337,0.51134,0.456035
2022-07-08 12:30:01.787000+00:00,2022-07-10 00:00:00+00:00,ETH-10JUL22-1200-P,P,1200,2022-07-10 08:00:00+00:00,35.4995,0.735641,0.827596,0.8909,0.5095,-0.3814,1225.2,1217.07,-0.663585,19.5775,1.80966,17.7678,-6.4442,0.609993,32.4588,11.3236,9.68144,0.348861,0.298268
2022-07-22 12:40:34.170000+00:00,2022-07-24 00:00:00+00:00,ETH-24JUL22-1650-P,P,1650,2022-07-24 08:00:00+00:00,35.3238,0.738623,0.830951,1.0927,0.632,-0.4607,1630.5,1567.12,-3.88674,61.0101,82.9097,-21.8996,17.2036,1.06274,45.7974,-4.69598,-7.33656,-0.102538,-0.160196
2022-07-29 12:44:59.996000+00:00,2022-07-31 00:00:00+00:00,ETH-31JUL22-1700-P,P,1700,2022-07-31 08:00:00+00:00,35.25,0.739884,0.83237,0.9652,0.8137,-0.1515,1661.62,1695.73,2.0528,67.5798,18.8769,48.7029,-28.4103,1.20889,44.9185,20.2926,17.4698,0.451765,0.388923
2022-08-05 12:38:24.299000+00:00,2022-08-07 00:00:00+00:00,ETH-7AUG22-1700-C,C,1700,2022-08-07 08:00:00+00:00,35.3599,0.738009,0.83026,0.9033,0.8149,-0.0884,1689.46,1689.12,-0.0199626,38.2075,11.7696,26.4379,-13.1675,1.0298,47.666,13.2704,10.5832,0.278404,0.222029
2022-09-23 12:41:35.665000+00:00,2022-09-25 00:00:00+00:00,ETH-25SEP22-1300-P,P,1300,2022-09-25 08:00:00+00:00,35.3068,0.738915,0.831279,0.9074,0.5934,-0.314,1297.16,1322.84,1.97993,34.7513,2.06905,32.6822,-15.3129,0.728683,36.6755,17.3693,15.4975,0.473593,0.422556
2022-09-30 12:41:48.202000+00:00,2022-10-02 00:00:00+00:00,ETH-2OCT22-1350-C,C,1350,2022-10-02 08:00:00+00:00,35.3033,0.738974,0.831346,0.7508,0.6141,-0.1367,1323.11,1312.26,-0.82015,16.9272,0.679001,16.2482,-10.2202,0.694799,35.168,6.02807,4.37646,0.171408,0.124444
2022-10-07 12:39:02.170000+00:00,2022-10-09 00:00:00+00:00,ETH-9OCT22-1350-C,C,1350,2022-10-09 08:00:00+00:00,35.3494,0.738188,0.830461,0.634,0.5847,-0.0493,1339.04,1315.13,-1.78529,19.0136,0.720493,18.2931,-8.65731,0.571519,37.3842,9.63576,8.06754,0.25775,0.215801
2022-11-04 12:42:14.065000+00:00,2022-11-06 00:00:00+00:00,ETH-6NOV22-1625-C,C,1625,2022-11-06 08:00:00+00:00,35.2961,0.739097,0.831484,0.6775,0.5564,-0.1211,1595.44,1624.68,1.83231,18.2894,10.7383,7.55112,7.86674,0.757479,42.3048,15.4179,13.123,0.364447,0.3102
2022-11-11 12:44:25.543000+00:00,2022-11-13 00:00:00+00:00,ETH-13NOV22-1275-C,C,1275,2022-11-13 08:00:00+00:00,35.2596,0.739721,0.80907,1.1359,0.7287,-0.4072,1271.87,1254.87,-1.33646,39.3418,3.83,35.5118,-14.5608,0.652742,35.959,20.951,19.0546,0.582637,0.529898
2022-11-18 12:15:29.889000+00:00,2022-11-20 00:00:00+00:00,ETH-20NOV22-1200-P,P,1200,2022-11-20 08:00:00+00:00,35.7417,0.731567,0.800152,0.6236,0.5125,-0.1111,1218.44,1217.35,-0.0889001,13.3562,1.78854,11.5676,0.398149,0.419052,32.2051,11.9658,10.5227,0.371549,0.326738
2022-11-25 12:12:54.042000+00:00,2022-11-27 00:00:00+00:00,ETH-27NOV22-1200-P,P,1200,2022-11-27 08:00:00+00:00,35.785,0.730844,0.799361,0.5522,0.4831,-0.0691,1193.7,1204.89,0.937305,22.0018,4.82737,17.1744,-8.54767,0.665749,33.5287,8.62673,6.78855,0.257294,0.20247
2022-12-02 12:34:11.676000+00:00,2022-12-04 00:00:00+00:00,ETH-4DEC22-1275-P,P,1275,2022-12-04 08:00:00+00:00,35.4301,0.736816,0.805893,0.5436,0.4671,-0.0765,1288.53,1239.46,-3.80784,13.669,35.6853,-22.0163,22.7635,0.772973,34.8984,0.74717,-1.25556,0.0214099,-0.0359774
2023-01-06 12:04:37.278000+00:00,2023-01-08 00:00:00+00:00,ETH-8JAN23-1250-C,C,1250,2023-01-08 08:00:00+00:00,35.923,0.728548,0.796849,0.343,0.2479,-0.0951,1242.11,1259.28,1.38258,8.54603,10.0839,-1.5379,8.69158,0.660374,34.0526,7.15367,5.28295,0.210077,0.155141
2023-02-10 12:33:02.361000+00:00,2023-02-12 00:00:00+00:00,ETH-12FEB23-1525-P,P,1525,2023-02-12 08:00:00+00:00,35.4493,0.73649,0.805536,0.5111,0.444,-0.0671,1534.49,1538.92,0.288586,17.6817,3.05149,14.6302,-4.15116,0.815744,42.6144,10.479,8.24592,0.245903,0.193501
2023-02-17 12:35:39.047000+00:00,2023-02-19 00:00:00+00:00,ETH-19FEB23-1650-P,P,1650,2023-02-19 08:00:00+00:00,35.4058,0.737228,0.806343,0.5057,0.5263,0.0206,1665.54,1690.29,1.48583,16.737,0.749082,15.9879,-12.3917,0.7716,45.2872,3.59617,1.6196,0.079408,0.0357629
2023-03-03 12:15:03.777000+00:00,2023-03-05 00:00:00+00:00,ETH-5MAR23-1550-P,P,1550,2023-03-05 08:00:00+00:00,35.749,0.731446,0.800019,0.4439,0.364,-0.0799,1566.08,1566.38,0.0191775,12.5555,1.55219,11.0033,-2.70728,0.720932,41.7374,8.29604,6.34753,0.198767,0.152082
2023-03-17 12:40:21.912000+00:00,2023-03-19 00:00:00+00:00,ETH-19MAR23-1725-P,P,1725,2023-03-19 08:00:00+00:00,35.3272,0.738565,0.830886,0.6895,0.5873,-0.1022,1738.93,1761.92,1.32212,27.2521,1.76012,25.492,-26.165,1.05282,48.2956,-0.673018,-3.11983,-0.0139354,-0.0645986
2023-03-24 12:37:32.606000+00:00,2023-03-26 00:00:00+00:00,ETH-26MAR23-1750-P,P,1750,2023-03-26 08:00:00+00:00,35.3743,0.737764,0.829985,0.6141,0.3504,-0.2637,1774.96,1746.78,-1.58753,19.7252,9.10644,10.6187,6.30998,0.994948,47.2502,16.9287,14.239,0.358278,0.301354
2023-04-07 12:44:14.158000+00:00,2023-04-09 00:00:00+00:00,ETH-9APR23-1850-C,C,1850,2023-04-09 08:00:00+00:00,35.2627,0.739667,0.832125,0.3745,0.2886,-0.0859,1855.54,1851.79,-0.20238,22.514,7.3737,15.1403,-6.75093,1.07722,52.0484,8.3894,5.49699,0.161184,0.105613
2023-04-14 12:38:19.569000+00:00,2023-04-16 00:00:00+00:00,ETH-16APR23-2100-C,C,2100,2023-04-16 08:00:00+00:00,35.3612,0.737986,0.830235,0.5441,0.3834,-0.1607,2115.44,2092.27,-1.09528,40.7248,6.30983,34.415,-37.0197,1.78266,58.5166,-2.60474,-6.44006,-0.0445128,-0.110055
2023-04-21 12:17:19.934000+00:00,2023-04-23 00:00:00+00:00,ETH-23APR23-1900-C,C,1900,2023-04-23 08:00:00+00:00,35.7111,0.732079,0.823589,0.4591,0.3565,-0.1026,1910.56,1873.83,-1.92237,30.3694,0.950987,29.4184,-33.9368,1.30392,53.0861,-4.51843,-7.23139,-0.085115,-0.13622
2023-04-28 12:43:52.520000+00:00,2023-04-30 00:00:00+00:00,ETH-30APR23-1925-C,C,1925,2023-04-30 08:00:00+00:00,35.2687,0.739564,0.832009,0.3925,0.3,-0.0925,1907.17,1903.02,-0.217574,13.5278,0.847963,12.6798,-3.29164,0.818478,51.2225,9.38819,7.19973,0.183282,0.140558
2023-05-19 12:18:57.081000+00:00,2023-05-21 00:00:00+00:00,ETH-21MAY23-1825-C,C,1825,2023-05-21 08:00:00+00:00,35.6841,0.732531,0.824098,0.3086,0.1972,-0.1114,1813.79,1818.75,0.273695,10.8939,1.90517,8.98878,1.46736,0.574542,49.4356,10.4561,8.43162,0.211511,0.170558
2023-05-26 12:44:04.297000+00:00,2023-05-28 00:00:00+00:00,ETH-28MAY23-1825-C,C,1825,2023-05-28 08:00:00+00:00,35.2655,0.73962,0.832072,0.3022,0.3255,0.0233,1812.23,1839.42,1.50023,9.98092,16.5833,-6.60242,3.28075,1.18315,48.7251,-3.32167,-6.25842,-0.0681716,-0.128443
2023-06-16 12:28:07.546000+00:00,2023-06-18 00:00:00+00:00,ETH-18JUN23-1675-C,C,1675,2023-06-18 08:00:00+00:00,35.5312,0.735104,0.826992,0.3533,0.7234,0.3701,1665.13,1725.4,3.61906,12.2116,51.8974,-39.6857,32.997,0.889869,45.9195,-6.68869,-9.21593,-0.145661,-0.200697
2023-06-30 12:35:23.392000+00:00,2023-07-02 00:00:00+00:00,ETH-2JUL23-1925-C,C,1925,2023-07-02 08:00:00+00:00,35.4102,0.737154,0.829299,0.4304,0.2044,-0.226,1902.31,1923.25,1.10031,13.6805,3.9161,9.76436,-5.32821,1.38003,50.1642,4.43614,1.31837,0.0884325,0.0262811
2023-07-07 12:44:35.129000+00:00,2023-07-09 00:00:00+00:00,ETH-9JUL23-1875-C,C,1875,2023-07-09 08:00:00+00:00,35.2569,0.739766,0.832237,0.3732,0.2993,-0.0739,1860.29,1863.94,0.19607,13.2201,2.60965,10.6105,-4.46975,1.1985,50.5116,6.14071,3.37568,0.12157,0.0668298
2023-07-21 12:20:09.140000+00:00,2023-07-23 00:00:00+00:00,ETH-23JUL23-1900-C,C,1900,2023-07-23 08:00:00+00:00,35.6641,0.732867,0.824475,0.268,0.3187,0.0507,1890.94,1859.83,-1.64519,10.2829,0.0838165,10.1991,-7.59266,0.845015,51.9175,2.60647,0.482474,0.050204,0.00929308
2023-08-04 12:30:34.236000+00:00,2023-08-06 00:00:00+00:00,ETH-6AUG23-1850-C,C,1850,2023-08-06 08:00:00+00:00,35.4905,0.735793,0.827767,0.2412,0.2622,0.021,1840.6,1835.5,-0.277318,8.44044,1.23265,7.20779,-2.38886,0.728918,49.9079,4.81893,2.70967,0.0965565,0.0542934
2023-08-11 12:29:55.023000+00:00,2023-08-13 00:00:00+00:00,ETH-13AUG23-1850-P,P,1850,2023-08-13 08:00:00+00:00,35.5014,0.735609,0.82756,0.1882,0.0823,-0.1059,1850.54,1848.56,-0.106984,9.57821,2.64444,6.93377,-0.270896,0.98617,52.3005,6.66287,4.08459,0.127396,0.0780985
2023-08-25 11:30:36.832000+00:00,2023-08-27 00:00:00+00:00,ETH-27AUG23-1650-P,P,1650,2023-08-27 08:00:00+00:00,36.4898,0.719266,0.809175,0.3459,0.0798,-0.2661,1654.77,1648.02,-0.407726,13.886,2.76593,11.12,3.02173,0.640312,46.3927,14.1418,12.0327,0.304827,0.259366
2023-09-01 12:37:42.738000+00:00,2023-09-03 00:00:00+00:00,ETH-3SEP23-1650-C,C,1650,2023-09-03 08:00:00+00:00,35.3715,0.737812,0.830039,0.2495,0.2865,0.037,1646.1,1634.02,-0.733854,9.78021,0.930173,8.85004,-5.51035,0.68538,46.1797,3.33969,1.42048,0.0723194,0.0307599
2023-09-15 12:29:58.757000+00:00,2023-09-17 00:00:00+00:00,ETH-17SEP23-1625-P,P,1625,2023-09-17 08:00:00+00:00,35.5003,0.735626,0.82758,0.2555,0.202,-0.0535,1622.39,1630.36,0.490768,13.0784,1.84821,11.2302,-9.53027,0.87766,45.7262,1.69996,-0.513042,0.0371769,-0.0112199
2023-09-22 12:18:23.667000+00:00,2023-09-24 00:00:00+00:00,ETH-24SEP23-1600-C,C,1600,2023-09-24 08:00:00+00:00,35.6934,0.732376,0.823923,0.1967,0.1848,-0.0119,1597.94,1593.69,-0.266081,7.9011,1.25778,6.64332,-3.22528,0.900916,45.0155,3.41804,1.27252,0.0759304,0.0282685
2023-09-29 12:18:16.079000+00:00,2023-10-01 00:00:00+00:00,ETH-1OCT23-1675-C,C,1675,2023-10-01 08:00:00+00:00,35.6955,0.73234,0.823883,0.2763,0.2351,-0.0412,1666.23,1669.76,0.212028,9.13113,2.57407,6.55706,-0.35581,0.82705,45.5644,6.20125,3.93716,0.136099,0.0864087
2023-10-20 12:35:41.366000+00:00,2023-10-22 00:00:00+00:00,ETH-22OCT23-1625-C,C,1625,2023-10-22 08:00:00+00:00,35.4052,0.737239,0.829394,0.3507,0.2422,-0.1085,1610.16,1628.14,1.11671,9.70072,6.48677,3.21395,2.47769,0.868237,42.7213,5.69164,3.2749,0.133227,0.0766574
2023-10-27 12:30:38.291000+00:00,2023-10-29 00:00:00+00:00,ETH-29OCT23-1800-C,C,1800,2023-10-29 08:00:00+00:00,35.4894,0.735812,0.827789,0.3928,0.2826,-0.1102,1783.34,1775.63,-0.432099,12.6668,0.35825,12.3086,-3.94682,0.754191,47.9032,8.36173,6.38076,0.174555,0.133201
2023-11-10 12:30:48.283000+00:00,2023-11-12 00:00:00+00:00,ETH-12NOV23-2100-C,C,2100,2023-11-12 08:00:00+00:00,35.4866,0.735859,0.804846,0.5826,0.4819,-0.1007,2086.4,2053.7,-1.56741,28.105,0.825827,27.2792,-15.9741,1.14053,58.4422,11.3051,8.64611,0.193441,0.147943
2023-11-17 12:29:24.103000+00:00,2023-11-19 00:00:00+00:00,ETH-19NOV23-1975-C,C,1975,2023-11-19 08:00:00+00:00,35.51,0.735464,0.804413,0.4322,0.4003,-0.0319,1956.36,1958.34,0.100997,15.8422,3.39712,12.4451,-6.10551,1.11527,52.9706,6.33962,3.49736,0.119682,0.0660245
2023-11-24 12:33:35.247000+00:00,2023-11-26 00:00:00+00:00,ETH-26NOV23-2100-C,C,2100,2023-11-26 08:00:00+00:00,35.4402,0.736645,0.805705,0.4691,0.2515,-0.2176,2105.03,2085.28,-0.938473,30.4742,1.52376,28.9504,-12.6345,1.09558,59.284,16.3158,13.5976,0.275215,0.229363
2023-12-08 12:23:10.052000+00:00,2023-12-10 00:00:00+00:00,ETH-10DEC23-2350-P,P,2350,2023-12-10 08:00:00+00:00,35.6139,0.733711,0.802497,0.403,0.2674,-0.1356,2370.65,2339.19,-1.32681,17.8209,14.1583,3.66261,-4.11553,1.49923,63.6701,-0.452919,-4.22506,-0.00711353,-0.0663586
2023-12-22 12:25:47.915000+00:00,2023-12-24 00:00:00+00:00,ETH-24DEC23-2325-C,C,2325,2023-12-24 08:00:00+00:00,35.57,0.73445,0.803305,0.4396,0.3629,-0.0767,2307.34,2310.82,0.150769,20.814,4.58839,16.2256,-11.6346,1.45469,63.5464,4.59098,1.01225,0.0722461,0.0159293
2024-01-05 12:24:26.540000+00:00,2024-01-07 00:00:00+00:00,ETH-7JAN24-2250-C,C,2250,2024-01-07 08:00:00+00:00,35.5926,0.734069,0.802888,0.6314,0.29,-0.3414,2250.77,2240.78,-0.443822,40.5579,4.0875,36.4704,-10.7168,1.22021,63.6092,25.7536,22.4881,0.404872,0.353535
2024-01-12 12:44:22.267000+00:00,2024-01-14 00:00:00+00:00,ETH-14JAN24-2650-C,C,2650,2024-01-14 08:00:00+00:00,35.2605,0.739705,0.809052,0.6798,0.6068,-0.073,2656.99,2575.95,-3.05016,54.5694,1.26462,53.3048,-50.3073,1.39109,74.8905,2.99755,-0.360217,0.0400258,-0.00480991
2024-01-26 12:38:52.623000+00:00,2024-01-28 00:00:00+00:00,ETH-28JAN24-2275-C,C,2275,2024-01-28 08:00:00+00:00,35.352,0.738143,0.807344,0.3689,0.1971,-0.1718,2254.3,2265.43,0.493964,14.6984,1.9078,12.7906,-1.41441,1.39986,60.2279,11.3762,8.24814,0.188887,0.136949
2024-02-09 12:44:51.286000+00:00,2024-02-11 00:00:00+00:00,ETH-11FEB24-2500-C,C,2500,2024-02-11 08:00:00+00:00,35.2524,0.739843,0.809203,0.4022,0.2056,-0.1966,2512.05,2501.85,-0.406056,34.9284,7.16975,27.7587,-11.7154,1.57834,69.8461,16.0432,12.0174,0.229694,0.172055
2024-02-23 12:40:40.532000+00:00,2024-02-25 00:00:00+00:00,ETH-25FEB24-2950-P,P,2950,2024-02-25 08:00:00+00:00,35.3221,0.738653,0.807902,0.5323,0.356,-0.1763,2930.4,2990.1,2.03756,54.7389,1.59903,53.1399,-28.1262,1.54455,81.8273,25.0137,21.285,0.305689,0.260121
2024-03-01 12:33:21.938000+00:00,2024-03-03 00:00:00+00:00,ETH-3MAR24-3400-P,P,3400,2024-03-03 08:00:00+00:00,35.4439,0.736582,0.805637,0.5159,0.447,-0.0689,3433.33,3425.03,-0.241855,34.9315,8.52169,26.4098,-7.24549,1.89924,93.2072,19.1644,13.9487,0.20561,0.149653
2024-03-08 12:13:06.493000+00:00,2024-03-10 00:00:00+00:00,ETH-10MAR24-3975-C,C,3975,2024-03-10 08:00:00+00:00,35.7815,0.730902,0.799424,0.6342,0.3812,-0.253,3949.43,3918.63,-0.779689,58.9853,2.34944,56.6359,-45.9286,2.62483,110.849,10.7073,5.10676,0.0965933,0.0460695
2024-03-29 12:27:36.564000+00:00,2024-03-31 00:00:00+00:00,ETH-31MAR24-3525-P,P,3525,2024-03-31 08:00:00+00:00,35.5398,0.734959,0.826829,0.5114,0.3582,-0.1532,3549.71,3519.01,-0.864776,39.7374,18.3914,21.346,3.87393,2.08237,98.1576,25.2199,19.6912,0.256933,0.200608
2024-04-05 12:19:56.090000+00:00,2024-04-07 00:00:00+00:00,ETH-7APR24-3250-C,C,3250,2024-04-07 08:00:00+00:00,35.6678,0.732806,0.824407,0.5456,0.6595,0.1139,3247.84,3358.33,3.40192,49.0427,109.703,-60.6607,66.209,1.60106,91.8286,5.54839,0.725199,0.0604211,0.00789731
2024-05-10 12:22:33.262000+00:00,2024-05-12 00:00:00+00:00,ETH-12MAY24-3050-C,C,3050,2024-05-12 08:00:00+00:00,35.6241,0.73354,0.825232,0.4162,0.6955,0.2793,3035.02,2908.86,-4.1568,28.8113,0.261891,28.5494,-46.8459,1.32539,84.8246,-18.2965,-21.7109,-0.215699,-0.25595
2024-05-31 12:40:45.101000+00:00,2024-06-02 00:00:00+00:00,ETH-2JUN24-3800-P,P,3800,2024-06-02 08:00:00+00:00,35.3208,0.738675,0.831009,0.5123,0.2913,-0.221,3835.92,3814.33,-0.562719,39.1858,7.40855,31.7773,-10.1933,2.21903,104.366,21.584,15.8785,0.20681,0.152142
2024-06-21 12:34:35.423000+00:00,2024-06-23 00:00:00+00:00,ETH-23JUN24-3500-C,C,3500,2024-06-23 08:00:00+00:00,35.4235,0.736928,0.829044,0.4986,0.2182,-0.2804,3488.71,3496.64,0.227261,43.8189,7.61924,36.1997,-1.69756,1.6059,98.3711,34.5021,29.5686,0.350735,0.300582
2024-07-26 12:30:51.220000+00:00,2024-07-28 00:00:00+00:00,ETH-28JUL24-3250-P,P,3250,2024-07-28 08:00:00+00:00,35.4858,0.735873,0.827857,0.7256,0.4611,-0.2645,3252.45,3252.75,0.00908032,65.4749,16.7344,48.7404,-3.13423,1.62975,91.8843,45.6062,40.7839,0.496344,0.443861
2024-08-09 12:36:53.402000+00:00,2024-08-11 00:00:00+00:00,ETH-11AUG24-2600-P,P,2600,2024-08-11 08:00:00+00:00,35.3852,0.737579,0.829777,0.7422,0.3499,-0.3923,2619.8,2607.74,-0.460513,45.4287,7.54546,37.8832,1.3745,1.18383,73.0023,39.2577,35.5196,0.53776,0.486555
2024-08-16 12:41:11.880000+00:00,2024-08-18 00:00:00+00:00,ETH-18AUG24-2550-P,P,2550,2024-08-18 08:00:00+00:00,35.3134,0.738802,0.831152,0.6205,0.5096,-0.1109,2568.62,2612.32,1.70134,36.1987,0.995883,35.2028,-17.433,1.13318,71.36,17.7698,14.7778,0.249017,0.207088
2024-09-20 12:17:08.606000+00:00,2024-09-22 00:00:00+00:00,ETH-22SEP24-2550-P,P,2550,2024-09-22 08:00:00+00:00,35.7143,0.732026,0.82353,0.4712,0.5552,0.084,2546.31,2618.98,2.85375,35.8226,1.02981,34.7928,-25.9039,1.67911,71.9684,8.88891,5.34514,0.123511,0.0742707
2024-09-27 12:42:11.714000+00:00,2024-09-29 00:00:00+00:00,ETH-29SEP24-2675-P,P,2675,2024-09-29 08:00:00+00:00,35.2967,0.739086,0.831471,0.4464,0.2675,-0.1789,2665.12,2682.49,0.65171,38.8696,5.40652,33.4631,-19.737,1.7867,74.9685,13.726,9.45143,0.183091,0.126072
2024-11-01 12:40:11.496000+00:00,2024-11-03 00:00:00+00:00,ETH-3NOV24-2525-C,C,2525,2024-11-03 08:00:00+00:00,35.3301,0.738516,0.83083,0.4345,0.3144,-0.1201,2540.38,2488.18,-2.05496,39.4078,0.627786,38.78,-20.7801,1.3965,70.2207,17.9999,14.8143,0.256333,0.210968
2024-11-22 12:27:36.506000+00:00,2024-11-24 00:00:00+00:00,ETH-24NOV24-3325-P,P,3325,2024-11-24 08:00:00+00:00,35.5399,0.734959,0.803861,0.6312,0.5657,-0.0655,3358.06,3411.26,1.58412,44.5502,1.69433,42.8559,-35.6048,2.4058,92.1705,7.25106,2.38115,0.0786701,0.0258342
2024-12-27 12:22:47.200000+00:00,2024-12-29 00:00:00+00:00,ETH-29DEC24-3400-P,P,3400,2024-12-29 08:00:00+00:00,35.6202,0.733605,0.80238,0.6219,0.3858,-0.2361,3412.63,3400.91,-0.343259,53.7877,15.3634,38.4243,-11.016,1.76506,95.9459,27.4083,22.3033,0.285664,0.232457
2025-01-03 12:29:09.237000+00:00,2025-01-05 00:00:00+00:00,ETH-5JAN25-3500-C,C,3500,2025-01-05 08:00:00+00:00,35.5141,0.735394,0.804337,0.458,0.758,0.3,3469.02,3664.34,5.63026,31.3124,165.026,-133.714,106.601,1.93261,94.8798,-27.113,-32.4671,-0.285761,-0.342192
2025-01-10 12:34:37.884000+00:00,2025-01-12 00:00:00+00:00,ETH-12JAN25-3275-C,C,3275,2025-01-12 08:00:00+00:00,35.4228,0.73694,0.806028,0.5809,0.3564,-0.2245,3297.87,3283.72,-0.429168,66.1799,18.8782,47.3017,-19.5741,2.06214,91.5817,27.7276,22.4541,0.302764,0.245181
2025-01-17 12:40:18.868000+00:00,2025-01-19 00:00:00+00:00,ETH-19JAN25-3375-P,P,3375,2025-01-19 08:00:00+00:00,35.3281,0.738551,0.80779,0.5274,0.5515,0.0241,3407.51,3312.78,-2.78008,35.9631,65.9182,-29.9551,19.2264,2.53714,92.7633,-10.7287,-16.5349,-0.115657,-0.178248
2025-01-31 12:44:06.263000+00:00,2025-02-02 00:00:00+00:00,ETH-2FEB25-3300-P,P,3300,2025-02-02 08:00:00+00:00,35.2649,0.739629,0.808969,0.5614,0.8752,0.3138,3346.88,3122.65,-6.69955,32.5899,177.913,-145.324,138.741,2.10377,88.223,-6.58275,-11.819,-0.0746149,-0.133967
2025-02-14 12:42:31.633000+00:00,2025-02-16 00:00:00+00:00,ETH-16FEB25-2675-P,P,2675,2025-02-16 08:00:00+00:00,35.2912,0.73918,0.808478,0.5107,0.3053,-0.2054,2684.93,2701.48,0.616624,33.9337,1.81305,32.1207,-13.5594,1.54165,75.3645,18.5613,14.9696,0.246287,0.19863
2025-03-07 12:43:37.120000+00:00,2025-03-09 00:00:00+00:00,ETH-9MAR25-2150-P,P,2150,2025-03-09 08:00:00+00:00,35.273,0.739491,0.808818,0.8404,0.6805,-0.1599,2169.68,2204.46,1.60303,42.0707,2.42789,39.6428,-18.7939,1.1933,60.3289,20.8489,17.8864,0.345588,0.296482
2025-04-04 12:40:12.120000+00:00,2025-04-06 00:00:00+00:00,ETH-6APR25-1800-C,C,1800,2025-04-06 08:00:00+00:00,35.33,0.738519,0.830834,0.7858,0.4307,-0.3551,1772.19,1806.03,1.90921,27.3147,12.6841,14.6305,7.83162,0.831196,48.5444,22.4621,19.9018,0.462714,0.409972
2025-04-11 12:34:05.574000+00:00,2025-04-13 00:00:00+00:00,ETH-13APR25-1575-C,C,1575,2025-04-13 08:00:00+00:00,35.4318,0.736788,0.828886,0.7225,0.6943,-0.0282,1562.21,1638.38,4.876,26.0497,63.7746,-37.7249,40.4908,0.936241,43.7769,2.76582,0.27813,0.0631799,0.00635336
2025-05-09 12:44:11.699000+00:00,2025-05-11 00:00:00+00:00,ETH-11MAY25-2375-C,C,2375,2025-05-11 08:00:00+00:00,35.2634,0.739655,0.832112,0.9518,1.7548,0.803,2339.96,2577.08,10.1333,47.4452,205.587,-158.142,170.549,1.50872,65.018,12.4065,8.54446,0.190816,0.131417
2025-05-23 12:43:05.122000+00:00,2025-05-25 00:00:00+00:00,ETH-25MAY25-2500-P,P,2500,2025-05-25 08:00:00+00:00,35.2819,0.739339,0.831756,0.8337,0.5342,-0.2995,2547.21,2528.51,-0.734034,38.8299,5.77593,33.054,-1.13342,0.846122,67.8316,31.9206,28.6721,0.470585,0.422695
2025-05-30 12:38:39.814000+00:00,2025-06-01 00:00:00+00:00,ETH-1JUN25-2575-P,P,2575,2025-06-01 08:00:00+00:00,35.3556,0.738082,0.830342,0.5635,0.5158,-0.0477,2609.24,2526.46,-3.17245,26.4155,50.6774,-24.262,33.0052,1.51694,69.3733,8.74324,4.7486,0.126032,0.06845
2025-06-27 12:31:25.161000+00:00,2025-06-29 00:00:00+00:00,ETH-29JUN25-2450-C,C,2450,2025-06-29 08:00:00+00:00,35.4763,0.736032,0.828037,0.4195,0.3182,-0.1013,2441.72,2435.99,-0.234513,25.0546,3.9855,21.0691,-6.66087,0.991362,68.6987,14.4082,11.2583,0.209731,0.163879
2025-07-04 12:37:43.555000+00:00,2025-07-06 00:00:00+00:00,ETH-6JUL25-2550-C,C,2550,2025-07-06 08:00:00+00:00,35.3712,0.737816,0.830043,0.338,0.3,-0.038,2552.08,2518.49,-1.31646,25.435,0.89652,24.5385,-32.0928,1.63264,72.0806,-7.5543,-11.0382,-0.104804,-0.153137
2025-07-11 12:43:58.172000+00:00,2025-07-13 00:00:00+00:00,ETH-13JUL25-2950-C,C,2950,2025-07-13 08:00:00+00:00,35.2672,0.739591,0.83204,0.6222,0.379,-0.2432,2976.42,2938.66,-1.26857,66.3936,8.53591,57.8577,-27.0437,1.77786,82.0657,30.814,26.1532,0.375479,0.318686
2025-07-18 12:36:07.666000+00:00,2025-07-20 00:00:00+00:00,ETH-20JUL25-3575-P,P,3575,2025-07-20 08:00:00+00:00,35.3979,0.737363,0.829534,0.609,0.392,-0.217,3606.34,3596.21,-0.281147,47.4099,8.41154,38.9984,-12.8596,2.36077,99.4425,26.1388,20.3016,0.262854,0.204154
2025-07-25 12:41:50.042000+00:00,2025-07-27 00:00:00+00:00,ETH-27JUL25-3750-C,C,3750,2025-07-27 08:00:00+00:00,35.3028,0.738983,0.831356,0.5617,0.3862,-0.1755,3723.49,3737.71,0.382071,47.0237,11.9723,35.0515,-18.217,2.41818,103.966,16.8344,10.7737,0.161923,0.103627
2025-08-29 12:42:14.486000+00:00,2025-08-31 00:00:00+00:00,ETH-31AUG25-4450-C,C,4450,2025-08-31 08:00:00+00:00,35.296,0.739099,0.831486,0.5925,0.3403,-0.2522,4389.88,4373.95,-0.363045,47.8303,0.878971,46.9514,-20.7779,2.05979,118.553,26.1734,21.0856,0.220773,0.177857
2025-09-26 12:41:15.595000+00:00,2025-09-28 00:00:00+00:00,ETH-28SEP25-3975-P,P,3975,2025-09-28 08:00:00+00:00,35.3123,0.73882,0.831172,0.5282,0.4042,-0.124,3941.08,4020.12,2.00557,77.6091,4.69149,72.9176,-37.4497,2.16901,108.994,35.4679,30.058,0.325411,0.275776
2025-10-24 12:43:11.711000+00:00,2025-10-26 00:00:00+00:00,ETH-26OCT25-3950-P,P,3950,2025-10-26 08:00:00+00:00,35.2801,0.73937,0.831791,0.4825,0.3099,-0.1726,3975.59,3951.74,-0.600027,42.2244,13.9097,28.3147,-13.4159,2.5431,110.047,14.8988,8.49112,0.135386,0.0771593
2025-10-31 12:35:30.877000+00:00,2025-11-02 00:00:00+00:00,ETH-2NOV25-3875-C,C,3875,2025-11-02 08:00:00+00:00,35.4081,0.73719,0.829338,0.4903,0.3638,-0.1265,3877.17,3872.74,-0.114157,54.8209,15.8853,38.9356,-0.541137,1.96935,109.561,38.3944,32.6203,0.350439,0.297737
2025-12-19 12:22:10.190000+00:00,2025-12-21 00:00:00+00:00,ETH-21DEC25-2925-P,P,2925,2025-12-21 08:00:00+00:00,35.6305,0.733432,0.802191,0.5756,0.4083,-0.1673,2955.12,2977.92,0.771548,34.2856,1.18648,33.0991,-9.74588,1.08815,80.5286,23.3532,20.1426,0.289999,0.250129
2025-12-26 12:33:18.508000+00:00,2025-12-28 00:00:00+00:00,ETH-28DEC25-2975-C,C,2975,2025-12-28 08:00:00+00:00,35.4449,0.736566,0.805619,0.3736,0.3913,0.0177,2968.55,2955.38,-0.443796,28.2725,6.3126,21.9599,-20.1451,1.44828,83.7346,1.81482,-2.44406,0.0216735,-0.0291882
2026-01-09 11:39:17.531000+00:00,2026-01-11 00:00:00+00:00,ETH-12JAN26-3075-P,P,3075,2026-01-12 08:00:00+00:00,36.3451,0.702318,0.746213,0.4002,0.3418,-0.0584,3094.17,3082.58,-0.374591,34.4725,21.7613,12.7112,-0.897349,1.33421,106.731,11.8138,7.18502,0.110688,0.067319
2026-01-16 11:50:48.870000+00:00,2026-01-18 00:00:00+00:00,ETH-18JAN26-3300-C,C,3300,2026-01-18 08:00:00+00:00,36.1531,0.724751,0.792696,0.3376,0.1735,-0.1641,3302.29,3307.14,0.14699,32.667,11.0608,21.6062,-8.10349,2.24845,93.2901,13.5027,8.01142,0.144739,0.0858764
2026-01-23 12:34:10.916000+00:00,2026-01-25 00:00:00+00:00,ETH-25JAN26-2925-P,P,2925,2026-01-25 08:00:00+00:00,35.4303,0.736813,0.805889,0.3812,0.3681,-0.0131,2932.17,2951.19,0.648519,28.1072,3.92008,24.1871,-11.076,1.40073,82.4553,13.111,9.22697,0.159008,0.111903
2026-01-30 12:36:35.129000+00:00,2026-02-01 00:00:00+00:00,ETH-1FEB26-2750-C,C,2750,2026-02-01 08:00:00+00:00,35.3902,0.737493,0.806633,0.5383,1.4385,0.9002,2742.29,2459.12,-10.326,38.051,0.180966,37.8701,-48.5804,1.60861,77.4198,-10.7104,-14.21,-0.138342,-0.183544
2026-03-06 12:38:13.419000+00:00,2026-03-08 00:00:00+00:00,ETH-8MAR26-2025-P,P,2025,2026-03-08 08:00:00+00:00,35.3629,0.737957,0.807141,0.6663,0.5232,-0.1431,2042.87,1973.25,-3.4082,30.0378,52.4234,-22.3856,31.5042,0.927106,56.5036,9.11863,6.22353,0.161381,0.110144
2026-03-20 12:15:25.510000+00:00,2026-03-22 00:00:00+00:00,ETH-22MAR26-2150-P,P,2150,2026-03-22 08:00:00+00:00,35.7429,0.731547,0.82299,0.5919,1.2266,0.6347,2146.59,2074.25,-3.36959,37.6826,82.6793,-44.9967,40.0297,1.40236,60.6835,-4.967,-8.45524,-0.0818509,-0.139333
2026-03-27 12:37:46.782000+00:00,2026-03-29 00:00:00+00:00,ETH-29MAR26-2000-P,P,2000,2026-03-29 08:00:00+00:00,35.3703,0.737831,0.83006,0.6817,0.3972,-0.2845,1987.76,1995.17,0.372535,44.8562,12.1765,32.6797,-11.4032,1.15106,55.9048,21.2764,18.1754,0.380583,0.325114
2026-04-03 12:30:36.964000+00:00,2026-04-05 00:00:00+00:00,ETH-5APR26-2050-P,P,2050,2026-04-05 08:00:00+00:00,35.4897,0.735806,0.827782,0.3742,0.3276,-0.0466,2061.57,2060.6,-0.0468573,16.4524,3.89336,12.559,-1.56919,0.788901,56.8253,10.9899,8.3283,0.193397,0.14656
2026-04-17 12:13:29.917000+00:00,2026-04-19 00:00:00+00:00,ETH-19APR26-2325-P,P,2325,2026-04-19 08:00:00+00:00,35.775,0.73101,0.822387,0.46,0.4382,-0.0218,2315.83,2353.89,1.64376,34.9854,2.92913,32.0563,-22.1494,1.22868,65.1177,9.90688,6.73781,0.152138,0.103471
2026-05-29 12:33:36.509000+00:00,2026-05-31 00:00:00+00:00,ETH-31MAY26-2000-P,P,2000,2026-05-31 08:00:00+00:00,35.4399,0.736651,0.828732,0.3402,0.2851,-0.0551,1996.78,2017.74,1.04973,20.8735,1.37429,19.4992,-17.8065,1.45364,56.3721,1.69267,-1.29318,0.0300268,-0.02294
2026-06-26 12:40:02.631000+00:00,2026-06-28 00:00:00+00:00,ETH-28JUN26-1525-P,P,1525,2026-06-28 08:00:00+00:00,35.3326,0.738474,0.830783,0.7187,0.5787,-0.14,1534.79,1574.65,2.59696,26.4357,0.356924,26.0788,-25.4543,0.795365,42.9019,0.624486,-1.25538,0.0145561,-0.0292617
2026-07-03 12:07:23.978000+00:00,2026-07-05 00:00:00+00:00,ETH-5JUL26-1725-P,P,1725,2026-07-05 08:00:00+00:00,35.8767,0.729317,0.820482,0.3533,0.5296,0.1763,1739.11,1776.18,2.13156,11.1535,0.373605,10.7798,-11.0559,0.856599,46.4429,-0.276007,-2.32832,-0.00594294,-0.050133
2026-07-10 12:18:33.314000+00:00,2026-07-12 00:00:00+00:00,ETH-12JUL26-1800-C,C,1800,2026-07-12 08:00:00+00:00,35.6907,0.732421,0.823973,0.3561,0.3969,0.0408,1799.65,1789.32,-0.573876,17.9471,4.28446,13.6626,-18.7842,1.54069,50.8824,-5.12154,-8.42493,-0.100655,-0.165577
2026-07-24 11:43:46.534000+00:00,2026-07-26 00:00:00+00:00,ETH-26JUL26-1875-P,P,1875,2026-07-26 08:00:00+00:00,36.2704,0.72283,0.813184,0.3291,0.2213,-0.1078,1879.4,1877.18,-0.118471,15.3528,3.99156,11.3612,-0.690157,0.911954,52.8041,10.6711,7.98315,0.202088,0.151184
2026-08-07 12:36:56.582000+00:00,2026-08-09 00:00:00+00:00,ETH-9AUG26-1920-C,C,1920,2026-08-09 08:00:00+00:00,35.3843,0.737594,0.829794,0.329,0.2364,-0.0926,1925.8,1915.5,-0.534757,20.9352,3.50795,17.4273,-7.69249,0.879226,53.9112,9.7348,7.11119,0.180571,0.131906
