date,short_weekend_leg_net,short_weekday_leg_net,spread_net,spread_gross
2024-03-29 00:00:00+00:00,0.19433621424823702,-0.3770207961185414,0.5713570103667784,0.5710572609285925
2024-03-30 00:00:00+00:00,-0.0990370489912859,-0.32830316260838327,0.22926611361709737,0.27308446656467833
2024-04-04 00:00:00+00:00,-0.5020496421651961,-0.49683383905189094,-0.005215803113305162,0.06587761580971857
2024-04-11 00:00:00+00:00,0.03129113445668,-0.060743867915876285,0.09203500237255628,0.029881370640341853
2024-04-13 00:00:00+00:00,-0.30902042168365856,-0.48726273005007736,0.1782423083664188,0.1967421977083074
2024-04-18 00:00:00+00:00,0.14442716569852007,-0.2802040683741875,0.42463123407270753,0.40749578050336766
2024-04-19 00:00:00+00:00,0.09084019884400749,-0.022244591447513184,0.11308479029152067,0.10723655399370047
2024-04-20 00:00:00+00:00,-0.03332371512631098,0.011176314041514484,-0.044500029167825465,-0.05490071720301583
2024-04-21 00:00:00+00:00,0.12310691258123851,0.15513165835357465,-0.03202474577233613,-0.05594653321912679
2024-04-25 00:00:00+00:00,0.08176145317918654,-0.26644162950474276,0.3482030826839293,0.34960018047408803
2024-04-26 00:00:00+00:00,-0.0067855795255969565,-0.014418258718748092,0.0076326791931511356,0.06656725354114403
2024-04-27 00:00:00+00:00,0.11434720393230478,-0.054374042204667496,0.16872124613697229,0.13995245043952587
2024-04-28 00:00:00+00:00,-0.006699064212516466,-0.05399493014404595,0.047295865931529485,0.02825799212383981
2024-05-02 00:00:00+00:00,0.04127443242545155,-0.10877810872761894,0.15005254115307048,0.12118163327044124
2024-05-03 00:00:00+00:00,0.08224984234013913,-0.18173808559728485,0.263987927937424,0.299379602820961
2024-05-04 00:00:00+00:00,-0.0313024156981602,-0.08311320985930114,0.051810794161140934,0.09093613044100632
2024-05-05 00:00:00+00:00,-0.07356409342161396,-0.4557228713790329,0.3821587779574189,0.3791057346962742
2024-05-17 00:00:00+00:00,0.06217761953760045,0.019844305662387648,0.0423333138752128,-0.0009431598313046075
2024-05-18 00:00:00+00:00,-0.05995561632412813,-0.6008737344677902,0.5409181181436621,0.43227350720717017
2024-05-24 00:00:00+00:00,0.0673250894031401,-0.10300967231576055,0.17033476171890066,0.15103608405111443
2024-05-25 00:00:00+00:00,-0.11915610362045373,-0.05073498111126843,-0.0684211225091853,-0.02783233271054849
2024-05-31 00:00:00+00:00,0.10108260711660419,0.19649891587899762,-0.09541630876239343,-0.11216599142261191
2024-06-01 00:00:00+00:00,-0.2834560533941099,0.12183920540304742,-0.40529525879715733,-0.305182764865486
2024-06-07 00:00:00+00:00,-0.9444739676276844,0.1975774270137486,-1.142051394641433,-1.1309973184299447
2024-06-09 00:00:00+00:00,0.03368783204842057,0.08603697215802043,-0.052349140109599866,-0.0023875450554320388
2024-06-21 00:00:00+00:00,0.3842836647237489,0.11024969008021529,0.27403397464353363,0.2325410180447759
2024-06-22 00:00:00+00:00,0.15419064765422447,0.29177498371410243,-0.13758433605987797,-0.126024417819125
2024-06-27 00:00:00+00:00,0.14318114916348293,-0.039650245365048645,0.1828313945285316,0.16177946525003686
2024-06-29 00:00:00+00:00,-0.15267662161369258,-0.03259353675331907,-0.1200830848603735,-0.09077904576715616
2024-06-30 00:00:00+00:00,-0.026291243502873936,-0.01078505088152798,-0.015506192621345956,-0.013189928003249432
2024-07-04 00:00:00+00:00,-0.28969389727703115,-0.07195124700797104,-0.21774265026906012,-0.27831316581611665
2024-07-05 00:00:00+00:00,-0.04964473005468832,-0.025695326955735103,-0.023949403098953218,-0.012347011627531754
2024-07-06 00:00:00+00:00,-0.03605797826159961,0.015233598581775426,-0.051291576843375035,-0.08366999445537551
2024-07-12 00:00:00+00:00,-0.12292822236407594,-0.2591928267688678,0.13626460440479185,0.13832612551720533
2024-07-13 00:00:00+00:00,-0.1352053983364966,-0.26057658641397446,0.12537118807747785,0.08041945202783056
2024-07-14 00:00:00+00:00,-0.1482618477419039,-0.4183640041455288,0.2701021564036249,0.36680469189479076
2024-07-19 00:00:00+00:00,-0.186906163476463,-0.10021389201894858,-0.08669227145751442,-0.15076417518980523
2024-07-21 00:00:00+00:00,-0.24645567536601765,-0.1473182025130149,-0.09913747285300276,-0.034861924805650674
2024-07-26 00:00:00+00:00,0.5335893943705823,0.5536664723320498,-0.020077077961467515,-0.011215035109851113
2024-08-01 00:00:00+00:00,-0.5100082108354659,-0.30475638574733177,-0.2052518250881341,-0.09514493513193051
2024-08-03 00:00:00+00:00,-0.3474219775259447,-1.1899970634427763,0.8425750859168316,0.9378053209455013
2024-08-09 00:00:00+00:00,-0.0261987042065496,-0.010598419442437518,-0.015600284764112082,-0.02774467953461003
2024-08-10 00:00:00+00:00,0.10656793721799272,0.17736701903889393,-0.07079908182090121,0.0010631110999206883
2024-08-24 00:00:00+00:00,-0.44508276307010824,-0.050808512918993055,-0.39427425015111517,-0.29446878970359136
2024-09-05 00:00:00+00:00,-0.04834323847921459,0.2006677732460915,-0.2490110117253061,-0.28929886064840654
2024-09-07 00:00:00+00:00,0.03325932163338031,0.04751620365552476,-0.014256882022144451,-0.019799608177787947
2024-09-08 00:00:00+00:00,0.08159001950921224,-0.046681237293030545,0.12827125680224277,0.1859308477168264
2024-09-13 00:00:00+00:00,-0.21386447697350713,0.07388678782201662,-0.28775126479552376,-0.3654191012934368
2024-09-15 00:00:00+00:00,-0.10587209640383469,0.10113040787988241,-0.20700250428371708,-0.2332746232105428
2024-09-20 00:00:00+00:00,-0.023944584300138773,-0.09153400735516261,0.06758942305502383,0.02342728119394169
2024-09-21 00:00:00+00:00,-0.04304727581775169,0.14298608791673048,-0.18603336373448218,-0.24381409064374432
2024-09-26 00:00:00+00:00,-0.583777027651608,-0.051466766735687036,-0.5323102609159209,-0.5722731310424795
2024-10-04 00:00:00+00:00,0.14710051073054095,0.10342417454394137,0.04367633618659958,0.008516914555635469
2024-10-17 00:00:00+00:00,-0.12682034481906673,-0.5628324264919152,0.4360120816728485,0.3195349046357556
2024-10-25 00:00:00+00:00,-0.15139331386742338,-0.16829822093174138,0.016904907064317992,0.022953857217937954
2024-10-26 00:00:00+00:00,0.02543763255997482,-0.14481822058002994,0.17025585314000477,0.22534237651675182
2024-10-27 00:00:00+00:00,-0.0057083101263787645,-0.2914522595308719,0.2857439494044931,0.21068877478644632
2024-10-31 00:00:00+00:00,-0.3615796371545688,-0.3330782379407459,-0.028501399213822887,0.008217582600514639
2024-11-10 00:00:00+00:00,-0.2315009125922362,-0.9412837399359681,0.7097828273437319,0.6315438970468883
2024-11-14 00:00:00+00:00,-0.7307043975601041,-0.5751666562693887,-0.1555377412907154,-0.12467745349480597
2024-11-15 00:00:00+00:00,-0.5423821657345852,-0.5152247357797398,-0.02715742995484538,-0.06500682150228937
2024-11-16 00:00:00+00:00,-0.3564743014662693,-0.47673719353448435,0.12026289206821505,0.11196320816131095
2024-11-17 00:00:00+00:00,-1.7748791822401195,-0.2913687560075238,-1.4835104262325958,-1.4046749652279507
2024-11-21 00:00:00+00:00,-0.30385863641522487,-0.5837281038587456,0.27986946744352076,0.1795869102006026
2024-11-23 00:00:00+00:00,0.016430944319841167,0.6129810053136916,-0.5965500609938504,-0.5725609547485127
2024-11-24 00:00:00+00:00,-0.12282207700738468,0.7211942722086618,-0.8440163492160465,-0.8085908160151237
2024-11-29 00:00:00+00:00,-0.22020355154489507,-0.10798577567173004,-0.11221777587316503,-0.05779751343985622
2024-11-30 00:00:00+00:00,-0.8484037464157753,-0.7706563920334359,-0.07774735438233937,0.028305199510445966
2024-12-01 00:00:00+00:00,-0.2713285110827672,-0.7519943574517334,0.4806658463689662,0.48415905600171927
2024-12-06 00:00:00+00:00,0.15233423837370072,-0.49733728554624657,0.6496715239199473,0.5776933171316897
2024-12-07 00:00:00+00:00,-0.2966182479742045,-0.25624127554175763,-0.04037697243244687,-0.017077781284484603
2024-12-08 00:00:00+00:00,0.5794707792496023,-0.1887082913138935,0.7681790705634959,0.8017481891480374
2024-12-13 00:00:00+00:00,0.5688123064795859,0.17160737275053137,0.3972049337290545,0.435071686036436
2024-12-14 00:00:00+00:00,-0.11610257414912875,0.32011833607989837,-0.4362209102290271,-0.4676717712844591
2024-12-15 00:00:00+00:00,0.37007000520056066,0.019311889637683554,0.3507581155628771,0.3645231096348994
2024-12-20 00:00:00+00:00,-0.9775725568882248,-0.06616172203937823,-0.9114108348488466,-0.7940778913240327
2024-12-21 00:00:00+00:00,-0.5509424736589517,0.3858429271350054,-0.9367854007939571,-0.8927827584607791
2024-12-28 00:00:00+00:00,0.02640845166609627,-0.010606597554048738,0.03701504922014501,0.05858932851132968
2024-12-29 00:00:00+00:00,-0.004887257099147355,-0.08619660997745919,0.08130935287831184,0.045849957502311
2025-01-02 00:00:00+00:00,0.3317276609789393,0.03526793095122675,0.29645973002771253,0.24278164985706543
2025-01-04 00:00:00+00:00,-0.38701956108261326,-0.02222338112321057,-0.36479617995940267,-0.2550349434683855
2025-01-05 00:00:00+00:00,-0.3003279152904322,-0.19765954967949895,-0.10266836561093323,-0.018385106037981644
2025-01-11 00:00:00+00:00,-0.5253885697217731,-0.31209565010679785,-0.2132929196149752,-0.22196269952611114
2025-01-16 00:00:00+00:00,0.09285260173548163,-0.02716619649595693,0.12001879823143856,0.20733435857949645
2025-01-17 00:00:00+00:00,0.28856171767590955,0.28982407542599137,-0.0012623577500818217,0.014403816445481
2025-01-18 00:00:00+00:00,-0.31998378943340017,0.3962775161098385,-0.7162613055432387,-0.68879704941926
2025-01-19 00:00:00+00:00,-0.6014003577897614,-0.08468504686194725,-0.5167153109278142,-0.48298353238377223
2025-01-23 00:00:00+00:00,0.5874274438837056,0.1678670646024869,0.4195603792812187,0.3515923721770436
2025-01-24 00:00:00+00:00,0.23479628027385654,0.46072996073684824,-0.2259336804629917,-0.28131293770713295
2025-01-25 00:00:00+00:00,-0.008210526992038291,0.1989901551569804,-0.20720068214901868,-0.19978518760451935
2025-01-26 00:00:00+00:00,0.12525914614260103,0.007013813347192894,0.11824533279540814,-0.0018713627981743475
2025-01-30 00:00:00+00:00,0.1393058947749247,0.5869912333763153,-0.4476853386013906,-0.49331560754744874
2025-02-02 00:00:00+00:00,0.1579475404174188,-1.2728178111763513,1.4307653515937702,1.355986661996389
2025-02-07 00:00:00+00:00,-0.026571139443068558,0.09152829716219242,-0.11809943660526098,-0.07926487431464493
2025-02-08 00:00:00+00:00,0.042432532577235234,0.2818994659658009,-0.23946693338856567,-0.23101584023455302
2025-02-09 00:00:00+00:00,-0.02600612878525881,0.19697993676846076,-0.22298606555371958,-0.26228875885662234
2025-02-13 00:00:00+00:00,-0.10520090994405203,-0.24964201316901502,0.144441103224963,0.059553804006179226
2025-02-15 00:00:00+00:00,-0.14677198504428512,0.03383002130126474,-0.18060200634554985,-0.056844991999698086
2025-02-21 00:00:00+00:00,-0.07600822381283663,-0.16827762720192466,0.09226940338908803,0.05459435683788639
2025-02-22 00:00:00+00:00,-0.05367677633463393,-0.07907882830001924,0.02540205196538531,0.10503515334860372
2025-02-27 00:00:00+00:00,-0.23116679023406828,-0.09117155097046983,-0.13999523926359844,-0.18137994507269828
2025-02-28 00:00:00+00:00,-0.1422161706658968,-0.4317638817202235,0.2895477110543267,0.21271141530789162
2025-03-02 00:00:00+00:00,-0.2937476043903155,-0.20165974700788986,-0.09208785738242564,-0.10189275377230161
2025-03-06 00:00:00+00:00,-0.25040326557150905,-0.7740134371871643,0.5236101716156553,0.4460449638323875
2025-03-07 00:00:00+00:00,-0.782450902896314,-0.19381986512628385,-0.5886310377700301,-0.6117755779575318
2025-03-08 00:00:00+00:00,0.12053530715262244,-0.22504674319158047,0.3455820503442029,0.32856837958839197
2025-03-09 00:00:00+00:00,-0.2221911442536759,-0.4797222422897187,0.2575310980360428,0.16649770497196176
2025-03-14 00:00:00+00:00,0.06338746237367777,0.031732485732894666,0.03165497664078311,-0.039169981539768334
2025-03-15 00:00:00+00:00,0.008802217304953994,-0.0678711000473492,0.07667331735230319,0.06290380685705464
2025-03-16 00:00:00+00:00,-0.11612167080935855,-0.24353929459367213,0.1274176237843136,0.12690978884436316
2025-03-21 00:00:00+00:00,0.33380485180151,0.2652307852771436,0.06857406652436637,0.0984643524856979
2025-03-22 00:00:00+00:00,0.057386443527591154,0.2711400461088213,-0.21375360258123016,-0.17134339326752954
2025-03-23 00:00:00+00:00,0.03232311944558454,0.09204161179752254,-0.059718492351938005,-0.042085799502984994
2025-03-27 00:00:00+00:00,-0.03284511934960908,0.005988688601689235,-0.03883380795129831,-0.0840070167227377
2025-03-28 00:00:00+00:00,-0.14484906729752922,-0.03498092886803432,-0.1098681384294949,-0.08046062408785712
2025-03-29 00:00:00+00:00,-0.5891809775940532,-0.23821288341059585,-0.3509680941834573,-0.2618989045011064
2025-03-30 00:00:00+00:00,-0.09458803145000577,-0.08215087512745288,-0.012437156322552892,0.05719113438172936
2025-04-06 00:00:00+00:00,-0.17115033148379113,-0.8273180469657853,0.6561677154819942,0.5137917615412759
2025-04-12 00:00:00+00:00,-0.03940982586033841,0.23071335575391275,-0.27012318161425114,-0.32913080646682574
2025-04-13 00:00:00+00:00,-0.4038394349904974,0.16137760424843045,-0.5652170392389279,-0.4838333126431721
2025-04-20 00:00:00+00:00,-0.025293315657373184,0.04052036426322223,-0.06581367992059542,0.013581629092194722
2025-04-24 00:00:00+00:00,0.17791530889941035,0.09358259076565346,0.08433271813375688,0.0785240887563722
2025-04-26 00:00:00+00:00,-0.013482114183538896,0.0967071962276438,-0.1101893104111827,-0.07516120516711794
2025-04-27 00:00:00+00:00,-0.3157358131311489,0.2784938960128715,-0.5942297091440204,-0.5761154197361609
2025-05-01 00:00:00+00:00,0.16089633771974257,0.2351307382836105,-0.07423440056386793,-0.1174511737181157
2025-05-03 00:00:00+00:00,-0.11855717409451132,-0.07068042599982644,-0.04787674809468488,-0.010102890390619193
2025-05-08 00:00:00+00:00,-0.6028186988342216,-0.10623126588228327,-0.4965874329519383,-0.3714198672520159
2025-05-10 00:00:00+00:00,-0.47057218469551954,-0.39284011075817155,-0.07773207393734799,-0.025635009886739668
2025-05-16 00:00:00+00:00,-0.02404856327575633,0.037490871866988525,-0.061539435142744854,-0.079355000734386
2025-05-17 00:00:00+00:00,-0.18938952946263848,-0.1538560023110442,-0.035533527151594274,-0.039568884707524274
2025-05-18 00:00:00+00:00,-0.3416762731968207,-0.15239735088044368,-0.18927892231637702,-0.149836513477643
2025-05-30 00:00:00+00:00,-0.23733933937346602,-0.27600818543385863,0.038668846060392614,0.07862386184324989
2025-05-31 00:00:00+00:00,-0.08568342223855129,0.09882647490658211,-0.18450989714513338,-0.22239534852997878
2025-06-01 00:00:00+00:00,0.06137345947558274,0.08772345899504277,-0.026349999519460036,-0.0422668862564107
2025-06-05 00:00:00+00:00,0.1562747153625464,-0.14649090969440812,0.3027656250569545,0.28116868998847494
2025-06-06 00:00:00+00:00,0.1628571763865328,0.10160627135081218,0.061250905035720615,0.06562645238349835
2025-06-07 00:00:00+00:00,0.14860896468811746,-0.06638086155112402,0.21498982623924148,0.173735026499699
2025-06-08 00:00:00+00:00,-0.05100709539362274,-0.03899684307134184,-0.012010252322280902,-0.040680239650835996
2025-06-13 00:00:00+00:00,0.24073169860107121,-0.07907715592624458,0.3198088545273158,0.2852994069926002
2025-06-15 00:00:00+00:00,0.07748640177095127,0.14633152069416078,-0.0688451189232095,-0.13550211780996088
2025-06-20 00:00:00+00:00,-0.19804105708710532,0.02650759975806338,-0.2245486568451687,-0.1538805151966006
2025-06-21 00:00:00+00:00,-0.0006409169005584419,-0.20036346986814285,0.1997225529675844,0.08691727727068695
2025-06-28 00:00:00+00:00,-0.0534435492250592,-0.028298753765964125,-0.025144795459095075,-0.09366453681830343
2025-07-03 00:00:00+00:00,0.10231092466177885,-0.0257024509587015,0.12801337562048035,0.16200877748009007
2025-07-04 00:00:00+00:00,0.0469994108193015,-0.009448012235379735,0.056447423054681235,0.07724256258365081
2025-07-05 00:00:00+00:00,0.04958998029460599,-0.013472200905204897,0.06306218119981088,0.08413656624238583
2025-07-06 00:00:00+00:00,-0.09983485249989171,0.01379716611074688,-0.1136320186106386,-0.09508897659318957
2025-07-10 00:00:00+00:00,-0.3149981272380193,-0.2425465245032127,-0.07245160273480658,-0.0866231069340759
2025-07-11 00:00:00+00:00,-0.8402893929137757,-0.19439046760266457,-0.6458989253111111,-0.5605898159353226
2025-07-12 00:00:00+00:00,-0.5405277779158171,-0.1383784878974596,-0.4021492900183575,-0.2586782307475417
2025-07-13 00:00:00+00:00,-0.35480196511726325,-0.1067204328799568,-0.24808153223730645,-0.2152902713813636
2025-07-17 00:00:00+00:00,-0.5350314029932949,-0.2852210372618172,-0.2498103657314777,-0.07206014283197432
2025-07-18 00:00:00+00:00,0.1834619579359297,-0.13783660500084774,0.32129856293677744,0.4189364163708188
2025-07-19 00:00:00+00:00,0.005246333783720562,0.012814372966910709,-0.007568039183190147,0.08407012076265194
2025-07-20 00:00:00+00:00,-0.0403372365284597,-0.07732895899252053,0.03699172246406083,0.06914413065650515
2025-07-26 00:00:00+00:00,-0.12035754894773451,-0.12908539183907308,0.008727842891338572,-0.06007006740371497
2025-07-27 00:00:00+00:00,-0.3528066504314229,-0.09174213207916472,-0.2610645183522582,-0.21715692163516398
2025-08-01 00:00:00+00:00,-0.4325218216090964,-0.6310625830379283,0.19854076142883187,0.15123715422717432
2025-08-02 00:00:00+00:00,-0.14434884910562615,-0.135895448515602,-0.00845340059002414,-0.034098053658936055
2025-08-03 00:00:00+00:00,-0.07287619663021622,-0.05583140242025116,-0.017044794209965054,-0.08919582204461542
2025-08-07 00:00:00+00:00,-0.15579771059593933,-0.011844768341526053,-0.14395294225441327,-0.16925279881327993
2025-08-08 00:00:00+00:00,-0.06037593689545032,0.20649083141346095,-0.26686676830891126,-0.3523627235412553
2025-08-09 00:00:00+00:00,-0.14702106134210408,-0.06359874502366418,-0.0834223163184399,-0.017072934917162694
2025-08-10 00:00:00+00:00,-0.25178532831200895,-0.4115398502559052,0.15975452194389628,0.09843357397031888
2025-08-15 00:00:00+00:00,-0.0658842274975494,0.2766118923544667,-0.3424961198520161,-0.3702008066725769
2025-08-16 00:00:00+00:00,0.1650935006596032,0.06421250684825391,0.1008809938113493,0.15523267983217018
2025-08-17 00:00:00+00:00,-0.02956137846344692,0.00920065547464712,-0.03876203393809404,-0.061278850764961854
2025-08-22 00:00:00+00:00,-0.1613625503022968,-0.016840899239200978,-0.1445216510630958,-0.2612830812083212
2025-08-23 00:00:00+00:00,-0.035301994202419994,0.02692410211709507,-0.06222609631951506,-0.0935848888015742
2025-08-30 00:00:00+00:00,-0.049167888535252904,0.19959929561817263,-0.24876718415342552,-0.2619849042902036
2025-09-05 00:00:00+00:00,0.28960914658548403,0.14587424031110222,0.14373490627438182,0.13599891315412627
2025-09-06 00:00:00+00:00,0.19517068840983273,0.09452498130960078,0.10064570710023195,0.11996639723924088
2025-09-07 00:00:00+00:00,-0.1022926953182698,0.11012313758168618,-0.21241583289995597,-0.21854382605564357
2025-09-13 00:00:00+00:00,-0.1960163720711249,0.047390861390394314,-0.2434072334615192,-0.15295638793243627
2025-09-14 00:00:00+00:00,-0.06428669387019256,-0.1431928033329663,0.07890610946277374,0.02173545711464753
2025-09-26 00:00:00+00:00,-0.0721367902835697,0.026311130510029868,-0.09844792079359957,-0.0791924688707491
2025-10-02 00:00:00+00:00,0.03334588120272436,-0.09823404148110547,0.13157992268382984,0.06198602971042487
2025-10-03 00:00:00+00:00,-0.041283255928050565,0.042457502271765375,-0.08374075819981594,0.0045985037133398216
2025-10-05 00:00:00+00:00,-0.18924057905320305,0.05837536893819198,-0.24761594799139502,-0.16363975228473873
2025-10-10 00:00:00+00:00,-0.4820553777653606,-0.652339800757749,0.17028442299238838,0.15262401473274628
2025-10-17 00:00:00+00:00,0.04817310761275218,-0.12320391238966605,0.17137702000241822,0.1594741859734486
2025-10-18 00:00:00+00:00,0.08933974341622294,0.27692857281923805,-0.1875888294030151,-0.2007379731913652
2025-10-19 00:00:00+00:00,0.25406851666962776,0.2291007590541983,0.024967757615429464,-0.028276009685477277
2025-10-23 00:00:00+00:00,0.006155511409457815,0.2184893344122568,-0.212333823002799,-0.27781123514854267
2025-10-24 00:00:00+00:00,-0.03600457694797454,-0.05946273747452695,0.023458160526552405,-0.010946946122160107
2025-10-25 00:00:00+00:00,-0.06993185823945605,-0.05965531939592414,-0.010276538843531913,0.035331334848361116
2025-10-26 00:00:00+00:00,0.01384176408058738,-0.08916479908369605,0.10300656316428343,0.02549124818506171
2025-10-31 00:00:00+00:00,0.12357107547841827,0.2009888901647366,-0.07741781468631832,-0.11041051731874346
2025-11-01 00:00:00+00:00,0.04107694522808214,-0.08072687155223618,0.12180381678031832,0.19755188370616772
2025-11-02 00:00:00+00:00,-0.035352608689831255,-0.09267171515385297,0.05731910646402172,0.12607064776843876
2025-11-06 00:00:00+00:00,-0.188547533351765,-0.11168043927726033,-0.07686709407450466,0.012234825482981384
2025-11-07 00:00:00+00:00,-0.21606529042690734,-0.09175740677994222,-0.12430788364696511,-0.10810932653096564
2025-11-13 00:00:00+00:00,-0.3203942512056293,0.009208111877064272,-0.3296023630826936,-0.2908331022328112
2025-11-14 00:00:00+00:00,-0.3675857796400111,-0.18211413022581668,-0.18547164941419442,-0.1017273513023235
2025-11-15 00:00:00+00:00,0.07071989297623026,-0.18446864534111723,0.2551885383173475,0.325405119229103
2025-11-16 00:00:00+00:00,-0.36789891364469907,-0.5566096096361923,0.18871069599149326,0.22447658637339624
2025-11-28 00:00:00+00:00,0.11697448550088917,0.09109563964366556,0.02587884585722361,0.10786919172415704
2025-11-29 00:00:00+00:00,0.2065067837036019,0.043999975862699034,0.16250680784090288,0.21000217841205476
2025-12-04 00:00:00+00:00,-0.04175278735692099,0.023906987898279223,-0.06565977525520021,-0.0782390440604942
2025-12-05 00:00:00+00:00,0.19658211384247268,0.22444027992839796,-0.027858166085925284,-0.04399586689477947
2025-12-12 00:00:00+00:00,0.05630546023710268,0.07928221332940986,-0.022976753092307185,-0.03799870530181171
2025-12-14 00:00:00+00:00,0.03459736942030454,0.03800768261214452,-0.0034103131918399796,0.019164738792284697
2025-12-20 00:00:00+00:00,-0.06290130532669105,-0.0807625707777855,0.01786126545109444,0.031474569815809476
2025-12-26 00:00:00+00:00,0.227001497342719,0.05422262221922384,0.17277887512349516,0.14311027057736353
2026-01-02 00:00:00+00:00,-0.12285703308716665,-0.08169634545602766,-0.04116068763113899,-0.054126133459071316
2026-01-03 00:00:00+00:00,-0.2616356286232169,-0.19518980652551104,-0.06644582209770583,-0.0065193656455890675
2026-01-04 00:00:00+00:00,-0.2145304465688139,-0.24450724386260037,0.029976797293786467,-0.018436888184444597
2026-01-09 00:00:00+00:00,0.04160773284997821,-0.21008311975580368,0.2516908526057819,0.2310458062142826
2026-01-10 00:00:00+00:00,0.0976429381762125,-0.06815498376806578,0.16579792194427828,0.09342058849326919
2026-01-11 00:00:00+00:00,-0.16847532237806315,-0.0380311351456917,-0.13044418723237144,-0.13511434230157418
2026-01-15 00:00:00+00:00,0.10038114814654926,0.07322635987208492,0.02715478827446434,0.013619195081653351
2026-01-16 00:00:00+00:00,0.12598392048807064,0.16846546717339458,-0.042481546685323945,-0.0323016681136335
2026-01-17 00:00:00+00:00,0.009029695447704383,-0.1361834601598003,0.14521315560750467,0.20816129533305677
2026-01-18 00:00:00+00:00,-0.08994619152659397,-0.31469792815522873,0.22475173662863476,0.18972148492621357
2026-01-23 00:00:00+00:00,-0.07863567099293725,-0.05702199352546065,-0.021613677467476604,-0.056211902665819435
2026-01-30 00:00:00+00:00,-0.1964128476267409,-0.5203767547655194,0.32396390713877843,0.2722038093411705
2026-01-31 00:00:00+00:00,-0.08566777960979952,-0.45668103033150836,0.3710132507217089,0.30831618620272505
2026-02-05 00:00:00+00:00,-0.9476294552424503,-0.29301877035031226,-0.654610684892138,-0.5956938784970024
2026-02-07 00:00:00+00:00,-0.35966922952835495,-0.032993458722402474,-0.32667577080595245,-0.2519260340099234
2026-02-08 00:00:00+00:00,-0.08487022041515872,0.23641651975062974,-0.32128674016578845,-0.2763211847720954
2026-02-12 00:00:00+00:00,0.26731674988350285,-0.0005461388669934492,0.2678628887504963,0.27143921169161045
2026-02-13 00:00:00+00:00,-0.08981965782249791,-0.06405580645568043,-0.025763851366817483,-0.1143654030758677
2026-02-14 00:00:00+00:00,-0.6522874075207921,-0.27795386036704334,-0.3743335471537487,-0.31493254747426486
2026-02-15 00:00:00+00:00,-0.5874498025891977,-0.12841381932106466,-0.459035983268133,-0.34169752841184814
2026-02-20 00:00:00+00:00,-0.154663047975726,-0.055112585403002866,-0.09955046257272313,-0.16667507973500914
2026-02-22 00:00:00+00:00,0.0051571875410896095,-0.12548551867213278,0.13064270621322238,0.1108420219855222
2026-02-27 00:00:00+00:00,-0.6270058465432293,-0.2517332932999154,-0.37527255324331393,-0.38601892074706157
2026-02-28 00:00:00+00:00,-0.4832024788018456,-0.10250653218573509,-0.3806959466161105,-0.3376577993196945
2026-03-01 00:00:00+00:00,-0.2422545345738927,-0.17518692095306507,-0.06706761362082764,-0.08350764811194133
2026-03-06 00:00:00+00:00,-0.0745771142300234,0.05093568219285536,-0.12551279642287877,-0.18711363573818143
2026-03-08 00:00:00+00:00,-0.23331459943577776,0.09777972095927268,-0.33109432039505043,-0.2518168648527346
2026-03-15 00:00:00+00:00,-0.2172305785436036,-0.177672887516457,-0.039557691027146596,-0.05497593486721125
2026-03-22 00:00:00+00:00,0.07568044818958834,0.22679252855857662,-0.15111208036898827,-0.158713481049865
2026-03-27 00:00:00+00:00,0.2637423505803006,0.09246554584227852,0.1712768047380221,0.14946820793405802
2026-03-28 00:00:00+00:00,0.016738270165211528,0.17562252164141154,-0.1588842514762,-0.19494485253249047
2026-04-02 00:00:00+00:00,0.073047634597983,-0.06510559940590349,0.1381532340038865,0.06116416350447443
2026-04-03 00:00:00+00:00,0.057022764502794754,0.10362328477381463,-0.04660052027101988,-0.07291784315907551
2026-04-05 00:00:00+00:00,-0.19652344935884486,-0.062095771858989034,-0.13442767749985582,-0.11624012201288308
2026-04-09 00:00:00+00:00,0.022386048113210908,0.005212768498042295,0.017173279615168614,0.006585822677793229
2026-04-11 00:00:00+00:00,-0.20674132538741735,-0.10200784096172513,-0.10473348442569222,-0.09299574987773783
2026-04-12 00:00:00+00:00,0.07226472135236951,-0.00793254367342811,0.08019726502579762,0.1363126893372303
2026-04-18 00:00:00+00:00,-0.1301622625400205,-0.015543268481090857,-0.11461899405892964,-0.13712706846143352
2026-04-19 00:00:00+00:00,-0.39845535691366946,0.026684083661039557,-0.42513944057470904,-0.3373726078066783
2026-04-23 00:00:00+00:00,0.17453396267902502,0.021555762544174153,0.15297820013485086,0.13652168298657064
2026-04-25 00:00:00+00:00,0.12594839144912445,0.05341582414223564,0.07253256730688881,0.08342339514006988
2026-05-01 00:00:00+00:00,0.06639363720762441,0.020638466230190326,0.04575517097743408,0.03665263618145456
2026-05-03 00:00:00+00:00,-0.13265136047051176,-0.09734793608975892,-0.035303424380752846,-0.10328844689640579
2026-05-07 00:00:00+00:00,-0.09101496749072675,-0.09797973271778618,0.006964765227059425,0.002632486383650434
2026-05-09 00:00:00+00:00,-0.09893810478566172,-0.246328298018222,0.1473901932325603,0.16421707344577036
2026-05-14 00:00:00+00:00,-0.19715191720430758,-0.161033546422579,-0.03611837078172858,-0.06633993884128946
2026-05-15 00:00:00+00:00,-0.06340362643639665,-0.09349045156487334,0.0300868251284767,0.026681723768910016
2026-05-16 00:00:00+00:00,-0.0053398064619059665,-0.037231915803058756,0.03189210934115279,0.09009261051295506
2026-05-17 00:00:00+00:00,-0.13890951398041057,0.148094655481469,-0.28700416946187957,-0.31348380512332186
2026-05-21 00:00:00+00:00,-0.01858217865735851,0.03126145546238547,-0.049843634119743976,-0.07884435426320467
2026-05-30 00:00:00+00:00,-0.17080158150130154,-0.053738262095195784,-0.11706331940610576,-0.023659121717575272
2026-05-31 00:00:00+00:00,-0.28929117237550805,-0.09265738175912368,-0.19663379061638436,-0.11236726412449606
2026-06-05 00:00:00+00:00,-0.8550006236164438,-0.5550043533657941,-0.2999962702506497,-0.24259070921516102
2026-06-06 00:00:00+00:00,0.0646171659539808,0.18371040560226085,-0.11909323964828004,-0.10436579564403253
2026-06-07 00:00:00+00:00,-0.16140431189415885,0.15723215508083913,-0.318636466974998,-0.38205789784043515
2026-06-11 00:00:00+00:00,-0.053651542589812196,0.03659040423120344,-0.09024194682101563,-0.13275054659848778
2026-06-12 00:00:00+00:00,-0.012408511726928903,-0.033305603241567415,0.020897091514638512,0.034929211808089014
2026-06-14 00:00:00+00:00,-0.04087102839467301,-0.12198942810693635,0.08111839971226334,0.04300676632871109
2026-06-18 00:00:00+00:00,-0.20460623420534732,-0.13640291869549304,-0.06820331550985428,-0.03095347495592788
2026-06-20 00:00:00+00:00,-0.34498500428438594,-0.015382519091634702,-0.32960248519275126,-0.2716249488419236
2026-06-21 00:00:00+00:00,-0.2230763622779797,-0.12294788088319233,-0.10012848139478736,-0.024157238483629905
2026-06-25 00:00:00+00:00,-0.34844012601037394,-0.07029337295999843,-0.2781467530503755,-0.15987124680058287
2026-06-26 00:00:00+00:00,-0.07979684865005097,-0.21811274058853666,0.1383158919384857,0.10513655099118897
2026-06-27 00:00:00+00:00,-0.11891487485381323,-0.1720994248717867,0.05318455001797347,0.026817991566158883
2026-06-28 00:00:00+00:00,-0.344044861317416,-0.08923490831940084,-0.2548099529980152,-0.24007581779256215
2026-07-02 00:00:00+00:00,0.03967045755249921,0.034665597967978544,0.005004859584520668,0.007905229704358752
2026-07-03 00:00:00+00:00,-0.1347051478401413,-0.11719184045908494,-0.017513307381056345,-0.0703350043553819
2026-07-04 00:00:00+00:00,-0.25461714891597437,-0.11269020849465497,-0.1419269404213194,-0.1359581096154337
2026-07-05 00:00:00+00:00,-0.13527396917527612,-0.2199478808728021,0.08467391169752597,0.11612020087209232
2026-07-10 00:00:00+00:00,0.01673424310992316,-0.09930762914477528,0.11604187225469845,0.09926589898669852
2026-07-11 00:00:00+00:00,-0.03623247501845732,-0.06193714124706137,0.025704666228604053,0.008461258412825488
2026-07-12 00:00:00+00:00,-0.04604583758567533,-0.06791609964856443,0.021870262062889105,-0.0005711472801532003
2026-07-17 00:00:00+00:00,0.1855821204581705,0.14140905643491747,0.04417306402325302,0.035293934531438864
2026-07-18 00:00:00+00:00,-0.04970755467317326,-0.32771189770576925,0.27800434303259597,0.24903045996787235
2026-07-19 00:00:00+00:00,-0.32314267853605344,-0.44717273292431287,0.12403005438825943,0.14234728100561908
2026-07-24 00:00:00+00:00,0.30237866613703884,0.05628314320213167,0.24609552293490716,0.2673800686415835
2026-07-25 00:00:00+00:00,0.03577723496036252,-0.025922038093486862,0.06169927305384938,-0.003100274170068959
2026-07-26 00:00:00+00:00,0.0570613195892061,-0.001499640033852103,0.058560959623058205,0.053738168657444074
2026-08-02 00:00:00+00:00,-0.04651643834755548,-0.011821915093967362,-0.034694523253588114,0.007837001787744782
2026-08-09 00:00:00+00:00,-0.38473043875923746,-0.1066178948475885,-0.27811254391164897,-0.16417977995160177
