weekend_sat,px_open,px_close,px_high,px_low,ret_pct,range_pct,rv_vol_ann,wd_vol_ann,vol_ratio,iv_weekend,iv_weekday,iv_minus_rv,iv_wknd_ratio
2018-08-18 00:00:00+00:00,6559.5,6490.5,6603,6301.5,-1.05191,4.78458,0.506923,0.793207,0.639081,,0.677811,,
2018-08-25 00:00:00+00:00,6705,6703,6777,6585,-0.0298285,2.91572,0.352805,0.719051,0.490654,,0.617654,,
2018-09-01 00:00:00+00:00,7026.5,7285,7324.5,7025.5,3.67893,4.25592,0.377897,0.40845,0.925198,,0.608279,,
2018-09-08 00:00:00+00:00,6414.5,6235.5,6452.5,6109,-2.79055,5.62285,0.725813,0.675329,1.07475,,0.629172,,
2018-09-15 00:00:00+00:00,6487.5,6497.5,6555,6413,0.154143,2.21425,0.285998,0.393359,0.727066,,0.60525,,
2018-09-22 00:00:00+00:00,6788.5,6702.5,6802,6639,-1.26685,2.45519,0.322417,0.508152,0.63449,,0.550997,,
2018-09-29 00:00:00+00:00,6610.5,6602.5,6638.5,6470,-0.12102,2.60433,0.383214,0.40737,0.940703,,0.529234,,
2018-10-06 00:00:00+00:00,6591,6568.5,6591,6499.5,-0.341375,1.4078,0.169304,0.274302,0.617218,,0.512711,,
2018-10-13 00:00:00+00:00,6182,6178.5,6258,6169.5,-0.056616,1.43448,0.164535,0.458656,0.358732,,0.427567,,
2018-10-20 00:00:00+00:00,6377.5,6414,6449,6367.5,0.572325,1.27994,0.123502,0.628228,0.196587,,0.554255,,
2018-10-27 00:00:00+00:00,6412.5,6409,6423,6392,-0.0545809,0.484981,0.0646854,0.15048,0.429861,,0.474681,,
2018-11-03 00:00:00+00:00,6350.5,6428,6450.5,6322.5,1.22038,2.02452,0.155502,0.235637,0.659923,,0.397813,,
2018-11-10 00:00:00+00:00,6335.5,6361.5,6375,6295,0.410386,1.27085,0.112171,0.183048,0.612798,,0.371722,,
2018-11-17 00:00:00+00:00,5493,5554.5,5583,5447.5,1.11961,2.48738,0.295449,0.983243,0.300484,,1.0125,,
2018-11-24 00:00:00+00:00,4294,3929,4361.5,3446.5,-8.50023,26.5487,1.8236,1.46414,1.2455,,1.36151,,
2018-12-01 00:00:00+00:00,3957,4097,4254.5,3910,3.53803,8.81074,0.857566,1.34085,0.639571,,1.28835,,
2018-12-08 00:00:00+00:00,3372.5,3527,3622.5,3247.5,4.58117,11.5473,0.95689,1.09367,0.874936,,1.0514,,
2018-12-15 00:00:00+00:00,3190,3191.5,3252.5,3133,0.0470219,3.81424,0.44108,0.716497,0.615606,,1.18735,,
2018-12-22 00:00:00+00:00,3846,3944,4037.5,3799.5,2.5481,6.26398,0.685337,1.06163,0.645551,,1.053,,
2018-12-29 00:00:00+00:00,3885,3830,3918,3703.5,-1.4157,5.79182,0.766083,0.948578,0.807611,,1.26359,,
2019-01-05 00:00:00+00:00,3818,4037,4061,3779,5.73599,7.46229,0.7085,0.485813,1.45838,,0.982404,,
2019-01-12 00:00:00+00:00,3626.5,3509.5,3641.5,3492.5,-3.22625,4.26628,0.392333,0.676988,0.579527,,0.714279,,
2019-01-19 00:00:00+00:00,3608.5,3530.5,3747.5,3495,-2.16156,7.22461,0.651515,0.412293,1.58022,,0.790363,,
2019-01-26 00:00:00+00:00,3566,3529,3627,3516.5,-1.03758,3.14233,0.284427,0.396524,0.717301,,0.674515,,
2019-02-02 00:00:00+00:00,3434,3415,3472.25,3388,-0.553291,2.48672,0.207642,0.301688,0.688268,,0.617541,,
2019-02-09 00:00:00+00:00,3629,3647.5,3650.5,3588.5,0.509782,1.72774,0.229781,0.474925,0.483826,,,,
2019-02-16 00:00:00+00:00,3566.75,3624.5,3638.5,3563.5,1.61912,2.10467,0.258329,0.245802,1.05097,,0.542376,,
2019-02-23 00:00:00+00:00,3936.25,3734,4181.75,3727,-5.13814,12.2015,0.894564,0.465555,1.9215,,0.655506,,
2019-03-02 00:00:00+00:00,3805.5,3785,3820.75,3776,-0.538694,1.18512,0.184928,0.39375,0.469659,,0.592493,,
2019-03-09 00:00:00+00:00,3834.75,3899.25,3935.5,3834.75,1.68199,2.62729,0.287735,0.367983,0.781925,,0.487412,,
2019-03-16 00:00:00+00:00,3897,3964,4028.75,3896.75,1.71927,3.38744,0.281948,0.243458,1.1581,,0.454356,,
2019-03-23 00:00:00+00:00,3979.25,3968.25,3997.25,3948,-0.276434,1.24747,0.126089,0.220795,0.571067,,0.4165,,
2019-03-30 00:00:00+00:00,4090.25,4092.25,4128.75,4057.75,0.0488968,1.74974,0.179941,0.235446,0.764254,,0.408776,,
2019-04-06 00:00:00+00:00,5034.75,5194.75,5238,4947,3.17791,5.88235,0.692199,1.24932,0.554061,,0.821024,,
2019-04-13 00:00:00+00:00,5076,5159.25,5179.75,5027,1.64007,3.03859,0.305481,0.654329,0.466861,,0.649556,,
2019-04-20 00:00:00+00:00,5298.5,5299.5,5359.75,5233.75,0.0188733,2.40745,0.306999,0.388492,0.790233,,0.466381,,
2019-04-27 00:00:00+00:00,5163.75,5156.25,5211,5111,-0.145243,1.95656,0.29671,0.715721,0.41456,,0.562291,,
2019-05-04 00:00:00+00:00,5674.75,5718,5827.5,5551,0.762148,4.98108,0.60068,0.400797,1.49871,,0.559124,,
2019-05-11 00:00:00+00:00,6351,6981.25,7573.75,6351,9.92363,19.2529,1.45697,0.588655,2.47509,,0.702249,,
2019-05-18 00:00:00+00:00,7406,8207.75,8310.5,7223.75,10.8257,15.0441,0.91918,1.48392,0.619425,,1.11625,,
2019-05-25 00:00:00+00:00,8021.75,8745,8778,7913.25,9.01611,10.9279,0.698377,0.829221,0.842209,,0.922911,,
2019-06-01 00:00:00+00:00,8561.25,8748,8838.25,8471.5,2.18134,4.32922,0.456389,0.721585,0.632481,,0.967371,,
2019-06-08 00:00:00+00:00,7982,7637.5,8049,7522.5,-4.31596,6.999,0.531152,0.862292,0.615977,,0.927776,,
2019-06-15 00:00:00+00:00,8713.5,8982,9422.5,8634,3.08143,9.1325,0.706019,0.596571,1.18346,,0.70632,,
2019-06-22 00:00:00+00:00,10163,10854,11261.5,10123.5,6.79917,11.2412,1.2317,0.604835,2.03642,,0.907455,,
2019-06-29 00:00:00+00:00,12322.5,10759.5,12376,10671.5,-12.6841,15.9724,1.35584,1.92306,0.70504,,1.13752,,
2019-07-06 00:00:00+00:00,11300,11478,11688.5,11112,1.57522,5.18808,0.914453,1.39019,0.657789,,1.10323,,
2019-07-13 00:00:00+00:00,11832.5,10185,11832.5,10122.5,-13.9235,16.8931,1.14772,1.12604,1.01926,,1.04064,,
2019-07-20 00:00:00+00:00,10563,10591,11082.5,10347,0.265076,7.10834,0.72885,1.36025,0.535819,,1.41338,,
2019-07-27 00:00:00+00:00,9828,9536.5,10177.5,9141,-2.96602,11.339,1.06531,0.746477,1.42712,,1.19223,,
2019-08-03 00:00:00+00:00,10537,10984.5,11073.5,10517,4.24694,5.29143,0.494216,0.483582,1.02199,,1.02984,,
2019-08-10 00:00:00+00:00,11912.5,11558,11972.5,11169,-2.97587,7.19402,0.723075,0.803094,0.900362,,1.04712,,
2019-08-17 00:00:00+00:00,10334.5,10315,10487.5,10033.5,-0.188688,4.52484,0.620785,0.7896,0.786202,,0.852237,,
2019-08-24 00:00:00+00:00,10422,10141.5,10430.5,9905.5,-2.69142,5.30009,0.661259,0.605667,1.09179,,0.851229,,
2019-08-31 00:00:00+00:00,9575.5,9771,9804.5,9469.5,2.04167,3.53767,0.331727,0.717676,0.462224,,0.859881,,
2019-09-07 00:00:00+00:00,10320.5,10408,10596,10320.5,0.847827,2.66944,0.401434,0.548851,0.731408,,0.793852,,
2019-09-14 00:00:00+00:00,10366,10316,10446,10274,-0.482346,1.67413,0.265056,0.454724,0.582895,,0.65401,,
2019-09-21 00:00:00+00:00,10172.5,10030.5,10172.5,9856.5,-1.39592,3.20601,0.341299,0.516476,0.660823,,0.649238,,
2019-09-28 00:00:00+00:00,8209,8051.5,8336.5,7931,-1.91863,5.11285,0.634175,1.16878,0.542596,,0.930767,,
2019-10-05 00:00:00+00:00,8143.5,7861,8193.5,7817.5,-3.46902,4.80972,0.492033,0.558883,0.880386,,0.836076,,
2019-10-12 00:00:00+00:00,8280,8282,8465,8231.5,0.0241546,2.83666,0.340843,0.494649,0.689059,,0.667742,,
2019-10-19 00:00:00+00:00,7954.5,8239,8284,7892,3.57659,4.96706,0.39011,0.376019,1.03748,,0.581609,,
2019-10-26 00:00:00+00:00,8688,9558.5,10616,8666.5,10.0196,22.4947,2.09314,0.936739,2.2345,,0.647104,,
2019-11-02 00:00:00+00:00,9279,9208.5,9389.5,9086,-0.75978,3.3403,0.326466,0.720184,0.453309,,0.734644,,
2019-11-09 00:00:00+00:00,8750.5,9040,9097.5,8740.5,3.30838,4.08443,0.492784,0.492093,1.0014,,0.594145,,
2019-11-16 00:00:00+00:00,8466.5,8508,8607,8406,0.490167,2.39115,0.275331,0.398837,0.690334,,0.483059,,
2019-11-23 00:00:00+00:00,7272,6910.5,7342.5,6895,-4.97112,6.49021,0.689094,0.766972,0.898461,,0.478612,,
2019-11-30 00:00:00+00:00,7745.5,7402.5,7790,7266,-4.42838,7.21167,0.550185,0.881092,0.624436,,0.682902,,
2019-12-07 00:00:00+00:00,7556,7518.5,7585.5,7400.5,-0.496294,2.49983,0.314161,0.897381,0.350086,,0.58152,,
2019-12-14 00:00:00+00:00,7250,7111.5,7267.5,7017.5,-1.91034,3.56252,0.331144,0.338908,0.977091,,0.518275,,
2019-12-21 00:00:00+00:00,7186,7509.5,7515,7121,4.50181,5.53293,0.353759,0.67124,0.527023,,0.662688,,
2019-12-28 00:00:00+00:00,7236,7386.5,7503.5,7235.5,2.07988,3.70396,0.341424,0.487308,0.700633,,0.525746,,
2020-01-04 00:00:00+00:00,7337,7356,7480,7282.5,0.258961,2.71198,0.353977,0.475981,0.743679,,0.450613,,
2020-01-11 00:00:00+00:00,8167,8189,8287.5,7968.5,0.269377,4.00326,0.553699,0.674277,0.821174,,0.648354,,
2020-01-18 00:00:00+00:00,8882.5,8701.5,9191,8582.5,-2.03771,7.09001,0.781621,0.630332,1.24001,,0.614056,,
2020-01-25 00:00:00+00:00,8429.5,8603,8603,8260.5,2.05825,4.14624,0.363879,0.417391,0.871794,,0.493355,,
2020-02-01 00:00:00+00:00,9348.5,9329.5,9471,9208,-0.203241,2.85621,0.344929,0.535392,0.644254,,0.5395,,
2020-02-08 00:00:00+00:00,9817.5,10181,10181,9681.5,3.70257,5.15932,0.360753,0.470812,0.766235,0.451134,0.495553,0.0903816,0.910365
2020-02-15 00:00:00+00:00,10390.5,9929.5,10400.5,9715.5,-4.43675,7.05059,0.605365,0.599448,1.00987,0.442351,0.524695,-0.163014,0.843063
2020-02-22 00:00:00+00:00,9688.5,9970,10000,9580.5,2.90551,4.37869,0.338305,0.715661,0.472717,0.450897,0.499607,0.112592,0.902504
2020-02-29 00:00:00+00:00,8748.5,8531.5,8803,8436.5,-2.48043,4.34422,0.553728,0.671829,0.82421,0.600592,0.556689,0.0468636,1.07886
2020-03-07 00:00:00+00:00,9140,8035.5,9198,7995,-12.0842,15.0469,0.628755,0.453973,1.38501,0.407625,0.465922,-0.22113,0.874878
2020-03-14 00:00:00+00:00,5571.5,5351.5,5924.5,5069.5,-3.94867,16.8656,1.84214,4.02156,0.458066,1.92554,0.598829,0.0833988,3.21551
2020-03-21 00:00:00+00:00,6094,5823.5,6431.5,5788,-4.43879,11.1178,1.39379,1.98095,0.703593,1.60568,1.61975,0.21189,0.991309
2020-03-28 00:00:00+00:00,6240,5871,6309.5,5871,-5.91346,7.46892,0.875575,1.20863,0.724435,0.947011,1.41207,0.0714355,0.670655
2020-04-04 00:00:00+00:00,6723,6775,6900.5,6677,0.773464,3.34731,0.66573,0.958532,0.694531,0.896159,0.796532,0.230429,1.12508
2020-04-11 00:00:00+00:00,6875.5,6905,7182.5,6776,0.42906,5.99911,0.506453,0.674912,0.750399,0.769979,0.838422,0.263526,0.918366
2020-04-18 00:00:00+00:00,7049.5,7126,7280.5,7049.5,1.08518,3.27683,0.385399,0.7149,0.539095,0.595684,0.652398,0.210285,0.913068
2020-04-25 00:00:00+00:00,7486.5,7705.5,7705.5,7451.5,2.92527,3.40871,0.42836,0.573218,0.74729,0.612908,0.649294,0.184548,0.94396
2020-05-02 00:00:00+00:00,8794,8905.5,9193.5,8762.5,1.26791,4.91869,0.618048,0.838592,0.737007,0.850464,0.7407,0.232416,1.14819
2020-05-09 00:00:00+00:00,9784,8721.5,9915.5,8274.5,-10.8596,19.832,1.63102,0.683486,2.38632,0.789993,0.708111,-0.841024,1.11563
2020-05-16 00:00:00+00:00,9272.5,9682,9860.5,9236,4.41628,6.76159,0.561607,0.99143,0.566462,0.765887,0.802685,0.20428,0.954156
2020-05-23 00:00:00+00:00,9174,8705,9308.5,8705,-5.11227,6.9328,0.535376,0.642589,0.833154,0.610243,0.767112,0.0748671,0.795506
2020-05-30 00:00:00+00:00,9416,9448.5,9728,9341.5,0.345157,4.13745,0.488064,0.495983,0.984033,0.544273,0.673666,0.0562094,0.807928
2020-06-06 00:00:00+00:00,9584.5,9758.5,9779.5,9446,1.81543,3.53059,0.374444,0.770105,0.486225,0.539077,0.776875,0.164633,0.693905
2020-06-13 00:00:00+00:00,9472.5,9338,9479.5,9260.5,-1.4199,2.36488,0.306222,0.546989,0.559831,0.526695,0.596686,0.220474,0.882702
2020-06-20 00:00:00+00:00,9304.5,9288,9401.5,9248,-0.177334,1.65982,0.199106,0.402372,0.494832,0.449069,0.519679,0.249963,0.864127
2020-06-27 00:00:00+00:00,9130,9114.5,9183.5,8900,-0.16977,3.18539,0.389935,0.406065,0.960278,0.445483,0.463934,0.055548,0.960231
2020-07-04 00:00:00+00:00,9055.5,9078,9183,8960,0.248468,2.48884,0.25276,0.28516,0.886379,0.315642,0.421888,0.062882,0.748164
2020-07-11 00:00:00+00:00,9299,9306.5,9337.5,9187.5,0.0806538,1.63265,0.241785,0.25179,0.960266,0.314813,0.386413,0.0730278,0.814707
2020-07-18 00:00:00+00:00,9153,9220,9230,9118.5,0.732,1.22279,0.143064,0.199985,0.715377,0.289249,0.351448,0.146184,0.823019
2020-07-25 00:00:00+00:00,9553,9949.5,10158.5,9546,4.15053,6.4163,0.473215,0.230162,2.05601,0.294084,0.375803,-0.179131,0.782549
2020-08-01 00:00:00+00:00,11403.5,11075,12117,11004,-2.88069,10.1145,1.11821,0.772761,1.44703,0.556621,0.684007,-0.561584,0.813766
2020-08-08 00:00:00+00:00,11581,11691,11823,11547,0.949832,2.39023,0.365374,0.47082,0.776038,0.46897,0.504015,0.103596,0.930469
2020-08-15 00:00:00+00:00,11810,11930.5,11990,11721,1.02032,2.29503,0.376125,0.623352,0.603391,0.41855,0.441623,0.0424257,0.947755
2020-08-22 00:00:00+00:00,11525.5,11655,11715,11388.5,1.1236,2.86693,0.272227,0.532084,0.511625,0.37663,0.534338,0.104403,0.704854
2020-08-29 00:00:00+00:00,11537.5,11723,11723,11445.5,1.6078,2.42453,0.268865,0.388978,0.691209,0.349767,0.387491,0.080902,0.902646
2020-09-05 00:00:00+00:00,10475,10257.5,10551,9876,-2.07637,6.83475,0.89816,0.72626,1.23669,0.504607,0.41072,-0.393553,1.22859
2020-09-12 00:00:00+00:00,10388,10332.5,10562.5,10224.5,-0.53427,3.30579,0.289927,0.57482,0.504378,0.40228,0.654682,0.112354,0.614467
2020-09-19 00:00:00+00:00,10942,10923,11150.5,10782,-0.173643,3.41773,0.313032,0.39312,0.796277,0.365597,0.428619,0.0525648,0.852965
2020-09-26 00:00:00+00:00,10695,10779.5,10800,10631,0.790089,1.58969,0.252682,0.400148,0.631471,0.370758,0.386113,0.118076,0.960232
2020-10-03 00:00:00+00:00,10560,10673,10686.5,10508,1.07008,1.69871,0.188149,0.373483,0.503769,0.422704,0.36855,0.234555,1.14694
2020-10-10 00:00:00+00:00,11069.5,11382,11465,11069.5,2.82307,3.57288,0.413681,0.259525,1.594,0.329179,0.335327,-0.0845025,0.981665
2020-10-17 00:00:00+00:00,11319.5,11514.5,11514.5,11288,1.72269,2.00656,0.194645,0.366869,0.530557,0.324145,0.33713,0.1295,0.961483
2020-10-24 00:00:00+00:00,12939,13049,13358,12903.5,0.850143,3.5223,0.405026,0.510069,0.794061,0.403756,0.449401,-0.00127058,0.898432
2020-10-31 00:00:00+00:00,13566.5,13777,14012.5,13440,1.55162,4.25967,0.544657,0.544844,0.999658,0.420269,0.413483,-0.124388,1.01641
2020-11-07 00:00:00+00:00,15620,15508,15776,14520,-0.717029,8.65014,0.658186,0.695716,0.946056,0.63262,0.564037,-0.0255659,1.12159
2020-11-14 00:00:00+00:00,16327.5,15976,16327.5,15767,-2.15281,3.55489,0.412885,0.622721,0.663033,0.477764,0.493484,0.0648789,0.968145
2020-11-21 00:00:00+00:00,18686,18463.5,18987.5,17696.5,-1.19073,7.29523,0.619701,0.761401,0.813895,0.646285,0.614001,0.0265844,1.05258
2020-11-28 00:00:00+00:00,17109.5,18212,18348.5,16899.5,6.44379,8.57422,0.528315,0.994149,0.531424,0.715945,0.777813,0.18763,0.920458
2020-12-05 00:00:00+00:00,18593.5,19399,19415.5,18574.5,4.33216,4.52771,0.414887,0.910094,0.455872,0.655294,0.864803,0.240407,0.757738
2020-12-12 00:00:00+00:00,18119,19183.5,19428.5,18119,5.87505,7.22722,0.439472,0.57581,0.763224,0.607618,0.624783,0.168146,0.972527
2020-12-19 00:00:00+00:00,23124,23491.5,24302,22908.5,1.58926,6.08289,0.701488,0.853391,0.822001,0.599313,0.707332,-0.102175,0.847288
2020-12-26 00:00:00+00:00,24624.5,26266,28301.5,24554,6.66613,15.2623,1.00083,0.843511,1.1865,0.743784,0.708857,-0.257044,1.04927
2021-01-02 00:00:00+00:00,29318.5,33088.5,34769.5,29125.5,12.8588,19.3782,1.27567,0.777759,1.64019,0.712989,0.810857,-0.562685,0.879303
2021-01-09 00:00:00+00:00,40960.5,38250,41482.5,35953,-6.61735,15.3798,1.38492,1.60063,0.865234,1.51854,1.09027,0.133621,1.39281
2021-01-16 00:00:00+00:00,37226,35864.5,37887,34015.5,-3.65739,11.3816,1.17311,2.00249,0.585826,1.55586,1.48372,0.38275,1.04862
2021-01-23 00:00:00+00:00,32667,32300,33385.5,31178.5,-1.12346,7.0786,0.909653,1.27234,0.714946,1.07962,1.09203,0.169969,0.988636
2021-01-30 00:00:00+00:00,34623.5,33128.5,34852,32303.5,-4.31788,7.88924,0.962358,1.44496,0.66601,1.49853,1.09717,0.536169,1.36582
2021-02-06 00:00:00+00:00,38647.5,38907,40961,37599.5,0.671454,8.94028,0.866087,0.820906,1.05504,0.847565,0.959593,-0.0185221,0.883255
2021-02-13 00:00:00+00:00,47554,48696,49715.5,46414,2.40148,7.11316,0.672989,1.23059,0.546884,1.09156,1.26984,0.418569,0.859602
2021-02-20 00:00:00+00:00,56196.5,57523.5,58442,54899.5,2.36136,6.4527,0.757733,0.832251,0.910462,0.925663,1.16129,0.16793,0.797097
2021-02-27 00:00:00+00:00,46624,45265.5,48346.5,43190.5,-2.91374,11.9378,1.18907,1.74119,0.682909,1.11199,1.34756,-0.0770855,0.825187
2021-03-06 00:00:00+00:00,49020,51029,51490,47178.5,4.09833,9.1387,0.714267,1.00949,0.707555,0.933137,0.871005,0.21887,1.07133
2021-03-13 00:00:00+00:00,56847.5,59000,61828.5,56154,3.78645,10.1052,0.7576,0.843822,0.897819,0.899671,0.834253,0.142071,1.07841
2021-03-20 00:00:00+00:00,58088,57431,59949.5,56007,-1.13104,7.0393,0.605193,0.931354,0.649799,0.726754,0.953073,0.121561,0.762537
2021-03-27 00:00:00+00:00,55288.5,55811,56526.5,54051.5,0.945043,4.57897,0.574948,0.877169,0.655458,0.648788,0.682359,0.0738408,0.950802
2021-04-03 00:00:00+00:00,59024,58274,59787,56658,-1.27067,5.52261,0.489112,0.601668,0.812927,0.662109,0.683092,0.172997,0.969282
2021-04-10 00:00:00+00:00,58106.5,60071.5,61314.5,57972,3.38172,5.76571,0.541089,0.5083,1.06451,0.516816,0.589116,-0.0242721,0.877274
2021-04-17 00:00:00+00:00,61519,56277.5,62585,51805.5,-8.52013,20.8076,1.66929,0.655781,2.54549,0.523319,0.717444,-1.14597,0.729422
2021-04-24 00:00:00+00:00,50854.5,49106.5,51014.5,47211.5,-3.43726,8.05524,0.818152,1.03484,0.790605,0.796961,0.605699,-0.0211915,1.31577
2021-05-01 00:00:00+00:00,57814,56646.5,58514.5,56216.5,-2.01941,4.08777,0.501901,0.700103,0.716896,0.656534,0.744704,0.154633,0.881604
2021-05-08 00:00:00+00:00,57651,58338.5,59583,56476,1.19252,5.50145,0.663725,0.75112,0.883647,0.598703,0.7533,-0.0650221,0.794773
2021-05-15 00:00:00+00:00,50176.5,46465,50691.5,44072,-7.39689,15.0197,1.23595,1.25759,0.982796,0.755777,0.784318,-0.480174,0.963611
2021-05-22 00:00:00+00:00,37377.5,34758,38851,31356.5,-7.00823,23.9009,2.10865,2.88244,0.731548,1.38585,1.34835,-0.722794,1.02781
2021-05-29 00:00:00+00:00,35768.5,35688.5,37231,33550,-0.22366,10.9717,1.19867,1.39507,0.859218,1.14848,1.12567,-0.0501885,1.02026
2021-06-05 00:00:00+00:00,36752.5,35814,37928,34927,-2.55357,8.59221,0.832763,0.862531,0.965488,1.03459,0.908346,0.201824,1.13898
2021-06-12 00:00:00+00:00,37170.5,39036.5,39270.5,34730.5,5.02011,13.0721,0.867908,1.06068,0.818256,0.807704,1.07984,-0.0602039,0.747986
2021-06-19 00:00:00+00:00,35706,35600.5,36304.5,33402,-0.295469,8.6896,0.791827,0.767038,1.03232,0.92783,0.882828,0.136004,1.05097
2021-06-26 00:00:00+00:00,31389,34692,34692,30235,10.5228,14.7412,1.10882,1.36105,0.814683,1.01441,1.2525,-0.0944141,0.809911
2021-07-03 00:00:00+00:00,33785,35258,35901,33384.5,4.35992,7.53793,0.46312,0.748358,0.618849,0.960125,0.987597,0.497005,0.972183
2021-07-10 00:00:00+00:00,33848,34259,34536.5,33118.5,1.21425,4.28159,0.463416,0.657333,0.704994,0.732837,0.801767,0.269421,0.914027
2021-07-17 00:00:00+00:00,31415.5,31775.5,32369.5,31210,1.14593,3.71516,0.471308,0.592374,0.795627,0.702179,0.757338,0.230871,0.927168
2021-07-24 00:00:00+00:00,33588,35442,35442,33450,5.51983,5.95516,0.500449,0.617553,0.810375,0.61977,0.882719,0.11932,0.702114
2021-07-31 00:00:00+00:00,41992.5,39851,42497.5,39706.5,-5.09972,7.02908,0.660408,1.08231,0.610184,0.841433,0.838271,0.181025,1.00377
2021-08-07 00:00:00+00:00,42783,43838.5,45309.5,42703.5,2.4671,6.10254,0.826445,0.776959,1.06369,0.909699,0.787579,0.0832546,1.15506
2021-08-14 00:00:00+00:00,47759.5,47044.5,48062.5,45656.5,-1.49708,5.26979,0.610785,0.693595,0.880607,0.783053,0.813577,0.172269,0.962482
2021-08-21 00:00:00+00:00,49351.5,49329.5,49752,48296.5,-0.0445782,3.01368,0.499743,0.647632,0.771647,0.744586,0.756802,0.244842,0.983858
2021-08-28 00:00:00+00:00,49199,48813,49648.5,48065,-0.784569,3.2945,0.417927,0.571883,0.73079,0.740329,0.739318,0.322402,1.00137
2021-09-04 00:00:00+00:00,49991.5,51864.5,51926.5,49576.5,3.74664,4.74015,0.439346,0.540515,0.812828,0.700638,0.719712,0.261292,0.973498
2021-09-11 00:00:00+00:00,44796,46062.5,46397.5,44796,2.82726,3.5751,0.496451,1.5071,0.329409,0.679918,0.832505,0.183467,0.816714
2021-09-18 00:00:00+00:00,47257.5,47247.5,48782,47022.5,-0.0211607,3.74183,0.408151,0.65603,0.622153,0.607318,0.718659,0.199168,0.845071
2021-09-25 00:00:00+00:00,42713.5,43194.5,43901.5,41014,1.12611,7.04028,0.792273,1.03906,0.762492,0.806074,0.877147,0.0138012,0.918973
2021-10-02 00:00:00+00:00,48214.5,48264,49183,47239,0.102666,4.11524,0.463458,0.748096,0.619517,0.743342,0.745172,0.279883,0.997543
2021-10-09 00:00:00+00:00,53850,54742.5,56285,53850,1.65738,4.52182,0.527931,0.696646,0.757819,0.72073,0.742412,0.192798,0.970795
2021-10-16 00:00:00+00:00,61599.5,61578,62368,59409,-0.0349029,4.98073,0.537268,0.648197,0.828865,1.18712,0.764686,0.649848,1.55242
2021-10-23 00:00:00+00:00,60620,60896.5,61767.5,59595,0.45612,3.64544,0.486449,0.746926,0.651267,0.727489,0.856685,0.241041,0.849191
2021-10-30 00:00:00+00:00,62256.5,61374,62439.5,60205.5,-1.41752,3.71062,0.459629,0.799235,0.575086,0.74298,0.752974,0.283351,0.986727
2021-11-06 00:00:00+00:00,61005.5,63342.5,63342.5,60207,3.8308,5.20787,0.400538,0.552321,0.725192,0.629097,0.745724,0.228559,0.843605
2021-11-13 00:00:00+00:00,64418.5,65548,65548,63466,1.75338,3.2805,0.414633,0.691006,0.600043,0.657288,0.696583,0.242655,0.943589
2021-11-20 00:00:00+00:00,58067,58650,59894.5,57485.5,1.00401,4.19062,0.509445,0.758659,0.671507,0.683975,0.837185,0.17453,0.816994
2021-11-27 00:00:00+00:00,53675.5,57336,57336,53634,6.81968,6.90234,0.618472,0.708235,0.873259,0.757759,0.724214,0.139287,1.04632
2021-12-04 00:00:00+00:00,53560.5,49453.5,53836.5,43619,-7.66796,23.4244,1.89578,0.699938,2.70849,0.639888,0.684084,-1.25589,0.935394
2021-12-11 00:00:00+00:00,47316,50141.5,50719.5,47031,5.97155,7.8427,0.598812,0.82243,0.728101,0.735105,0.708114,0.136293,1.03812
2021-12-18 00:00:00+00:00,46175.5,46696,48053.5,45608.5,1.12722,5.36084,0.565219,0.736108,0.767848,0.664023,0.734781,0.0988037,0.903702
2021-12-25 00:00:00+00:00,50791,50820,51268,49605,0.0570967,3.35248,0.406975,0.507789,0.801466,0.607873,0.67075,0.200897,0.906258
2022-01-01 00:00:00+00:00,46347.5,47325,47895,46303,2.10907,3.43822,0.485776,0.577239,0.84155,0.635475,0.650748,0.149699,0.97653
2022-01-08 00:00:00+00:00,41625,41888,42722.5,40700.5,0.631832,4.968,0.554599,0.674868,0.821788,0.6236,0.609647,0.0690017,1.02289
2022-01-15 00:00:00+00:00,43030.5,43079.5,43749.5,42646,0.113873,2.58758,0.36541,0.625744,0.583962,0.494819,0.640719,0.129409,0.772288
2022-01-22 00:00:00+00:00,36427.5,36267.5,36683,34268.5,-0.439229,7.04583,1.09434,0.758381,1.443,0.735112,0.529677,-0.359232,1.38785
2022-01-29 00:00:00+00:00,37802.5,37907,38652.5,37385.5,0.276437,3.38901,0.508824,0.967829,0.525738,0.662417,0.788837,0.153593,0.839739
2022-02-05 00:00:00+00:00,41384.5,42404.5,42584,41046.5,2.46469,3.74575,0.491401,0.649597,0.75647,0.655912,0.58898,0.164511,1.11364
2022-02-12 00:00:00+00:00,42381,42071,43016,41793.5,-0.73146,2.9251,0.469631,0.729095,0.644128,0.585758,0.619477,0.116127,0.945569
2022-02-19 00:00:00+00:00,40003,38396.5,40460.5,38104,-4.01595,6.18439,0.449273,0.542881,0.827572,0.614662,0.567019,0.165389,1.08402
2022-02-26 00:00:00+00:00,39229,37712.5,39877,37030.5,-3.86576,7.68691,0.711593,0.987499,0.720602,0.648941,0.713757,-0.0626519,0.909191
2022-03-05 00:00:00+00:00,39080,38416.5,39651.5,38138.5,-1.6978,3.96712,0.541103,0.856034,0.632105,0.706488,0.752882,0.165385,0.938378
2022-03-12 00:00:00+00:00,38735.5,37777,39310,37714.5,-2.47447,4.23047,0.447398,0.808528,0.553349,0.701687,0.752428,0.254288,0.932564
2022-03-19 00:00:00+00:00,41841,41270,42407,41020.5,-1.36469,3.38002,0.352526,0.740095,0.476325,0.60542,0.873279,0.252894,0.693272
2022-03-26 00:00:00+00:00,44375.5,46862,46873,44179.5,5.60332,6.09672,0.518461,0.500104,1.03671,0.524965,0.634275,0.00650418,0.827661
2022-04-02 00:00:00+00:00,46161.5,46414.5,47446,45591.5,0.548076,4.06764,0.499298,0.472128,1.05755,0.488233,0.510742,-0.0110656,0.955927
2022-04-09 00:00:00+00:00,42356.5,42163.5,43405,41976.5,-0.455656,3.40309,0.329823,0.513639,0.64213,0.493302,0.529345,0.163479,0.931911
2022-04-16 00:00:00+00:00,40521.5,39651.5,40639.5,39586,-2.14701,2.66129,0.304428,0.533799,0.570305,0.439362,0.538253,0.134934,0.816274
2022-04-23 00:00:00+00:00,39803.5,39471,39945.5,39196,-0.835354,1.91218,0.337136,0.528048,0.638457,0.503977,0.490101,0.166841,1.02831
2022-04-30 00:00:00+00:00,38647.5,38477,38791,37600.5,-0.441167,3.16618,0.42244,0.641771,0.658241,0.494071,0.595883,0.0716312,0.829142
2022-05-07 00:00:00+00:00,35999,34028,36105.5,33790,-5.47515,6.85262,0.546684,0.590345,0.926042,0.581026,0.638134,0.0343415,0.910508
2022-05-14 00:00:00+00:00,29250,31278,31328.5,28691,6.93333,9.19278,0.703444,1.61679,0.435087,0.794769,1.0321,0.0913248,0.770053
2022-05-21 00:00:00+00:00,29168.5,30282,30418.5,28945,3.81747,5.09069,0.460683,0.712532,0.646543,0.721123,0.740918,0.26044,0.973283
2022-05-28 00:00:00+00:00,28572,29455.5,29541,28514,3.09219,3.60174,0.35261,0.637868,0.552794,0.663977,0.67496,0.311368,0.983728
2022-06-04 00:00:00+00:00,29701,29888,30151,29471,0.629608,2.30735,0.332518,0.607312,0.547525,0.564433,0.688506,0.231915,0.819794
2022-06-11 00:00:00+00:00,29083,26532.5,29415.5,26532.5,-8.76973,10.8659,0.722838,0.764453,0.945562,0.6674,0.660593,-0.0554381,1.0103
2022-06-18 00:00:00+00:00,20501.5,20542.5,20719.5,17607.5,0.199985,17.6743,1.62883,1.52833,1.06576,1.0418,1.9863,-0.587034,0.52449
2022-06-25 00:00:00+00:00,21228.5,21046.5,21791,20936,-0.857338,4.08387,0.517166,0.90549,0.571145,0.65149,0.896686,0.134324,0.726553
2022-07-02 00:00:00+00:00,19260.5,19286,19539.5,18813,0.132395,3.86169,0.565274,0.799058,0.707425,0.830114,0.697074,0.26484,1.19085
2022-07-09 00:00:00+00:00,21614.5,20848.5,21960,20703.5,-3.54392,6.06902,0.543537,0.741955,0.732575,0.709356,0.711987,0.165819,0.996305
2022-07-16 00:00:00+00:00,20840,20802,21610,20511,-0.182342,5.3581,0.586133,0.723479,0.810158,0.603623,0.799675,0.0174904,0.754835
2022-07-23 00:00:00+00:00,22666,22588.5,23004,21996.5,-0.341922,4.58027,0.589496,0.895684,0.658152,0.753804,0.82107,0.164307,0.918074
2022-07-30 00:00:00+00:00,23833,23299,24625,23250,-2.24059,5.91398,0.649333,0.698156,0.930069,0.671583,0.844299,0.0222495,0.795433
2022-08-06 00:00:00+00:00,23309,23175.5,23377,22895.5,-0.57274,2.10303,0.312189,0.566168,0.551407,0.565487,0.733724,0.253298,0.770708
2022-08-13 00:00:00+00:00,24393,24327,25007,24202,-0.270569,3.32617,0.410228,0.517152,0.793245,0.5368,0.696334,0.126572,0.770895
2022-08-20 00:00:00+00:00,20870,21520.5,21681.5,20811.5,3.11691,4.18038,0.50353,0.605837,0.831132,0.654261,0.595911,0.150731,1.09792
2022-08-27 00:00:00+00:00,20220,19551,20334.5,19551,-3.30861,4.00747,0.395262,0.551287,0.71698,0.660564,0.602234,0.265302,1.09685
2022-09-03 00:00:00+00:00,19934.5,20007,20045,19628,0.363691,2.12452,0.300138,0.53301,0.563101,0.550034,0.575037,0.249895,0.956518
2022-09-10 00:00:00+00:00,21341,21838.5,21838.5,21175,2.33119,3.13341,0.508769,0.539789,0.942533,0.602383,0.66658,0.0936136,0.903692
2022-09-17 00:00:00+00:00,19786,19414,20156.5,19343.5,-1.88012,4.20296,0.442883,0.695376,0.636896,0.592112,0.839849,0.149229,0.705022
2022-09-24 00:00:00+00:00,19285.5,18798,19285.5,18656,-2.52781,3.37425,0.439096,0.879447,0.499286,0.66152,0.874953,0.222424,0.756063
2022-10-01 00:00:00+00:00,19420.5,19046,19461,18941.5,-1.92837,2.74266,0.32013,0.713946,0.448395,0.545854,0.693086,0.225724,0.78757
2022-10-08 00:00:00+00:00,19524.5,19440,19607.5,19274,-0.43279,1.73031,0.245482,0.463326,0.529826,0.513459,0.600125,0.267977,0.855587
2022-10-15 00:00:00+00:00,19186,19266.5,19395,19020.5,0.419577,1.96893,0.242311,0.489306,0.495213,0.449853,0.610877,0.207542,0.736405
2022-10-22 00:00:00+00:00,19161,19573,19657.5,19113,2.1502,2.84885,0.202144,0.341786,0.591435,0.360089,0.436123,0.157945,0.82566
2022-10-29 00:00:00+00:00,20563.5,20639,20975.5,20533.5,0.367155,2.15258,0.333739,0.480929,0.693947,0.393601,0.508462,0.0598623,0.774101
2022-11-05 00:00:00+00:00,21140.5,20913.5,21473.5,20903,-1.07377,2.72927,0.279224,0.40803,0.684322,0.392227,0.624256,0.113003,0.628311
2022-11-12 00:00:00+00:00,17000.5,16282,17000.5,16220,-4.22635,4.81196,0.498466,1.45489,0.342614,0.895392,1.0735,0.396926,0.834084
2022-11-19 00:00:00+00:00,16673.5,16256,16790,16216,-2.50397,3.53971,0.279162,0.659633,0.423208,0.486577,0.761252,0.207415,0.639181
2022-11-26 00:00:00+00:00,16507,16414.5,16658.5,16403,-0.560368,1.55764,0.224367,0.483661,0.463894,0.411404,0.70155,0.187037,0.586421
2022-12-03 00:00:00+00:00,17121.5,17112.5,17147,16880,-0.0525655,1.58175,0.214054,0.386777,0.553431,0.381621,0.548355,0.167567,0.695939
2022-12-10 00:00:00+00:00,17120.5,17084.5,17252.5,17078.5,-0.210274,1.01882,0.135014,0.266111,0.507359,0.332974,0.411823,0.197961,0.808537
2022-12-17 00:00:00+00:00,16620.5,16740.5,16814,16589,0.722,1.35632,0.223729,0.419222,0.533676,0.369192,0.636026,0.145463,0.580467
2022-12-24 00:00:00+00:00,16787,16832,16859.5,16734.5,0.268065,0.74696,0.126101,0.292339,0.431353,0.238165,0.356959,0.112063,0.667204
2022-12-31 00:00:00+00:00,16603,16616.5,16623,16482,0.0813106,0.855479,0.102794,0.190536,0.539501,0.195767,0.312549,0.0929729,0.626356
2023-01-07 00:00:00+00:00,16946.5,17133.5,17133.5,16914,1.10347,1.29774,0.112146,0.184671,0.607273,0.21805,0.260123,0.105904,0.83826
2023-01-14 00:00:00+00:00,19975,20898.5,21165.5,19975,4.62328,5.95995,0.839035,0.51212,1.63836,0.478084,0.403277,-0.360951,1.1855
2023-01-21 00:00:00+00:00,22659,22718,23337.5,22362,0.260382,4.36231,0.629574,0.564021,1.11622,0.529694,0.657484,-0.0998803,0.805637
2023-01-28 00:00:00+00:00,23110,23762.5,23945,22914,2.82345,4.49943,0.354176,0.517731,0.684092,0.419178,0.587448,0.0650019,0.713557
2023-02-04 00:00:00+00:00,23442.5,22953,23586.5,22839,-2.08809,3.27291,0.260277,0.448643,0.580144,0.444219,0.659789,0.183941,0.673274
2023-02-11 00:00:00+00:00,21634,21789,22079.5,21609,0.716465,2.17733,0.232297,0.396111,0.586445,0.356716,0.448792,0.124419,0.794836
2023-02-18 00:00:00+00:00,24615.5,24289,25213.5,24289,-1.3264,3.80625,0.408114,0.623803,0.654235,0.655414,0.519122,0.2473,1.26254
2023-02-25 00:00:00+00:00,23191,23568,23666.5,22842,1.62563,3.60958,0.323185,0.557512,0.579691,0.416926,0.57003,0.0937409,0.73141
2023-03-04 00:00:00+00:00,22343.5,22417,22625.5,22187.5,0.328955,1.97408,0.282925,0.457885,0.617895,0.376868,0.430888,0.093943,0.87463
2023-03-11 00:00:00+00:00,20249.5,22146,22146,19878,9.36566,11.4096,0.711027,0.50772,1.40043,0.530427,0.45034,-0.1806,1.17784
2023-03-18 00:00:00+00:00,27483,28070,28445,26865,2.13587,5.88126,0.659381,1.00585,0.655548,0.738438,0.816048,0.0790565,0.904895
2023-03-25 00:00:00+00:00,27477,28011.5,28207.5,27214.5,1.94526,3.64879,0.375176,0.706536,0.531008,0.563232,0.836492,0.188056,0.673327
2023-04-01 00:00:00+00:00,28460.5,28177,28797.5,27906,-0.996117,3.19465,0.287295,0.551391,0.521036,0.435115,0.59416,0.147821,0.732321
2023-04-08 00:00:00+00:00,27905,28330.5,28478.5,27823.5,1.52482,2.35413,0.224443,0.430257,0.52165,0.306752,0.519987,0.0823081,0.589922
2023-04-15 00:00:00+00:00,30456,30327.5,30571,30191,-0.42192,1.25865,0.21876,0.433495,0.504641,0.372304,0.635379,0.153545,0.585956
2023-04-22 00:00:00+00:00,27268.5,27584.5,27851,27176,1.15885,2.48381,0.333605,0.446674,0.746865,0.368294,0.463734,0.0346888,0.794192
2023-04-29 00:00:00+00:00,29338.5,29243.5,29892.5,29117,-0.323807,2.66339,0.348421,0.685953,0.507937,0.388598,0.508916,0.040177,0.76358
2023-05-06 00:00:00+00:00,29526,28468.5,29820,28468.5,-3.58159,4.74735,0.37412,0.477882,0.78287,0.368921,0.556772,-0.00519867,0.662606
2023-05-13 00:00:00+00:00,26791.5,26929,27145,26686,0.513222,1.72,0.286638,0.549785,0.521363,0.402246,0.516314,0.115609,0.779074
2023-05-20 00:00:00+00:00,26898,26767.5,27258.5,26713.5,-0.485166,2.04017,0.212236,0.375122,0.565778,0.341018,0.438555,0.128782,0.777595
2023-05-27 00:00:00+00:00,26706.5,28088.5,28181.5,26647,5.17477,5.75862,0.297064,0.325299,0.913201,0.303546,0.399375,0.00648217,0.760052
2023-06-03 00:00:00+00:00,27241.5,27141.5,27406.5,26981.5,-0.367087,1.57515,0.203544,0.348517,0.584029,0.294596,0.425535,0.091052,0.692296
2023-06-10 00:00:00+00:00,26493,25952.5,26511.5,25516.5,-2.04016,3.89944,0.482145,0.495269,0.973502,0.293958,0.428295,-0.188187,0.686345
2023-06-17 00:00:00+00:00,26346.5,26351.5,26759.5,26205,0.0189779,2.11601,0.288611,0.41056,0.702969,0.37384,0.511366,0.0852291,0.731061
2023-06-24 00:00:00+00:00,30675.5,30493,31052,30344.5,-0.594937,2.33156,0.324138,0.546764,0.592829,0.468255,0.529633,0.144118,0.884113
2023-07-01 00:00:00+00:00,30511.5,30635,30794.5,30316,0.404765,1.57837,0.258643,0.516476,0.500785,0.389885,0.493904,0.131241,0.789394
2023-07-08 00:00:00+00:00,30340,30179,30398,30087.5,-0.530653,1.03199,0.168211,0.353381,0.476004,0.351762,0.397422,0.183551,0.885109
2023-07-15 00:00:00+00:00,30308,30257,30448,30133.5,-0.168272,1.04369,0.162629,0.386975,0.420257,0.36453,0.43135,0.201901,0.845092
2023-07-22 00:00:00+00:00,29913,30093.5,30301.5,29682.5,0.603417,2.0854,0.166861,0.297056,0.561716,0.243165,0.327546,0.0763036,0.742384
2023-07-29 00:00:00+00:00,29322,29289.5,29463,29116,-0.110838,1.19178,0.137599,0.254713,0.54021,0.228475,0.349489,0.090876,0.653739
2023-08-05 00:00:00+00:00,29091.5,29064,29180.5,28985,-0.0945293,0.674487,0.0954059,0.265444,0.359419,0.20971,0.315709,0.114305,0.664251
2023-08-12 00:00:00+00:00,29406,29293.5,29476,29286.5,-0.382575,0.647056,0.0627021,0.246368,0.254506,0.209071,0.307524,0.146369,0.679851
2023-08-19 00:00:00+00:00,26063.5,26197,26262,25807,0.512211,1.76309,0.22923,1.21334,0.188925,0.440817,0.253893,0.211587,1.73623
2023-08-26 00:00:00+00:00,26047,26088.5,26155.5,25973,0.159327,0.702653,0.100561,0.309338,0.325085,0.28711,0.353768,0.186549,0.811577
2023-09-02 00:00:00+00:00,25796,25978.5,26055.5,25752,0.707474,1.17855,0.171669,0.441589,0.388754,0.277082,0.422981,0.105413,0.655071
2023-09-09 00:00:00+00:00,25899,25832.5,25967.5,25679.5,-0.256767,1.12152,0.155402,0.273305,0.568602,0.25017,0.321029,0.0947681,0.779274
2023-09-16 00:00:00+00:00,26585,26536,26738,26447.5,-0.184314,1.0984,0.151419,0.373666,0.405225,0.245397,0.359086,0.0939778,0.683392
2023-09-23 00:00:00+00:00,26593.5,26246,26699,26245,-1.30671,1.72985,0.144842,0.327547,0.442201,0.207977,0.360129,0.0631351,0.577506
2023-09-30 00:00:00+00:00,26910,28002,28027.5,26899.5,4.05797,4.19339,0.359847,0.292433,1.23053,0.229805,0.29741,-0.130043,0.772686
2023-10-07 00:00:00+00:00,27971,27945.5,28105,27766.5,-0.0911659,1.21909,0.187283,0.408252,0.458744,0.235534,0.323507,0.0482505,0.728065
2023-10-14 00:00:00+00:00,26895.5,27166,27280.5,26817.5,1.00574,1.72648,0.143648,0.297723,0.482488,0.292376,0.324138,0.148728,0.90201
2023-10-21 00:00:00+00:00,29686.5,30020,30234,29494.5,1.12341,2.50725,0.271523,0.675233,0.402117,0.32105,0.364118,0.0495269,0.88172
2023-10-28 00:00:00+00:00,33919.5,34557,34763.5,33884,1.87945,2.59562,0.250677,0.830634,0.30179,0.384694,0.609033,0.134017,0.631647
2023-11-04 00:00:00+00:00,34722,35064,35378.5,34629,0.984966,2.16437,0.315373,0.40142,0.785643,0.389665,0.487028,0.0742921,0.800087
2023-11-11 00:00:00+00:00,37355.5,37108.5,37420,36792,-0.661215,1.70689,0.252493,0.480146,0.525867,0.505491,0.457033,0.252998,1.10603
2023-11-18 00:00:00+00:00,36584,37386,37524,36240.5,2.19222,3.54162,0.24914,0.523285,0.476107,0.448044,0.510415,0.198904,0.877804
2023-11-25 00:00:00+00:00,37740,37463,37906,37210.5,-0.733969,1.8691,0.197172,0.439539,0.448588,0.416832,0.487704,0.21966,0.854684
2023-12-02 00:00:00+00:00,38737,40010,40157,38681.5,3.28626,3.81448,0.315446,0.344566,0.915489,0.373136,0.429364,0.0576895,0.869042
2023-12-09 00:00:00+00:00,44246.5,43800,44374.5,43634.5,-1.00912,1.69591,0.244418,0.486569,0.50233,0.3828,0.496748,0.138381,0.770611
2023-12-16 00:00:00+00:00,41998,41352,42692.5,41245,-1.53817,3.50952,0.329016,0.591325,0.556404,0.359052,0.48729,0.0300362,0.736834
2023-12-23 00:00:00+00:00,44029.5,43044.5,44029.5,42891.5,-2.23714,2.65321,0.287121,0.450028,0.638006,0.357935,0.45079,0.0708146,0.794018
2023-12-30 00:00:00+00:00,42062,42300,42832.5,41576,0.565831,3.02218,0.305235,0.385166,0.792477,0.408953,0.43189,0.103718,0.946893
2024-01-06 00:00:00+00:00,44184,43966,44470.5,43507.5,-0.493391,2.21341,0.312804,0.823277,0.379949,0.617477,0.621564,0.304674,0.993425
2024-01-13 00:00:00+00:00,42811,41713,43250,41713,-2.56476,3.6847,0.427395,0.871063,0.490659,0.557864,0.943952,0.130469,0.590987
2024-01-20 00:00:00+00:00,41615,41569,41858.5,41456.5,-0.110537,0.969691,0.190038,0.468913,0.405274,0.40777,0.524312,0.217732,0.777723
2024-01-27 00:00:00+00:00,41788.5,42048.5,42812,41474,0.622181,3.22612,0.29181,0.48445,0.602354,0.327511,0.513057,0.0357014,0.638353
2024-02-03 00:00:00+00:00,43155.5,42578,43340,42409,-1.33818,2.19529,0.213192,0.410473,0.519381,0.290922,0.439901,0.0777298,0.661335
2024-02-10 00:00:00+00:00,47240.5,48343.5,48561.5,46932,2.33486,3.47204,0.299269,0.396411,0.754944,0.371039,0.335083,0.0717704,1.1073
2024-02-17 00:00:00+00:00,52186,52177.5,52405,50714,-0.0162879,3.33438,0.322723,0.479929,0.672439,0.408288,0.505899,0.085565,0.807054
2024-02-24 00:00:00+00:00,50745,51745,51967,50593.5,1.97064,2.71478,0.212515,0.408325,0.520455,0.38427,0.526528,0.171756,0.72982
2024-03-02 00:00:00+00:00,62485.5,63206.5,63281,61501,1.15387,2.89426,0.32246,0.754654,0.427295,0.506151,0.724227,0.183691,0.698884
2024-03-09 00:00:00+00:00,68246,69071,70088,68085,1.20886,2.94191,0.336164,0.980746,0.342764,0.652963,0.863462,0.316799,0.756215
2024-03-16 00:00:00+00:00,69587,68380.5,69966.5,64960.5,-1.7338,7.70622,0.67681,0.789934,0.856793,0.700228,0.759812,0.0234174,0.92158
2024-03-23 00:00:00+00:00,63743.5,67229,67623,63182,5.46801,7.0289,0.551606,0.850616,0.648478,0.584958,0.793845,0.0333525,0.736866
2024-03-30 00:00:00+00:00,69892.5,71398,71432.5,69619.5,2.15402,2.60416,0.264635,0.52532,0.50376,0.440379,0.658635,0.175744,0.668624
2024-04-06 00:00:00+00:00,67771,69388,70283,67614.5,2.38598,3.94664,0.344177,0.602852,0.570915,0.48262,0.678538,0.138443,0.711265
2024-04-13 00:00:00+00:00,67034,65712.5,67914.5,61519.5,-1.97139,10.3951,1.10726,0.567745,1.95028,0.492785,0.632691,-0.614477,0.778871
2024-04-20 00:00:00+00:00,63836,64942,65652.5,63320,1.73256,3.68367,0.416133,0.804515,0.517247,0.65906,0.764542,0.242927,0.862033
2024-04-27 00:00:00+00:00,63744,63092.5,64264,62551,-1.02206,2.73857,0.352534,0.450337,0.782822,0.369406,0.580743,0.0168722,0.636092
2024-05-04 00:00:00+00:00,62892.5,64033,64550,62680.5,1.81341,2.98259,0.406943,0.648225,0.62778,0.429731,0.640586,0.0227887,0.670841
2024-05-11 00:00:00+00:00,60848.5,61460.5,61742.5,60527.5,1.00578,2.00735,0.248158,0.464615,0.534115,0.413704,0.458928,0.165546,0.901456
2024-05-18 00:00:00+00:00,66984.5,66280.5,67621,66002.5,-1.05099,2.45218,0.275214,0.477643,0.576192,0.399407,0.552108,0.124193,0.723423
2024-05-25 00:00:00+00:00,68564,68507,69559.5,68294,-0.083134,1.85302,0.2141,0.473249,0.452405,0.338336,0.543321,0.124237,0.622719
2024-06-01 00:00:00+00:00,67593.5,67755.5,68390,67390,0.239668,1.4839,0.210197,0.41839,0.502394,0.376425,0.488634,0.166228,0.770362
2024-06-08 00:00:00+00:00,69276,69668,69861.5,69164.5,0.565853,1.00774,0.136545,0.415215,0.328854,0.41195,0.475405,0.275405,0.866524
2024-06-15 00:00:00+00:00,66000,66649.5,66914,65877,0.984091,1.57415,0.182081,0.455272,0.399938,0.370086,0.532224,0.188005,0.695357
2024-06-22 00:00:00+00:00,64149,63175,64489,63175,-1.51834,2.07994,0.165127,0.437176,0.377712,0.326341,0.442017,0.161214,0.738299
2024-06-29 00:00:00+00:00,60333.5,62710.5,62924,60333.5,3.93977,4.29363,0.282994,0.455524,0.621249,0.327761,0.43453,0.044767,0.754289
2024-07-06 00:00:00+00:00,56516.5,55854.5,58407.5,55833.5,-1.17134,4.61014,0.405666,0.577992,0.701853,0.513682,0.373037,0.108016,1.37703
2024-07-13 00:00:00+00:00,57906,60810,61338.5,57805.5,5.01502,6.11188,0.405139,0.607724,0.66665,0.35916,0.545108,-0.0459792,0.658879
2024-07-20 00:00:00+00:00,66752.5,68216,68323.5,66111,2.19243,3.34664,0.386873,0.519012,0.745402,0.412222,0.545232,0.0253497,0.756049
2024-07-27 00:00:00+00:00,67894,68287.5,69414,66842,0.57958,3.84788,0.537792,0.441282,1.2187,0.835033,0.532752,0.297242,1.5674
2024-08-03 00:00:00+00:00,61488,58157,62145.5,57312,-5.41732,8.43366,0.583394,0.531272,1.09811,0.453375,0.492045,-0.130019,0.92141
2024-08-10 00:00:00+00:00,60756.5,58735,61565,58459.5,-3.32722,5.31222,0.416736,1.24017,0.336033,0.542067,0.724372,0.125331,0.748327
2024-08-17 00:00:00+00:00,58936.5,58444,60230,58444,-0.835645,3.05592,0.282375,0.636923,0.443342,0.437251,0.605203,0.154876,0.722487
2024-08-24 00:00:00+00:00,64151.5,64264,64881,63687,0.175366,1.87479,0.278508,0.522222,0.533314,0.454355,0.493879,0.175847,0.919973
2024-08-31 00:00:00+00:00,59103,57295,59403,57250,-3.05907,3.7607,0.355724,0.581356,0.611888,0.427931,0.525863,0.0722064,0.813768
2024-09-07 00:00:00+00:00,53985,54874,55247.5,53670.5,1.64675,2.9383,0.361507,0.601076,0.601433,0.528447,0.508673,0.16694,1.03887
2024-09-14 00:00:00+00:00,60595.5,59142.5,60635,58854.5,-2.39787,3.02526,0.283733,0.503488,0.563535,0.36854,0.597775,0.0848066,0.616519
2024-09-21 00:00:00+00:00,63154.5,63598.5,63899.5,62497.5,0.703038,2.24329,0.268267,0.492757,0.54442,0.370831,0.62399,0.102565,0.59429
2024-09-28 00:00:00+00:00,65832.5,65637,66212.5,65455,-0.296966,1.15728,0.194946,0.398862,0.488756,0.347303,0.46016,0.152358,0.754745
2024-10-05 00:00:00+00:00,62215,62838,62932.5,61738,1.00137,1.93479,0.198697,0.500328,0.397134,0.368824,0.499696,0.170127,0.738097
2024-10-12 00:00:00+00:00,62582.5,62878,63448.5,62059.5,0.472177,2.23817,0.263282,0.415882,0.633068,0.320065,0.428583,0.0567836,0.746799
2024-10-19 00:00:00+00:00,68482.5,69049,69330,68055,0.827219,1.87348,0.182033,0.453908,0.401035,0.330545,0.479328,0.148513,0.689602
2024-10-26 00:00:00+00:00,66551,67964.5,68264,66435,2.12394,2.75307,0.206563,0.437464,0.472184,0.301726,0.407333,0.0951624,0.740734
2024-11-02 00:00:00+00:00,69554.5,68724,69859,67544,-1.19403,3.4274,0.322629,0.468002,0.689375,0.351973,0.477675,0.0293437,0.736845
2024-11-09 00:00:00+00:00,76488.5,80469,81397.5,75911.5,5.20405,7.22684,0.461936,0.533664,0.865595,0.342477,0.885847,-0.11946,0.38661
2024-11-16 00:00:00+00:00,91201.5,89897.5,91844.5,88797,-1.4298,3.43199,0.372486,0.848014,0.439245,0.450937,0.716522,0.0784513,0.629341
2024-11-23 00:00:00+00:00,98932,98058.5,98981,95840,-0.88293,3.27734,0.322671,0.548198,0.588603,0.51748,0.615162,0.194809,0.84121
2024-11-30 00:00:00+00:00,97421.5,97340.5,97884.5,95848,-0.0831439,2.12472,0.24403,0.528151,0.462046,0.381531,0.610843,0.137501,0.624597
2024-12-07 00:00:00+00:00,100004,101250,101391,98934,1.24594,2.48347,0.306935,0.736986,0.416474,0.454854,0.471631,0.147919,0.964428
2024-12-14 00:00:00+00:00,101418,104478,104950,100702,3.0172,4.21837,0.322106,0.572316,0.562811,0.385753,0.594996,0.0636473,0.648329
2024-12-21 00:00:00+00:00,97663.5,95084,99464.5,94179,-2.64121,5.61219,0.462952,0.693922,0.667153,0.520202,0.521581,0.0572494,0.997355
2024-12-28 00:00:00+00:00,94290,93588.5,95271,92923,-0.743981,2.52682,0.274491,0.510948,0.537219,0.460707,0.485938,0.186216,0.948077
2025-01-04 00:00:00+00:00,98193.5,98375,98752.5,97328,0.184839,1.46361,0.211349,0.429221,0.4924,0.34096,0.52012,0.129612,0.655542
2025-01-11 00:00:00+00:00,94700,94518,95298.5,93768.5,-0.192186,1.63168,0.221262,0.56233,0.393473,0.427613,0.469176,0.206352,0.911413
2025-01-18 00:00:00+00:00,104296,101288,106300,99643.5,-2.8841,6.68032,0.701442,0.540126,1.29866,0.46587,0.567338,-0.235572,0.821151
2025-01-25 00:00:00+00:00,104805,102615,105406,102615,-2.08959,2.71988,0.244648,0.904257,0.270551,0.404812,0.656408,0.160164,0.616707
2025-02-01 00:00:00+00:00,102282,97696.5,102735,96755,-4.48319,6.18056,0.445043,0.51679,0.861168,0.351165,0.546132,-0.0938782,0.643004
2025-02-08 00:00:00+00:00,96467.5,96495,97324,94849,0.028507,2.60941,0.286907,0.677137,0.423706,0.377905,0.562508,0.0909987,0.671823
2025-02-15 00:00:00+00:00,97467.5,96141.5,97980.5,96141.5,-1.36045,1.91281,0.172401,0.439677,0.392108,0.312124,0.464798,0.139722,0.671525
2025-02-22 00:00:00+00:00,96000.5,96295.5,96877,95293.5,0.30729,1.66171,0.173582,0.367584,0.472223,0.341964,0.404569,0.168382,0.845255
2025-03-01 00:00:00+00:00,84302,94275,94817.5,83850.5,11.8301,13.0792,0.732508,0.842313,0.869639,0.6348,0.578735,-0.0977075,1.09688
2025-03-08 00:00:00+00:00,86686.5,80692.5,86820.5,80175.5,-6.91457,8.28807,0.471128,0.93807,0.502232,0.682991,0.743761,0.211863,0.918294
2025-03-15 00:00:00+00:00,84070,82553,84655.5,82009,-1.80445,3.22708,0.373371,0.712465,0.524056,0.402404,0.746658,0.0290329,0.53894
2025-03-22 00:00:00+00:00,84046,86067.5,86067.5,83729,2.40523,2.79294,0.191582,0.430606,0.444914,0.29453,0.525642,0.102948,0.560325
2025-03-29 00:00:00+00:00,84329,82327.5,84535,81587,-2.37344,3.61332,0.335848,0.36661,0.91609,0.380992,0.389582,0.0451443,0.977952
2025-04-05 00:00:00+00:00,83770,78337.5,84190,77174,-6.48502,9.09114,0.412734,0.580426,0.711089,0.508371,0.550096,0.0956367,0.92415
2025-04-12 00:00:00+00:00,83338,83720,85827.5,82810,0.458374,3.64388,0.445365,0.814965,0.546484,0.442113,0.694589,-0.00325229,0.63651
2025-04-19 00:00:00+00:00,84478,85210.5,85504,84011.5,0.86709,1.77654,0.193885,0.392484,0.493996,0.25247,0.446156,0.0585842,0.565877
2025-04-26 00:00:00+00:00,94833.5,93762.5,95220.5,93742.5,-1.12935,1.57666,0.234211,0.457426,0.512021,0.30802,0.483818,0.0738082,0.636644
2025-05-03 00:00:00+00:00,96942,94265.5,96942,94150.5,-2.76093,2.96493,0.211685,0.334656,0.632546,0.275687,0.373124,0.0640022,0.738862
2025-05-10 00:00:00+00:00,103091,104170,105033,102890,1.04713,2.08231,0.321974,0.380979,0.845121,0.345184,0.389987,0.0232105,0.885118
2025-05-17 00:00:00+00:00,103532,106562,106562,102750,2.92665,3.70999,0.300819,0.392486,0.766446,0.234459,0.369066,-0.0663595,0.635278
2025-05-24 00:00:00+00:00,106932,109078,109432,106742,2.00783,2.52008,0.317872,0.490724,0.647762,0.344055,0.4425,0.0261829,0.777525
2025-05-31 00:00:00+00:00,103998,105712,105880,103221,1.64859,2.57651,0.258219,0.356917,0.723471,0.308247,0.438038,0.0500281,0.7037
2025-06-07 00:00:00+00:00,104326,105820,106474,104070,1.43156,2.30997,0.190587,0.3269,0.583014,0.275188,0.341318,0.0846003,0.806249
2025-06-14 00:00:00+00:00,106088,105633,106132,104419,-0.429359,1.64003,0.211577,0.378411,0.55912,0.341808,0.388352,0.130231,0.880151
2025-06-21 00:00:00+00:00,103250,101012,103999,98434,-2.16755,5.65353,0.481022,0.347872,1.38275,0.292366,0.387885,-0.188656,0.753743
2025-06-28 00:00:00+00:00,107030,108416,108528,106918,1.2945,1.50535,0.14604,0.352923,0.4138,0.216605,0.353559,0.070565,0.612641
2025-07-05 00:00:00+00:00,108066,109270,109557,107890,1.11367,1.54462,0.15033,0.271565,0.553568,0.214168,0.27561,0.0638383,0.777068
2025-07-12 00:00:00+00:00,117628,119185,119440,117046,1.32323,2.04536,0.204372,0.356546,0.5732,0.285624,0.28022,0.0812519,1.01928
2025-07-19 00:00:00+00:00,117996,117350,118972,117017,-0.547474,1.67027,0.215952,0.423875,0.509471,0.267345,0.391935,0.0513922,0.682114
2025-07-26 00:00:00+00:00,117550,119518,119882,117240,1.67417,2.25263,0.190309,0.363266,0.523882,0.270683,0.325457,0.0803742,0.831701
2025-08-02 00:00:00+00:00,113185,114211,114686,112009,0.906481,2.38954,0.23245,0.328652,0.707284,0.273661,0.338442,0.0412107,0.808591
2025-08-09 00:00:00+00:00,116737,119347,119350,116406,2.23579,2.52908,0.229812,0.265421,0.865842,0.203914,0.302269,-0.0258981,0.674612
2025-08-16 00:00:00+00:00,117434,117502,118560,117300,0.0574788,1.07374,0.146514,0.40909,0.358146,0.222037,0.31479,0.0755225,0.705348
2025-08-23 00:00:00+00:00,116925,113500,117030,112200,-2.92966,4.30572,0.31201,0.358704,0.869825,0.305917,0.329639,-0.00609273,0.928035
2025-08-30 00:00:00+00:00,108291,108255,109474,107427,-0.0332438,1.90595,0.192415,0.385971,0.498522,0.292982,0.336986,0.100567,0.869418
2025-09-06 00:00:00+00:00,110654,111160,111518,110020,0.457279,1.36203,0.147094,0.33879,0.434173,0.290679,0.33462,0.143585,0.868684
2025-09-13 00:00:00+00:00,116136,115375,116358,115300,-0.655694,0.917606,0.147126,0.27856,0.528166,0.210493,0.318037,0.0633673,0.661851
2025-09-20 00:00:00+00:00,115694,115316,116154,115290,-0.327155,0.748981,0.0941637,0.255619,0.368375,0.203861,0.379731,0.109697,0.536857
2025-09-27 00:00:00+00:00,109707,112246,112400,109149,2.31435,2.97804,0.145566,0.317675,0.458223,0.23471,0.283011,0.0891444,0.829334
2025-10-04 00:00:00+00:00,122250,123586,125510,121672,1.09367,3.15479,0.315478,0.308235,1.0235,0.261713,0.281513,-0.0537642,0.929667
2025-10-11 00:00:00+00:00,113133,115062,115552,109786,1.70463,5.25156,0.553767,0.978805,0.565758,0.372754,0.357563,-0.181013,1.04248
2025-10-18 00:00:00+00:00,106422,108713,109492,106159,2.15275,3.1401,0.310726,0.513942,0.604593,0.445813,0.435582,0.135087,1.02349
2025-10-25 00:00:00+00:00,111057,114618,114878,110748,3.20646,3.72966,0.266181,0.479713,0.554875,0.275214,0.460721,0.0090335,0.597355
2025-11-01 00:00:00+00:00,109426,110586,111200,109394,1.05916,1.65045,0.23611,0.479855,0.492044,0.301466,0.441561,0.0653565,0.682728
2025-11-08 00:00:00+00:00,103108,104727,105174,101482,1.57069,3.63858,0.346154,0.581327,0.595454,0.342671,0.519538,-0.00348299,0.659568
2025-11-15 00:00:00+00:00,94906,94190.5,96612,92946.5,-0.753904,3.94367,0.480133,0.554209,0.866339,0.463911,0.409096,-0.0162224,1.13399
2025-11-22 00:00:00+00:00,85240.5,86801,87981,83482.5,1.8307,5.38855,0.435649,0.726916,0.599312,0.653162,0.580833,0.217512,1.12453
2025-11-29 00:00:00+00:00,90968,90384.5,91972,90331,-0.641434,1.81665,0.249829,0.483325,0.516896,0.274056,0.446732,0.0242277,0.613469
2025-12-06 00:00:00+00:00,89197,90402,91666,87871,1.35094,4.31883,0.375739,0.571737,0.65719,0.339433,0.496452,-0.0363065,0.683717
2025-12-13 00:00:00+00:00,90411.5,88150.5,90613,87939,-2.50079,3.04074,0.239514,0.498674,0.480301,0.310046,0.562102,0.070532,0.551583
2025-12-20 00:00:00+00:00,88064.5,88645,89040.5,87673.5,0.659176,1.55919,0.209795,0.576877,0.363673,0.359799,0.481856,0.150004,0.746694
2025-12-27 00:00:00+00:00,87304,87901.5,87964,87248.5,0.68439,0.820071,0.133474,0.369568,0.361161,0.311218,0.358039,0.177745,0.869231
2026-01-03 00:00:00+00:00,90002,91538,91690.5,89400,1.70663,2.56208,0.220479,0.330888,0.666325,0.295712,0.366459,0.0752329,0.806945
2026-01-10 00:00:00+00:00,90532.5,90928.5,91094,90280,0.437412,0.901639,0.14997,0.385533,0.388994,0.258498,0.423287,0.108528,0.610693
2026-01-17 00:00:00+00:00,95527,93610.5,95556.5,93610.5,-2.00624,2.07883,0.182912,0.407041,0.449369,0.216355,0.397583,0.0334432,0.544177
2026-01-24 00:00:00+00:00,89515,86599.5,89834,86185,-3.257,4.23392,0.254898,0.461377,0.552472,0.231234,0.430628,-0.0236638,0.53697
2026-01-31 00:00:00+00:00,84035,76900,84139,75928.5,-8.49051,10.8135,0.734155,0.483825,1.5174,0.376921,0.391876,-0.357235,0.961837
2026-02-07 00:00:00+00:00,70217,70274,71885,67610,0.0811769,6.32303,0.742203,1.08837,0.681942,0.778899,0.649231,0.0366959,1.19972
2026-02-14 00:00:00+00:00,68809.5,68800.5,70872.5,68095,-0.0130796,4.07886,0.44182,0.635101,0.695668,0.370556,0.633466,-0.0712638,0.584966
2026-02-21 00:00:00+00:00,67991,67607,68658.5,67232.5,-0.564781,2.121,0.235428,0.529935,0.444259,0.346827,0.502455,0.111399,0.690265
2026-02-28 00:00:00+00:00,65862,65776,68066,63158,-0.130576,7.77099,0.719569,0.613807,1.17231,0.39186,0.555699,-0.32771,0.705164
2026-03-07 00:00:00+00:00,68104.5,65964.5,68519.5,65638,-3.14223,4.38999,0.447194,0.658141,0.67948,0.452377,0.60552,0.00518315,0.747089
2026-03-14 00:00:00+00:00,70831,72838.5,73019,70471,2.83421,3.61567,0.297449,0.565029,0.526432,0.393899,0.533318,0.0964497,0.738582
2026-03-21 00:00:00+00:00,70565.5,67854,71029.5,67378,-3.84253,5.41942,0.364802,0.506443,0.720321,0.401723,0.540837,0.0369211,0.74278
2026-03-28 00:00:00+00:00,66406,65960.5,67200.5,65017.5,-0.670873,3.35756,0.339873,0.567586,0.598805,0.461515,0.527872,0.121642,0.874293
2026-04-04 00:00:00+00:00,66919,69028.5,69041.5,66644.5,3.15232,3.5967,0.248106,0.471063,0.526694,0.29772,0.512602,0.0496142,0.580801
2026-04-11 00:00:00+00:00,72885,70731.5,73755.5,70583.5,-2.95465,4.49397,0.332015,0.445432,0.745378,0.309618,0.481572,-0.0223966,0.642932
2026-04-18 00:00:00+00:00,77182,73806,77364.5,73806,-4.37408,4.82142,0.318825,0.449465,0.709344,0.336267,0.4291,0.0174418,0.783656
2026-04-25 00:00:00+00:00,77424.5,78680.5,78773.5,77204,1.62223,2.03293,0.234313,0.393773,0.595047,0.279521,0.421723,0.0452078,0.662807
2026-05-02 00:00:00+00:00,78267.5,78580.5,79347.5,78045.5,0.399911,1.66826,0.210917,0.334344,0.63084,0.238888,0.377218,0.0279704,0.633288
2026-05-09 00:00:00+00:00,80184.5,82201.5,82403,80157,2.51545,2.802,0.235299,0.357371,0.658416,0.229577,0.366011,-0.00572169,0.627242
2026-05-16 00:00:00+00:00,79094,77406.5,79173.5,77180,-2.13354,2.58292,0.21521,0.324035,0.664158,0.279759,0.349454,0.0645482,0.80056
2026-05-23 00:00:00+00:00,75504,76983.5,77226.5,74264.5,1.9595,3.98845,0.302967,0.309156,0.979984,0.218237,0.339391,-0.0847304,0.643025
2026-05-30 00:00:00+00:00,73372,73587,74174,73171,0.293027,1.37076,0.185684,0.334523,0.555071,0.247664,0.32412,0.0619804,0.764112
2026-06-06 00:00:00+00:00,61365.5,63304,63618.5,59475.5,3.15894,6.96589,0.682731,0.745583,0.915702,0.545131,0.470082,-0.137601,1.15965
2026-06-13 00:00:00+00:00,63542,65723.5,65732.5,63460.5,3.43316,3.58018,0.272205,0.495803,0.549018,0.290416,0.512661,0.0182114,0.566487
2026-06-20 00:00:00+00:00,63474.5,63249,64475.5,63145.5,-0.355261,2.10625,0.28336,0.429267,0.660104,0.28811,0.383305,0.0047496,0.751646
2026-06-27 00:00:00+00:00,60035.5,59503.5,60812,58933.5,-0.886142,3.18749,0.336768,0.554239,0.607623,0.416758,0.45393,0.0799905,0.918112
2026-07-04 00:00:00+00:00,62535,63624,63937.5,62308.5,1.74142,2.61441,0.263384,0.458285,0.574717,0.234561,0.482278,-0.0288229,0.486361
2026-07-11 00:00:00+00:00,64076.5,63759.5,64460.5,63637.5,-0.494721,1.29326,0.19876,0.419605,0.473683,0.238844,0.385069,0.0400842,0.620262
2026-07-18 00:00:00+00:00,63900,64704.5,64869.5,63868.5,1.259,1.56728,0.164766,0.352478,0.467451,0.22192,0.34655,0.0571545,0.64037
2026-07-25 00:00:00+00:00,64134.5,65357.5,65499.5,63762,1.90693,2.72498,0.148526,0.317022,0.468503,0.208125,0.341273,0.059599,0.609849
2026-08-01 00:00:00+00:00,62900,63524.5,63661,62333.5,0.992846,2.12967,0.206207,0.338647,0.608912,0.228228,0.399497,0.0220216,0.571289
2026-08-08 00:00:00+00:00,64883.5,64869,65363,64700,-0.0223477,1.02473,0.107613,0.272382,0.395079,0.17851,0.271496,0.0708972,0.657505
