f_iv,f_iv_premium,f_wd_vol,f_friday_move_abs,f_funding_abs,f_wknd_frac,f_dvol_chg,f_T_days,entry_ts,exit_ts,instrument,strike,cp,expiry,hold_hours,wknd_frac,index_in,index_out,index_move_pct,iv_in,iv_out,iv_change,premium_in,premium_out,option_pnl,hedge_pnl,perp_fees,option_fees,spread_cost,vega_usd,gross_usd,net_usd,gross_per_vega,net_per_vega
0.8092,,,,,0.293841,,6.8064,2018-04-20 12:38:46.951000+00:00,2018-04-22 00:00:00+00:00,BTC-27APR18-8500-C,8500,C,2018-04-27 08:00:00+00:00,35.3536,0.293841,8540.05,8914.92,4.38955,0.8092,0.8307,0.0215,396.508,594.643,-198.134,2.22045e-16,0.00620254,5.23649,4.04514,463.941,-198.134,-207.422,-0.427068,-0.447087
0.8424,,,,,0.293764,,6.8082,2018-04-27 12:36:11.793000+00:00,2018-04-29 00:00:00+00:00,BTC-4MAY18-9500-C,9500,C,2018-05-04 08:00:00+00:00,35.3967,0.293764,9326.71,9411.7,0.911254,0.8424,0.9212,0.0788,351.471,377.173,-25.7022,1.249e-16,0.000291402,5.62152,4.41587,506.46,-25.7022,-35.7399,-0.0507487,-0.070568
0.6488,,,,,0.292866,,6.82907,2018-05-25 12:06:08.351000+00:00,2018-05-27 00:00:00+00:00,BTC-1JUN18-7500-C,7500,C,2018-06-01 08:00:00+00:00,35.8977,0.292866,7518.57,7332.99,-2.46829,0.6488,0.6142,-0.0346,275.244,146.136,129.108,1.06581e-14,0.0393639,4.45547,3.56905,409.338,129.108,121.045,0.315408,0.295708
0.4743,,,,,0.292701,,6.83292,2018-06-08 12:00:36.083000+00:00,2018-06-10 00:00:00+00:00,BTC-15JUN18-7500-C,7500,C,2018-06-15 08:00:00+00:00,35.99,0.292701,7560.8,7433.02,-1.69003,0.4743,0.4488,-0.0255,226.834,130.291,96.5437,-5.55112e-16,0.00249645,4.49815,3.55448,407.666,96.5437,88.4886,0.236821,0.217061
0.6944,,,,,0.2939,,6.80504,2018-08-10 12:40:44.213000+00:00,2018-08-12 00:00:00+00:00,BTC-17AUG18-6750-C,6750,C,2018-08-17 08:00:00+00:00,35.3211,0.2939,6484.17,6254.81,-3.53723,0.6944,0.763,0.0686,139.877,68.7408,71.1359,-1.13687e-13,0.479246,3.82169,2.87613,329.866,71.1359,63.9589,0.215651,0.193894
0.6627,0.809901,0.818248,3.02549,,0.293804,,6.80725,2018-08-17 12:37:33.178000+00:00,2018-08-19 00:00:00+00:00,BTC-24AUG18-6500-C,6500,C,2018-08-24 08:00:00+00:00,35.3741,0.293804,6461.62,6366.06,-1.47885,0.6627,0.6524,-0.0103,215.665,142.377,73.2879,-72.6153,9.20117,3.8483,3.07472,352.642,0.672613,-15.4516,0.00190735,-0.0438166
0.5533,0.805403,0.686985,0.93523,,0.293422,,6.81611,2018-09-07 12:24:47.842000+00:00,2018-09-09 00:00:00+00:00,BTC-14SEP18-6500-C,6500,C,2018-09-14 08:00:00+00:00,35.5867,0.293422,6408.71,6171.46,-3.702,0.5533,0.7188,0.1655,152.637,93.2402,59.3966,-116.387,7.96563,3.77405,3.0165,345.965,-56.9904,-71.7466,-0.164729,-0.207381
0.5907,1.4931,0.39562,0.431367,,0.293084,,6.82398,2018-09-14 12:13:28.288000+00:00,2018-09-16 00:00:00+00:00,BTC-21SEP18-6500-P,6500,P,2018-09-21 08:00:00+00:00,35.7755,0.293084,6458.64,6490.45,0.492651,0.5907,0.5933,0.00260002,230.194,190.609,39.5855,-27.3049,6.26925,3.88473,3.07163,352.288,12.2806,-0.945025,0.0348595,-0.00268254
0.6336,1.22888,0.515592,3.29932,,0.293875,,6.80561,2018-09-21 12:39:55.389000+00:00,2018-09-23 00:00:00+00:00,BTC-28SEP18-6750-P,6750,P,2018-09-28 08:00:00+00:00,35.3346,0.293875,6723.08,6696.52,-0.395032,0.6336,0.5288,-0.1048,246.624,199.486,47.1375,-4.20383,7.08982,4.02588,3.19976,366.983,42.9337,28.6182,0.116991,0.0779824
0.4558,1.18142,0.385808,1.33632,,0.293765,,6.80817,2018-09-28 12:36:13.719000+00:00,2018-09-30 00:00:00+00:00,BTC-5OCT18-6500-C,6500,C,2018-10-05 08:00:00+00:00,35.3962,0.293765,6597.33,6563.43,-0.513744,0.4558,0.5687,0.1129,216.172,212.598,3.57461,-36.6535,9.74983,3.94823,3.02795,347.278,-33.0789,-49.8049,-0.0952519,-0.143415
0.4192,1.52586,0.274731,0.335468,,0.293739,,6.80876,2018-10-05 12:35:23.151000+00:00,2018-10-07 00:00:00+00:00,BTC-12OCT18-6500-P,6500,P,2018-10-12 08:00:00+00:00,35.4102,0.293739,6536.43,6551.09,0.224389,0.4192,0.4729,0.0537,131.625,124.641,6.98355,-11.7143,4.16364,3.92626,3.0863,353.97,-4.73071,-15.9069,-0.0133647,-0.0449385
0.5787,0.566326,1.02185,0.333303,,0.293449,,6.81549,2018-11-16 12:25:41.947000+00:00,2018-11-18 00:00:00+00:00,BTC-23NOV18-5500-P,5500,P,2018-11-23 08:00:00+00:00,35.5717,0.293449,5514.72,5501.27,-0.243915,0.5787,0.8553,0.2766,166.665,226.145,-59.4795,3.13048,5.82457,3.3048,2.61762,300.217,-56.3491,-68.096,-0.187694,-0.226823
0.7802,0.512896,1.52117,0.128745,,0.293305,,6.81884,2018-11-23 12:20:52.611000+00:00,2018-11-25 00:00:00+00:00,BTC-30NOV18-4250-C,4250,C,2018-11-30 08:00:00+00:00,35.6521,0.293305,4258.06,3776.19,-11.3166,0.7802,1.29,0.5098,185.14,80.6651,104.475,-182.382,7.31454,2.41027,2.02145,231.843,-77.9072,-89.6535,-0.336035,-0.3867
1.1364,0.830882,1.3677,8.26846,,0.29368,,6.81014,2018-11-30 12:33:23.591000+00:00,2018-12-02 00:00:00+00:00,BTC-7DEC18-3750-P,3750,P,2018-12-07 08:00:00+00:00,35.4434,0.29368,3909.81,4139.38,5.87163,1.1364,1.2011,0.0647,165.908,84.3489,81.5589,-90.8043,4.45807,2.41476,1.75262,201.01,-9.24537,-17.8708,-0.0459945,-0.0889051
1.1201,1.09638,1.02164,0.822199,,0.293954,,6.80378,2018-12-07 12:42:33.563000+00:00,2018-12-09 00:00:00+00:00,BTC-14DEC18-3500-C,3500,C,2018-12-14 08:00:00+00:00,35.2907,0.293954,3362.91,3383.54,0.613394,1.1201,1.2008,0.0807,148.122,146.274,1.84742,-25.3703,5.40774,2.02393,1.57365,180.483,-23.5229,-32.5282,-0.130333,-0.180229
0.9139,1.28472,0.711361,0.245889,,0.293928,,6.8044,2018-12-14 12:41:40.036000+00:00,2018-12-16 00:00:00+00:00,BTC-21DEC18-3250-P,3250,P,2018-12-21 08:00:00+00:00,35.3055,0.293928,3252.75,3185.76,-2.05968,0.9139,0.8389,-0.075,160.72,164.758,-4.03748,32.1331,3.4889,1.93155,1.5444,177.128,28.0957,21.1308,0.158617,0.119297
0.8245,0.916189,0.899923,0.571349,,0.293854,,6.8061,2018-12-28 12:39:13.261000+00:00,2018-12-30 00:00:00+00:00,BTC-4JAN19-3750-C,3750,C,2019-01-04 08:00:00+00:00,35.3463,0.293854,3603.06,3712.46,3.03629,0.8245,0.9945,0.17,102.171,160.694,-58.5229,22.708,4.90176,2.19466,1.6404,188.139,-35.815,-44.5518,-0.190364,-0.236802
0.6078,1.48007,0.410658,1.05101,,0.293352,,6.81774,2019-01-25 12:22:27.204000+00:00,2019-01-27 00:00:00+00:00,BTC-1FEB19-3500-P,3500,P,2019-02-01 08:00:00+00:00,35.6258,0.293352,3528.63,3549.96,0.604393,0.6078,0.5892,-0.0186,102.806,77.1333,25.6726,-13.3681,2.37658,2.12358,1.66314,190.747,12.3044,6.14114,0.0645065,0.0321952
0.4491,1.44782,0.310191,0.343944,,0.292716,,6.83257,2019-02-01 12:01:06.212000+00:00,2019-02-03 00:00:00+00:00,BTC-8FEB19-3500-C,3500,C,2019-02-08 08:00:00+00:00,35.9816,0.292716,3417.82,3464.72,1.37235,0.4491,0.4919,0.0428,49.9471,66.151,-16.2039,15.4975,2.51575,2.06476,1.52682,175.112,-0.706451,-6.81379,-0.00403428,-0.038911
0.4549,2.00574,0.226799,0.343787,,0.292411,,6.83969,2019-02-15 11:50:51.045000+00:00,2019-02-17 00:00:00+00:00,BTC-22FEB19-3625-C,3625,C,2019-02-22 08:00:00+00:00,36.1525,0.292411,3572.59,3585.92,0.373081,0.4549,0.4756,0.0207,65.5779,64.6068,0.971135,-0.0206412,2.69338,2.14755,1.66571,191.042,0.950494,-5.55615,0.00497531,-0.0290834
0.5502,1.14596,0.48012,0.929547,,0.293989,,6.80297,2019-02-22 12:43:43.304000+00:00,2019-02-24 00:00:00+00:00,BTC-1MAR19-4000-C,4000,C,2019-03-01 08:00:00+00:00,35.2713,0.293989,3940.65,4109.63,4.28811,0.5502,0.5486,-0.0016,91.8808,170.86,-78.9788,85.1743,4.23757,2.41509,1.85138,212.337,6.19552,-2.30852,0.0291778,-0.010872
0.494,1.23976,0.398465,0.434983,,0.293555,,6.81303,2019-03-01 12:29:14.511000+00:00,2019-03-03 00:00:00+00:00,BTC-8MAR19-3875-C,3875,C,2019-03-08 08:00:00+00:00,35.5126,0.293555,3806.7,3809.59,0.0760847,0.494,0.461,-0.033,72.9603,56.6575,16.3029,-1.23737,2.73025,2.28489,1.76474,202.4,15.0655,8.28563,0.0744345,0.040937
0.3702,1.62079,0.228408,0.213985,,0.293811,,6.8071,2019-03-22 12:37:46.963000+00:00,2019-03-24 00:00:00+00:00,BTC-29MAR19-4000-P,4000,P,2019-03-29 08:00:00+00:00,35.3703,0.293811,3982,3980.75,-0.0314302,0.3702,0.3946,0.0244,89.9603,85.9408,4.0195,1.51316,2.4518,2.38882,1.89134,216.92,5.53265,-1.19932,0.0255055,-0.00552884
0.3882,1.59318,0.243663,1.7452,,0.293977,,6.80326,2019-03-29 12:43:18.071000+00:00,2019-03-31 00:00:00+00:00,BTC-5APR19-4125-C,4125,C,2019-04-05 08:00:00+00:00,35.2783,0.293977,4072.51,4100.48,0.686654,0.3882,0.4391,0.0509,63.1109,75.3648,-12.254,4.88538,3.06827,2.4519,1.89417,217.244,-7.36858,-14.7829,-0.0339184,-0.0680475
0.8263,0.635687,1.29985,1.87715,,0.293984,,6.80309,2019-04-05 12:43:32.709000+00:00,2019-04-07 00:00:00+00:00,BTC-12APR19-5000-C,5000,C,2019-04-12 08:00:00+00:00,35.2742,0.293984,5025.87,5038.57,0.252786,0.8263,0.761,-0.0653,239.152,204.062,35.0903,-15.8831,6.6316,3.01933,2.37955,272.913,19.2072,7.17674,0.0703786,0.0262968
0.564,0.768803,0.733608,0.426136,,0.292921,,6.82778,2019-04-26 12:07:59.523000+00:00,2019-04-28 00:00:00+00:00,BTC-3MAY19-5125-C,5125,C,2019-05-03 08:00:00+00:00,35.8668,0.292921,5133.18,5161.38,0.549428,0.564,0.4453,-0.1187,161.989,129.574,32.415,10.11,5.90441,3.08837,2.43879,279.707,42.5251,31.0935,0.152034,0.111164
0.6364,1.65101,0.385462,6.84414,0.000331263,0.293896,,6.80512,2019-05-03 12:40:37.791000+00:00,2019-05-05 00:00:00+00:00,BTC-10MAY19-5750-C,5750,C,2019-05-10 08:00:00+00:00,35.3228,0.293896,5738.38,5771.65,0.579738,0.6364,0.6109,-0.0255,193.724,180.718,13.0061,6.49302,9.30658,3.45301,2.73055,313.17,19.4991,4.00901,0.0622638,0.0128014
0.7055,1.19021,0.592752,1.67838,0.000141298,0.293266,,6.81974,2019-05-10 12:19:34.244000+00:00,2019-05-12 00:00:00+00:00,BTC-17MAY19-6250-P,6250,P,2019-05-17 08:00:00+00:00,35.6738,0.293266,6245.31,7248.5,16.0632,0.7055,1.116,0.4105,242.859,62.3759,180.483,-249.962,10.5577,4.04814,2.96995,340.626,-69.4783,-87.0541,-0.203972,-0.255571
0.6333,0.72087,0.878521,1.5872,0.000193481,0.293198,,6.82132,2019-06-07 12:17:17.934000+00:00,2019-06-09 00:00:00+00:00,BTC-14JUN19-8000-P,8000,P,2019-06-14 08:00:00+00:00,35.7117,0.293198,7920.98,7956.6,0.449672,0.6333,0.6906,0.0573,316.415,287.894,28.5216,-30.5711,11.8416,4.76327,3.76035,431.278,-2.04947,-22.4147,-0.0047521,-0.0519727
0.6367,1.09805,0.579844,1.07709,8.18376e-06,0.293987,,6.80301,2019-06-14 12:43:39.544000+00:00,2019-06-16 00:00:00+00:00,BTC-21JUN19-8500-C,8500,C,2019-06-21 08:00:00+00:00,35.2723,0.293987,8347.58,8856.17,6.09263,0.6367,0.7314,0.0947,222.75,516.44,-293.69,261.517,11.7798,5.16112,3.91977,449.562,-32.173,-53.0337,-0.0715651,-0.117967
1.0071,0.867085,1.16148,3.90615,0.000243624,0.292527,,6.83697,2019-07-12 11:54:45.949000+00:00,2019-07-14 00:00:00+00:00,BTC-19JUL19-12000-C,12000,C,2019-07-19 08:00:00+00:00,36.0872,0.292527,11719.7,11394.3,-2.77639,1.0071,1.102,0.0949,520.86,364.609,156.252,-182.461,16.2201,6.93421,5.54857,636.371,-26.2091,-54.9119,-0.0411852,-0.0862892
1.3318,0.965187,1.37984,1.21241,0.000112564,0.29364,,6.81106,2019-07-19 12:32:04.514000+00:00,2019-07-21 00:00:00+00:00,BTC-26JUL19-10000-P,10000,P,2019-07-26 08:00:00+00:00,35.4654,0.29364,10499.2,10713.3,2.03888,1.3318,1.3349,0.00310013,520.839,368.984,151.855,-106.406,10.1778,6.36374,4.68606,537.449,45.4489,24.2213,0.0845641,0.0450672
0.9401,2.00741,0.468314,0.814098,3.4169e-05,0.293364,,6.81746,2019-08-02 12:22:51.262000+00:00,2019-08-04 00:00:00+00:00,BTC-9AUG19-10500-C,10500,C,2019-08-09 08:00:00+00:00,35.6191,0.293364,10522.5,10894.8,3.53794,0.9401,0.9356,-0.00450005,550.373,705.243,-154.87,163.26,10.3849,6.42521,4.99169,572.501,8.39069,-13.4111,0.0146562,-0.0234255
0.9709,1.18561,0.818903,2.3679,0.000549023,0.293978,,6.80323,2019-08-09 12:43:21.007000+00:00,2019-08-11 00:00:00+00:00,BTC-16AUG19-12000-C,12000,C,2019-08-16 08:00:00+00:00,35.2775,0.293978,11779.5,11339.3,-3.73727,0.9709,0.8998,-0.0710999,525.54,242.772,282.767,-230.223,12.3246,6.93564,5.59134,641.276,52.5443,27.6927,0.081937,0.0431837
0.7362,1.47757,0.498252,2.80057,7.89814e-05,0.293966,,6.8035,2019-09-06 12:42:57.909000+00:00,2019-09-08 00:00:00+00:00,BTC-13SEP19-11000-C,11000,C,2019-09-13 08:00:00+00:00,35.2839,0.293966,10918.3,10530.6,-3.55122,0.7362,0.7312,-0.005,400.592,190.014,210.578,-195.049,10.7883,6.43468,5.19501,595.821,15.529,-6.88903,0.0260632,-0.0115623
0.6021,1.31646,0.457361,1.17253,0.000136924,0.292769,,6.83132,2019-09-13 12:02:54.263000+00:00,2019-09-15 00:00:00+00:00,BTC-20SEP19-10500-C,10500,C,2019-09-20 08:00:00+00:00,35.9516,0.292769,10358.1,10387.9,0.287321,0.6021,0.5558,-0.0463,276.397,227.392,49.0053,1.65648,10.3937,6.22382,4.89214,561.084,50.6617,29.152,0.0902926,0.0519566
0.58,1.09104,0.531604,0.96616,0.000203201,0.292871,,6.82893,2019-09-20 12:06:20.115000+00:00,2019-09-22 00:00:00+00:00,BTC-27SEP19-10250-C,10250,C,2019-09-27 08:00:00+00:00,35.8944,0.292871,10204.3,9983.74,-2.16132,0.58,0.6038,0.0238,301.362,180.32,121.042,-97.1672,10.6547,6.05641,4.85594,556.933,23.8752,2.30814,0.0428691,0.00414437
0.6341,1.10796,0.572314,1.13001,0.000148223,0.293902,,6.805,2019-10-04 12:40:47.998000+00:00,2019-10-06 00:00:00+00:00,BTC-11OCT19-8250-P,8250,P,2019-10-11 08:00:00+00:00,35.32,0.293902,8137.74,8134.36,-0.0416368,0.6341,0.6471,0.013,343.178,317.549,25.6292,-26.1776,9.05898,4.88163,3.84775,441.302,-0.548413,-18.3368,-0.00124272,-0.0415515
0.5933,1.17296,0.505813,2.73997,3.12507e-05,0.293938,,6.80415,2019-10-11 12:42:01.391000+00:00,2019-10-13 00:00:00+00:00,BTC-18OCT19-8250-P,8250,P,2019-10-18 08:00:00+00:00,35.2996,0.293938,8349.98,8314.03,-0.430605,0.5933,0.5769,-0.0164,221.687,199.761,21.9259,16.9712,7.97672,4.9992,3.90374,447.724,38.8971,22.0174,0.0868773,0.0491763
0.549,1.4392,0.381463,1.88119,1.14458e-05,0.293913,,6.80474,2019-10-18 12:41:10.178000+00:00,2019-10-20 00:00:00+00:00,BTC-25OCT19-8000-C,8000,C,2019-10-25 08:00:00+00:00,35.3138,0.293913,7950.63,7953.69,0.0384624,0.549,0.473,-0.076,215.07,159.707,55.3632,1.41163,8.2764,4.77129,3.78021,433.555,56.7748,39.9469,0.130952,0.0921379
0.5841,0.796408,0.733418,0.464786,0.000171341,0.293711,,6.80942,2019-11-01 12:34:25.960000+00:00,2019-11-03 00:00:00+00:00,BTC-8NOV19-9250-C,9250,C,2019-11-08 08:00:00+00:00,35.4261,0.293711,9185.01,9335.2,1.63516,0.5841,0.5647,-0.0194,262.456,297.886,-35.4295,63.0762,11.4714,5.55606,4.36641,500.788,27.6467,6.2528,0.0552064,0.0124859
0.9819,1.35459,0.72487,6.61856,0.000107831,0.294027,,6.80211,2019-11-22 12:44:58.089000+00:00,2019-11-24 00:00:00+00:00,BTC-29NOV19-7250-P,7250,P,2019-11-29 08:00:00+00:00,35.2505,0.294027,7125.17,7327.9,2.84515,0.9819,0.5641,-0.4178,450.569,161.724,288.845,-134.289,10.1612,4.33592,3.38461,388.185,154.556,136.674,0.39815,0.352085
0.5438,0.603686,0.9008,2.12694,2.12299e-05,0.293663,,6.81053,2019-11-29 12:32:49.974000+00:00,2019-12-01 00:00:00+00:00,BTC-6DEC19-7500-C,7500,C,2019-12-06 08:00:00+00:00,35.4528,0.293663,7584.27,7516.83,-0.889319,0.5438,0.5717,0.0279,268.483,215.485,52.9978,-41.6271,12.306,4.53033,3.54683,406.79,11.3707,-9.01246,0.0279524,-0.0221551
0.4717,1.35446,0.348256,0.173647,5.15858e-06,0.294017,,6.80232,2019-12-13 12:44:39.302000+00:00,2019-12-15 00:00:00+00:00,BTC-20DEC19-7250-C,7250,C,2019-12-20 08:00:00+00:00,35.2557,0.294017,7220.28,7039.49,-2.50389,0.4717,0.4599,-0.0118,171.776,74.9238,96.8526,-73.1769,6.88537,4.27793,3.43472,393.931,23.6756,9.0776,0.0601009,0.0230436
0.5407,0.775765,0.696989,0.0628975,2.79547e-05,0.293816,,6.80698,2019-12-20 12:37:56.907000+00:00,2019-12-22 00:00:00+00:00,BTC-27DEC19-7250-P,7250,P,2019-12-27 08:00:00+00:00,35.3675,0.293816,7158.7,7142,-0.233288,0.5407,0.5058,-0.0349,261.347,234.757,26.5896,7.84161,6.18237,4.29021,3.3765,387.254,34.4313,20.5822,0.0889112,0.053149
0.509,1.05853,0.480857,0.959733,1.3921e-05,0.293991,,6.80293,2019-12-27 12:43:46.910000+00:00,2019-12-29 00:00:00+00:00,BTC-3JAN20-7250-C,7250,C,2020-01-03 08:00:00+00:00,35.2703,0.293991,7113.8,7300.7,2.62734,0.509,0.4573,-0.0517,138.752,187.047,-48.2955,74.2601,8.85802,4.32435,3.29159,377.515,25.9646,9.49065,0.0687776,0.0251398
0.4705,1.02796,0.457702,5.44826,4.6718e-05,0.293498,,6.81435,2020-01-03 12:27:19.735000+00:00,2020-01-05 00:00:00+00:00,BTC-10JAN20-7500-C,7500,C,2020-01-10 08:00:00+00:00,35.5445,0.293498,7341.46,7376.36,0.475282,0.4705,0.4391,-0.0314,121.677,103.323,18.3539,-6.84509,9.95386,4.41535,3.34065,383.143,11.5088,-6.20102,0.030038,-0.0161846
0.4943,0.771464,0.64073,0.632345,3.10711e-05,0.294024,,6.80217,2020-01-10 12:44:52.238000+00:00,2020-01-12 00:00:00+00:00,BTC-17JAN20-7750-P,7750,P,2020-01-17 08:00:00+00:00,35.2522,0.294024,7877.72,8007.09,1.64229,0.4943,0.5713,0.077,153.056,112.246,40.8103,-90.6324,15.0896,4.76544,3.60969,413.999,-49.8221,-73.2869,-0.120344,-0.177022
0.604,0.942931,0.640556,1.09903,0.000259506,0.293975,,6.8033,2020-01-17 12:43:14.790000+00:00,2020-01-19 00:00:00+00:00,BTC-24JAN20-9000-C,9000,C,2020-01-24 08:00:00+00:00,35.2792,0.293975,8869.03,8917.35,0.544874,0.604,0.5835,-0.0205,233.618,212.862,20.7562,12.3283,11.5918,5.33591,4.18222,479.663,33.0845,11.9746,0.0689745,0.0249645
0.4618,1.1054,0.417766,0.489406,0.000185184,0.293994,,6.80287,2020-01-24 12:43:51.995000+00:00,2020-01-26 00:00:00+00:00,BTC-31JAN20-8500-C,8500,C,2020-01-31 08:00:00+00:00,35.2689,0.293994,8421.73,8324.57,-1.15371,0.4618,0.4414,-0.0204,176.392,104.83,71.5615,-51.3844,11.1943,5.02389,3.9819,456.688,20.1771,-0.0229973,0.0441814,-5.03568e-05
0.5295,0.970655,0.545508,2.54952,0.00029764,0.293989,,6.80298,2020-01-31 12:43:42.923000+00:00,2020-02-02 00:00:00+00:00,BTC-7FEB20-9250-C,9250,C,2020-02-07 08:00:00+00:00,35.2714,0.293989,9280.91,9384.56,1.11675,0.5295,0.4978,-0.0317,283.482,297.322,-13.8399,49.0845,11.2628,5.59964,4.40222,504.895,35.2445,13.9798,0.0698057,0.0276886
0.4412,0.909303,0.485207,0.546783,0.000395496,0.739691,,1.80255,2020-02-07 12:44:19.360000+00:00,2020-02-09 00:00:00+00:00,BTC-9FEB20-9625-P,9625,P,2020-02-09 08:00:00+00:00,35.2613,0.739691,9733.9,9895.52,1.66035,0.4412,0.6078,0.1666,74.0214,5.14553,68.8759,-55.9197,18.1257,3.56336,2.23631,256.485,12.9562,-10.9692,0.0505144,-0.0427675
0.6408,0.994901,0.644084,3.10047,0.000273872,0.739293,,1.80353,2020-02-28 12:42:55.363000+00:00,2020-03-01 00:00:00+00:00,BTC-1MAR20-8625-C,8625,C,2020-03-01 08:00:00+00:00,35.2846,0.739293,8508.49,8536.02,0.323506,0.6408,0.5786,-0.0622,103.849,25.5901,78.259,-41.1744,31.1651,5.11335,2.01871,231.528,37.0845,-1.21265,0.160173,-0.00523761
0.3992,0.857361,0.465615,0.468474,6.68022e-05,0.73476,,1.81465,2020-03-06 12:26:54.197000+00:00,2020-03-08 00:00:00+00:00,BTC-8MAR20-9125-C,9125,C,2020-03-08 08:00:00+00:00,35.5516,0.73476,9121.51,8873.67,-2.71712,0.3992,0.6058,0.2066,101.235,4.55291,96.6821,-102.954,24.1315,3.30557,2.24865,257.9,-6.27224,-35.958,-0.0243205,-0.139426
1.9801,0.50316,3.93533,16.4516,0.000415231,0.728109,,1.83123,2020-03-13 12:03:01.980000+00:00,2020-03-15 00:00:00+00:00,BTC-15MAR20-5750-C,5750,C,2020-03-15 08:00:00+00:00,35.9494,0.728109,5439.49,5145.88,-5.39765,1.9801,1.8389,-0.1412,181.835,2.58319,179.252,-287.26,22.7565,1.95474,1.27179,145.863,-108.008,-133.991,-0.740475,-0.918608
0.8405,0.700905,1.19916,2.11314,0.000184186,0.733149,,1.81864,2020-03-27 12:21:09.597000+00:00,2020-03-29 00:00:00+00:00,BTC-29MAR20-6625-C,6625,C,2020-03-29 08:00:00+00:00,35.6473,0.733149,6661.35,6278.36,-5.74936,0.8405,1.2851,0.4446,176.684,9.51496,167.169,-211.468,11.4167,3.18777,1.63006,186.954,-44.299,-60.5335,-0.236952,-0.323789
0.9542,0.993748,0.960203,2.54805,7.76171e-05,0.736803,,1.80962,2020-04-03 12:34:08.859000+00:00,2020-04-05 00:00:00+00:00,BTC-5APR20-7000-C,7000,C,2020-04-05 08:00:00+00:00,35.4309,0.736803,6995.67,6885.91,-1.56897,0.9542,0.9768,0.0226,186.599,37.0639,149.535,-128.242,17.7436,4.16447,1.72406,197.734,21.2935,-2.33861,0.107688,-0.0118271
0.6978,1.03611,0.673482,5.02881,1.79019e-05,0.730506,,1.82522,2020-04-10 12:11:41.167000+00:00,2020-04-12 00:00:00+00:00,BTC-12APR20-7000-C,7000,C,2020-04-12 08:00:00+00:00,35.8052,0.730506,6928.03,6902.07,-0.374708,0.6978,0.6811,-0.0167,104.385,20.9828,83.4023,-50.8845,16.5289,4.14903,1.67917,192.585,32.5178,10.1607,0.168849,0.0527595
0.6013,0.823738,0.729965,0.846983,0.000168832,0.719164,,1.85401,2020-04-17 11:30:13.942000+00:00,2020-04-19 00:00:00+00:00,BTC-19APR20-7000-P,7000,P,2020-04-19 08:00:00+00:00,36.4961,0.719164,7081.09,7258.05,2.49897,0.6013,0.9678,0.3665,83.4855,10.8172,72.6683,-60.7969,13.8823,3.47648,1.67299,191.876,11.8714,-7.16043,0.0618698,-0.0373179
0.548,0.92907,0.589837,0.312604,5.97475e-05,0.727646,,1.83239,2020-04-24 12:01:21.263000+00:00,2020-04-26 00:00:00+00:00,BTC-26APR20-7375-P,7375,P,2020-04-26 08:00:00+00:00,35.9774,0.727646,7467.67,7530.8,0.845379,0.548,0.5687,0.0207,74.5357,6.94675,67.589,-40.9382,14.8619,3.10864,1.737,199.218,26.6508,6.94328,0.133777,0.0348527
0.7944,0.933144,0.851315,2.56959,4.89031e-06,0.739069,,1.80407,2020-05-01 12:42:08.231000+00:00,2020-05-03 00:00:00+00:00,BTC-3MAY20-8875-P,8875,P,2020-05-03 08:00:00+00:00,35.2977,0.739069,8853.42,8997.91,1.63207,0.7944,0.7438,-0.0506001,210.046,33.2273,176.819,-105.117,24.0089,5.3554,2.18231,250.291,71.7021,40.1555,0.286474,0.160435
0.6899,0.689953,0.999923,3.193,3.77346e-05,0.734124,,1.81622,2020-05-15 12:24:38.261000+00:00,2020-05-17 00:00:00+00:00,BTC-17MAY20-9500-C,9500,C,2020-05-17 08:00:00+00:00,35.5894,0.734124,9548.25,9386.76,-1.69133,0.6899,0.4557,-0.2342,210.881,13.7741,197.106,-174.732,34.4206,4.58624,2.33463,267.761,22.3744,-18.9671,0.083561,-0.0708361
0.6316,0.954473,0.661727,1.50676,3.58972e-05,0.724523,,1.84029,2020-05-22 11:49:58.845000+00:00,2020-05-24 00:00:00+00:00,BTC-24MAY20-9125-P,9125,P,2020-05-24 08:00:00+00:00,36.167,0.724523,9151.43,9154.31,0.0313961,0.6316,0.6389,0.0073,150.298,56.7127,93.585,-44.714,24.3935,5.49172,2.24751,257.768,48.871,16.7383,0.189592,0.0649352
0.6285,1.25095,0.502418,1.66336,2.30877e-05,0.739069,,1.80407,2020-05-29 12:42:08.225000+00:00,2020-05-31 00:00:00+00:00,BTC-31MAY20-9500-P,9500,P,2020-05-31 08:00:00+00:00,35.2977,0.739069,9440.48,9697.75,2.72519,0.6285,0.8653,0.2368,199.707,30.8205,168.887,-159.046,25.64,5.74147,2.31091,265.04,9.8402,-23.8522,0.0371272,-0.0899946
0.4709,0.847256,0.555794,2.27273,1.19146e-05,0.738445,,1.8056,2020-06-12 12:39:56.557000+00:00,2020-06-14 00:00:00+00:00,BTC-14JUN20-9500-C,9500,C,2020-06-14 08:00:00+00:00,35.3343,0.738445,9453.86,9469.85,0.169164,0.4709,0.4087,-0.0622,104.439,33.198,71.2412,-27.2623,23.6818,5.67711,2.31121,265.074,43.9789,12.3088,0.165912,0.0464352
0.4148,1.01193,0.409911,0.0160026,6.93337e-06,0.738358,,1.80581,2020-06-19 12:39:38.035000+00:00,2020-06-21 00:00:00+00:00,BTC-21JUN20-9500-C,9500,C,2020-06-21 08:00:00+00:00,35.3394,0.738358,9395.2,9353.82,-0.440428,0.4148,0.491,0.0762,66.1928,10.687,55.5058,-34.5819,14.5741,4.15444,2.16873,248.734,20.9239,0.0265954,0.0841216,0.000106923
0.3193,1.54706,0.206392,0.284635,3.83026e-05,0.738228,,1.80613,2020-07-17 12:39:10.571000+00:00,2020-07-19 00:00:00+00:00,BTC-19JUL20-9125-C,9125,C,2020-07-19 08:00:00+00:00,35.3471,0.738228,9159.34,9183.71,0.266158,0.3193,0.2268,-0.0925,100.834,64.6129,36.2214,2.64032,10.5668,5.50292,2.22277,254.931,38.8617,20.5692,0.15244,0.0806853
0.2645,1.18719,0.222794,0.946586,5.4262e-05,0.737309,,1.80838,2020-07-24 12:35:56.115000+00:00,2020-07-26 00:00:00+00:00,BTC-26JUL20-9500-P,9500,P,2020-07-26 08:00:00+00:00,35.4011,0.737309,9529.12,9713.93,1.93945,0.2645,0.509,0.2445,57.5385,4.87275,52.6657,-58.6517,21.1712,3.46783,2.31438,265.439,-5.98604,-32.9395,-0.0225515,-0.124095
0.4624,1.02329,0.451874,0.352606,0.000169618,0.737743,,1.80731,2020-08-07 12:37:28.015000+00:00,2020-08-09 00:00:00+00:00,BTC-9AUG20-11750-P,11750,P,2020-08-09 08:00:00+00:00,35.3756,0.737743,11736.7,11799.8,0.537853,0.4624,0.4891,0.0267,160.254,47.3358,112.918,-104.178,41.4817,7.06097,2.89288,331.787,8.74066,-42.6949,0.0263442,-0.128681
0.321,0.79501,0.403769,1.33433,2.40473e-05,0.738432,,1.80563,2020-09-25 12:39:53.695000+00:00,2020-09-27 00:00:00+00:00,BTC-27SEP20-10625-P,10625,P,2020-09-27 08:00:00+00:00,35.3351,0.738432,10604.6,10759.4,1.45952,0.321,0.4281,0.1071,106.861,12.1585,94.7024,-89.6058,32.0003,4.7012,2.60733,299.037,5.09666,-34.2122,0.0170436,-0.114408
0.446,0.702743,0.634656,0.171469,0.000278576,0.739209,,1.80373,2020-11-13 12:42:37.641000+00:00,2020-11-15 00:00:00+00:00,BTC-15NOV20-16125-P,16125,P,2020-11-15 08:00:00+00:00,35.2895,0.739209,16312.6,16158.2,-0.946682,0.446,0.4749,0.0289,124.257,76.78,47.4768,-3.47734,58.0242,9.74123,3.73884,428.811,43.9994,-27.5049,0.102608,-0.0641422
0.6577,0.703316,0.935141,2.46644,0.000256537,0.739644,,1.80267,2020-12-04 12:44:09.331000+00:00,2020-12-06 00:00:00+00:00,BTC-6DEC20-19000-P,19000,P,2020-12-06 08:00:00+00:00,35.2641,0.739644,18996.7,19206.3,1.1032,0.6577,0.6556,-0.00209999,354.911,69.7375,285.173,-208.794,54.2986,11.4609,4.6822,537.006,76.379,5.93728,0.142231,0.0110563
0.595,0.686056,0.867276,0.397287,0.000311819,0.727672,,1.83233,2020-12-18 12:01:26.895000+00:00,2020-12-20 00:00:00+00:00,BTC-20DEC20-22750-P,22750,P,2020-12-20 08:00:00+00:00,35.9759,0.727672,22890.2,23372.6,2.10769,0.595,0.8221,0.2271,317.851,40.3452,277.506,-384.288,64.8125,11.9102,5.56502,638.257,-106.782,-189.07,-0.167303,-0.296228
0.808,1.01601,0.79527,1.84569,0.000398493,0.738685,,1.80501,2021-01-01 12:40:47.274000+00:00,2021-01-03 00:00:00+00:00,BTC-3JAN21-30000-C,30000,C,2021-01-03 08:00:00+00:00,35.3202,0.738685,29655.4,32172.9,8.48933,0.808,0.8553,0.0473,522.835,2173.76,-1650.93,1611.68,69.2924,18.5485,7.20195,825.998,-39.2449,-134.288,-0.0475121,-0.162576
1.614,1.02733,1.57106,4.93409,0.000483918,0.736386,,1.81065,2021-01-08 12:32:40.208000+00:00,2021-01-10 00:00:00+00:00,BTC-10JAN21-41000-P,41000,P,2021-01-10 08:00:00+00:00,35.4555,0.736386,41617.6,40428.9,-2.85628,1.614,1.3743,-0.2397,1591.3,998.176,593.119,-178.5,134.799,24.614,10.0801,1156.1,414.619,245.126,0.358637,0.212029
1.4679,0.732171,2.00486,4.05677,0.000781171,0.73962,,1.80273,2021-01-15 12:44:04.311000+00:00,2021-01-17 00:00:00+00:00,BTC-17JAN21-38000-C,38000,C,2021-01-17 08:00:00+00:00,35.2655,0.73962,37394.4,35836,-4.16753,1.4679,1.486,0.0181001,1279.64,74.528,1205.11,-1220.38,115.949,20.5343,9.17033,1051.75,-15.2715,-160.925,-0.01452,-0.153006
1.3443,1.04628,1.28484,4.10849,0.000306842,0.736719,,1.80983,2021-01-22 12:33:50.994000+00:00,2021-01-24 00:00:00+00:00,BTC-24JAN21-31000-C,31000,C,2021-01-24 08:00:00+00:00,35.4358,0.736719,31746,31963.9,0.686399,1.3443,1.3964,0.0521001,1601.88,1145.56,456.321,-470.94,84.4688,19.113,7.48792,858.796,-14.6195,-125.689,-0.0170232,-0.146355
1.7016,1.25206,1.35904,11.1121,6.29584e-05,0.739627,,1.80271,2021-01-29 12:44:05.816000+00:00,2021-01-31 00:00:00+00:00,BTC-31JAN21-37000-C,37000,C,2021-01-31 08:00:00+00:00,35.2651,0.739627,37492.3,34343.4,-8.39886,1.7016,1.6518,-0.0498001,2047.74,53.0166,1994.72,-1937.51,84.8411,17.8748,9.11023,1044.86,57.2102,-54.6159,0.054754,-0.052271
0.8507,1.01463,0.838435,2.95392,0.00025934,0.737648,,1.80755,2021-02-05 12:37:07.958000+00:00,2021-02-07 00:00:00+00:00,BTC-7FEB21-38000-P,38000,P,2021-02-07 08:00:00+00:00,35.3811,0.737648,38180.3,39058.1,2.29917,0.8507,0.8694,0.0187,828.711,77.2953,751.415,-734.664,82.3311,21.116,9.35688,1073.15,16.751,-96.053,0.0156092,-0.0895057
1.1452,0.908514,1.26052,0.924205,0.000477528,0.73725,,1.80852,2021-02-12 12:35:43.721000+00:00,2021-02-14 00:00:00+00:00,BTC-14FEB21-48000-C,48000,C,2021-02-14 08:00:00+00:00,35.4045,0.73725,48008.7,47170.2,-1.74642,1.1452,1.0561,-0.0891,1558.24,279.195,1279.05,-723.222,117.984,28.5537,11.8243,1356.14,555.827,397.464,0.409858,0.293084
1.1523,0.650302,1.77195,0.0968745,0.000282507,0.736107,,1.81133,2021-02-26 12:31:41.056000+00:00,2021-02-28 00:00:00+00:00,BTC-28FEB21-46000-C,46000,C,2021-02-28 08:00:00+00:00,35.4719,0.736107,47236.2,45653.6,-3.35035,1.1523,1.2093,0.057,2215.81,509.138,1706.67,-1600.31,178.623,27.867,10.8921,1249.23,106.36,-111.023,0.0851404,-0.0888734
0.4885,0.734817,0.664791,3.8146,0.000683067,0.73353,-3.41833,1.81769,2021-04-16 12:22:31.277000+00:00,2021-04-18 00:00:00+00:00,BTC-18APR21-61000-C,61000,C,2021-04-18 08:00:00+00:00,35.6246,0.73353,60770.9,60227.4,-0.894336,0.4885,0.5753,0.0868,731.293,142.278,589.014,-759.775,264.928,36.016,14.9189,1711.06,-170.76,-486.623,-0.0997977,-0.284398
0.7376,0.711286,1.037,3.92539,4.99732e-05,0.739729,7.02833,1.80246,2021-04-23 12:44:27.234000+00:00,2021-04-25 00:00:00+00:00,BTC-25APR21-50000-C,50000,C,2021-04-25 08:00:00+00:00,35.2591,0.739729,49884.8,50091,0.413178,0.7376,0.7456,0.00799995,984.854,496.788,488.065,-629.23,234.387,29.9927,12.2957,1410.21,-141.164,-417.84,-0.100102,-0.296297
0.5769,0.75578,0.763317,2.00036,0.000140692,0.737449,,1.80803,2021-05-07 12:36:25.895000+00:00,2021-05-09 00:00:00+00:00,BTC-9MAY21-58000-C,58000,C,2021-05-09 08:00:00+00:00,35.3928,0.737449,57244.8,58693.1,2.53015,0.5769,0.7288,0.1519,610.075,932.03,-321.955,254.495,238.631,34.7814,13.4906,1547.25,-67.4599,-354.363,-0.0435999,-0.229028
0.7679,0.591832,1.2975,1.01759,0.000238098,0.734785,,1.81459,2021-05-14 12:26:59.540000+00:00,2021-05-16 00:00:00+00:00,BTC-16MAY21-50000-P,50000,P,2021-05-16 08:00:00+00:00,35.5501,0.734785,50398.7,47623.5,-5.50648,0.7679,0.9852,0.2173,901.999,2407.52,-1505.52,1607.1,189.208,29.4067,12.2395,1403.76,101.576,-129.278,0.0723599,-0.0920937
0.9998,0.353394,2.82914,0.255548,0.000135277,0.739276,,1.80357,2021-05-21 12:42:51.881000+00:00,2021-05-23 00:00:00+00:00,BTC-23MAY21-41000-C,41000,C,2021-05-23 08:00:00+00:00,35.2856,0.739276,40940.8,37156.3,-9.24392,0.9998,1.6974,0.6976,1128.58,21.0543,1107.52,-1807.3,80.509,14.914,10.0917,1157.42,-699.777,-805.292,-0.604599,-0.695763
1.1337,0.814975,1.39109,4.3063,6.18403e-05,0.736546,,1.81025,2021-05-28 12:33:14.382000+00:00,2021-05-30 00:00:00+00:00,BTC-30MAY21-37000-C,37000,C,2021-05-30 08:00:00+00:00,35.446,0.736546,36529.5,34792.8,-4.75433,1.1337,1.1068,-0.0269,957.802,15.5209,942.282,-1115.14,117.53,12.899,8.94168,1025.53,-172.858,-312.229,-0.168555,-0.304456
1.1568,1.3237,0.873914,5.4211,5.53266e-05,0.738742,,1.80487,2021-06-04 12:40:59.229000+00:00,2021-06-06 00:00:00+00:00,BTC-6JUN21-36000-P,36000,P,2021-06-06 08:00:00+00:00,35.3169,0.738742,36573.6,35440.5,-3.09804,1.1568,1.118,-0.0388,921.699,812.019,109.68,147.888,101.665,21.6042,8.77311,1006.2,257.568,125.525,0.255982,0.124752
0.9094,0.669351,1.35863,4.69141,0.000131836,0.738064,,1.80653,2021-06-25 12:38:35.975000+00:00,2021-06-27 00:00:00+00:00,BTC-27JUN21-33000-P,33000,P,2021-06-27 08:00:00+00:00,35.3567,0.738064,33173,32034.6,-3.43183,0.9094,0.8391,-0.0703,766.879,1014.52,-247.644,-131.988,115.086,19.5623,8.1255,931.921,-379.632,-522.406,-0.407365,-0.560569
0.7216,1.2312,0.586097,0.927503,8.73557e-06,0.7342,-3.98333,1.81604,2021-07-16 12:24:54.464000+00:00,2021-07-18 00:00:00+00:00,BTC-18JUL21-31000-C,31000,C,2021-07-18 08:00:00+00:00,35.5849,0.7342,31380.3,31775.8,1.26048,0.7216,0.7851,0.0635,844.43,833.088,11.3415,-119.276,81.1733,18.9468,7.47101,856.857,-107.934,-215.525,-0.125965,-0.25153
0.7757,1.01377,0.765163,0.0866361,3.36546e-05,0.731689,,1.82227,2021-08-06 12:15:56.042000+00:00,2021-08-08 00:00:00+00:00,BTC-8AUG21-41000-P,41000,P,2021-08-08 08:00:00+00:00,35.7344,0.731689,40925.4,44750.1,9.34548,0.7757,1.5543,0.7786,936.049,24.4448,911.604,-978.279,72.775,15.3332,10.0889,1157.1,-66.6748,-164.872,-0.0576223,-0.142487
0.7665,1.10574,0.6932,4.64055,0.000128651,0.739485,,1.80306,2021-08-13 12:43:36.006000+00:00,2021-08-15 00:00:00+00:00,BTC-15AUG21-47000-P,47000,P,2021-08-15 08:00:00+00:00,35.2733,0.739485,46600.6,47196.1,1.27797,0.7665,0.7845,0.018,1226.34,354.244,872.092,-684.284,140.156,28.139,11.3915,1306.5,187.808,8.1217,0.143749,0.0062164
0.6814,1.05571,0.645441,0.470912,7.39133e-05,0.736458,,1.81047,2021-08-20 12:32:55.533000+00:00,2021-08-22 00:00:00+00:00,BTC-22AUG21-48000-C,48000,C,2021-08-22 08:00:00+00:00,35.4512,0.736458,47078,48990.4,4.0622,0.6814,0.821,0.1396,527.655,1129.21,-601.559,551.536,130.259,28.8205,10.8077,1239.54,-50.0232,-219.91,-0.0403561,-0.177412
0.6571,0.419079,1.56796,0.935544,0.000121472,0.735865,,1.81193,2021-09-10 12:30:49.537000+00:00,2021-09-12 00:00:00+00:00,BTC-12SEP21-46000-C,46000,C,2021-09-12 08:00:00+00:00,35.4862,0.735865,46032.2,45121.4,-1.97856,0.6571,0.7251,0.068,871.025,103.969,767.057,-623.017,134.815,26.8057,11.3396,1300.55,144.039,-28.9211,0.110753,-0.0222376
0.7944,1.04213,0.762286,7.53378,6.50617e-07,0.739592,3.835,1.8028,2021-10-01 12:43:58.410000+00:00,2021-10-03 00:00:00+00:00,BTC-3OCT21-48000-C,48000,C,2021-10-03 08:00:00+00:00,35.2671,0.739592,47264.9,47670.7,0.858618,0.7944,0.6439,-0.1505,742.077,229.672,512.405,8.1091,118.911,28.4807,11.3046,1296.53,520.514,361.817,0.401466,0.279065
0.7361,1.03866,0.708698,2.3369,5.8696e-05,0.736167,3.43667,1.81118,2021-10-08 12:31:53.840000+00:00,2021-10-10 00:00:00+00:00,BTC-10OCT21-55000-P,55000,P,2021-10-10 08:00:00+00:00,35.4684,0.736167,55031.7,54979.5,-0.0947579,0.7361,0.5675,-0.1686,1129.11,386.546,742.564,-288.683,148.33,33.0034,13.5572,1554.88,453.881,258.991,0.291907,0.166566
0.9852,1.57937,0.623795,3.84615,0.000195349,0.732144,9.915,1.82113,2021-10-15 12:17:33.975000+00:00,2021-10-17 00:00:00+00:00,BTC-17OCT21-60000-P,60000,P,2021-10-17 08:00:00+00:00,35.7072,0.732144,59441.7,60877.3,2.41519,0.9852,0.6385,-0.3467,1957.26,152.355,1804.9,-994.8,138.087,36.0957,14.582,1672.43,810.103,621.338,0.484387,0.371519
0.7314,0.89095,0.820922,0.967447,0.000180218,0.735956,-2.34,1.8117,2021-10-29 12:31:08.961000+00:00,2021-10-31 00:00:00+00:00,BTC-31OCT21-62000-C,62000,C,2021-10-31 08:00:00+00:00,35.4808,0.735956,61432.6,61854.8,0.687188,0.7314,0.6617,-0.0697,1012.43,424.784,587.645,128.424,166.528,36.9862,14.9718,1717.13,716.069,497.583,0.417015,0.289776
0.6511,1.15749,0.562512,0.202411,0.000194826,0.738092,,1.80646,2021-11-05 12:38:41.936000+00:00,2021-11-07 00:00:00+00:00,BTC-7NOV21-61000-C,61000,C,2021-11-07 08:00:00+00:00,35.355,0.738092,61557.8,61544.5,-0.0216511,0.6511,0.6145,-0.0366,1428.78,777.177,651.599,-211.786,161.536,36.9307,14.8114,1698.73,439.813,226.535,0.258907,0.133355
0.6467,0.928117,0.696787,1.03786,0.000165704,0.730742,,1.82463,2021-11-12 12:12:31.969000+00:00,2021-11-14 00:00:00+00:00,BTC-14NOV21-64000-C,64000,C,2021-11-14 08:00:00+00:00,35.7911,0.730742,63960.9,64651.5,1.07976,0.6467,0.7236,0.0769,1150.31,946.044,204.265,-138.289,191.974,38.5837,15.767,1808.34,65.9758,-180.349,0.0364843,-0.0997318
0.7693,1.07053,0.718614,8.64538,1.27056e-05,0.738938,,1.80439,2021-11-26 12:41:40.640000+00:00,2021-11-28 00:00:00+00:00,BTC-28NOV21-54000-P,54000,P,2021-11-28 08:00:00+00:00,35.3054,0.738938,54069.1,54641.7,1.05906,0.7693,0.6411,-0.1282,1140.93,174.697,966.231,-612.425,160.036,32.6133,13.3121,1526.77,353.806,147.844,0.231734,0.0968345
0.6734,0.854008,0.788517,2.74125,2.30281e-05,0.732455,,1.82036,2021-12-10 12:18:40.803000+00:00,2021-12-12 00:00:00+00:00,BTC-12DEC21-49000-P,49000,P,2021-12-12 08:00:00+00:00,35.6887,0.732455,49057.1,49171.8,0.233842,0.6734,0.672,-0.00139999,905.126,317.657,587.47,-879.151,192.981,29.4687,12.0796,1385.42,-291.682,-526.211,-0.210537,-0.379822
0.5664,1.13135,0.500639,0.766415,2.72072e-05,0.718676,,1.85526,2021-12-24 11:28:25.192000+00:00,2021-12-26 00:00:00+00:00,BTC-26DEC21-52000-C,52000,C,2021-12-26 08:00:00+00:00,36.5263,0.718676,51312.9,50419.1,-1.7418,0.5664,0.6518,0.0854,528.635,25.3047,503.33,-351.693,120.816,18.557,12.0515,1382.2,151.637,0.212072,0.109707,0.000153431
0.5979,1.03099,0.579927,1.79394,8.16029e-05,0.715175,-1.97833,1.86435,2021-12-31 11:15:20.515000+00:00,2022-01-02 00:00:00+00:00,BTC-2JAN22-48000-P,48000,P,2022-01-02 08:00:00+00:00,36.7443,0.715175,48106.6,47739,-0.764107,0.5979,0.6576,0.0597,760.08,524.179,235.901,-124.991,138.328,28.7537,11.8273,1356.48,110.91,-67.9994,0.0817629,-0.0501292
0.5864,0.922922,0.635373,1.47709,6.9642e-05,0.733601,2.77167,1.81752,2022-01-07 12:22:46.380000+00:00,2022-01-09 00:00:00+00:00,BTC-9JAN22-43000-C,43000,C,2022-01-09 08:00:00+00:00,35.6204,0.733601,42319,41494.1,-1.94911,0.5864,0.7533,0.1669,418.253,24.2044,394.049,-507.396,105.266,15.7212,9.76604,1120.08,-113.348,-244.101,-0.101197,-0.217933
0.5912,1.18443,0.499143,0.00865202,1.38549e-06,0.735252,,1.81344,2022-02-18 12:28:39.027000+00:00,2022-02-20 00:00:00+00:00,BTC-20FEB22-40000-P,40000,P,2022-02-20 08:00:00+00:00,35.5225,0.735252,40461,40095.1,-0.904127,0.5912,0.331,-0.2602,466.927,116.727,350.2,-175.257,130.189,24.1668,9.55145,1095.46,174.943,11.0363,0.159698,0.0100745
0.6271,0.631673,0.992761,1.69321,8.90636e-07,0.737452,,1.80803,2022-02-25 12:36:26.472000+00:00,2022-02-27 00:00:00+00:00,BTC-27FEB22-39000-C,39000,C,2022-02-27 08:00:00+00:00,35.3926,0.737452,38820.8,38881.4,0.156084,0.6271,0.6326,0.00549999,603.961,241.455,362.506,-338.603,155.752,23.3107,9.53854,1093.98,23.9033,-164.698,0.0218497,-0.150548
0.6479,0.759393,0.853182,2.18787,1.8684e-07,0.738316,,1.80591,2022-03-04 12:39:29.304000+00:00,2022-03-06 00:00:00+00:00,BTC-6MAR22-41000-P,41000,P,2022-03-06 08:00:00+00:00,35.3419,0.738316,41553.6,39351.2,-5.30011,0.6479,0.5813,-0.0666,511.29,1651.12,-1139.83,1098.64,71.9658,24.2714,9.74792,1118,-41.1914,-147.176,-0.0368439,-0.131643
0.6895,0.849933,0.81124,1.66565,2.94179e-06,0.73713,,1.80882,2022-03-11 12:35:18.236000+00:00,2022-03-13 00:00:00+00:00,BTC-13MAR22-40000-C,40000,C,2022-03-13 08:00:00+00:00,35.4116,0.73713,40048,38819.1,-3.06865,0.6895,0.6387,-0.0508,804.428,19.7495,784.678,-621.204,89.1681,14.4831,9.86087,1130.95,163.475,49.9626,0.144546,0.0441774
0.5266,1.0474,0.50277,2.2228,3.17832e-06,0.738397,,1.80571,2022-03-25 12:39:46.432000+00:00,2022-03-27 00:00:00+00:00,BTC-27MAR22-45000-C,45000,C,2022-03-27 08:00:00+00:00,35.3371,0.738397,44732.8,44559.1,-0.388258,0.5266,0.4116,-0.115,542.872,67.9611,474.911,-234.614,104.76,21.915,10.9187,1252.27,240.296,102.703,0.191888,0.0820129
0.3974,0.734581,0.540989,0.541751,1.32212e-06,0.736707,1.82,1.80986,2022-04-15 12:33:48.499000+00:00,2022-04-17 00:00:00+00:00,BTC-17APR22-40000-P,40000,P,2022-04-17 08:00:00+00:00,35.4365,0.736707,40180.3,40403.1,0.554421,0.3974,0.3552,-0.0422,366.02,40.6994,325.321,-234.695,102.034,17.1415,9.75691,1119.03,90.6253,-38.3074,0.0809857,-0.0342327
0.4902,0.758902,0.645933,1.93251,4.81843e-06,0.735186,-2.47667,1.8136,2022-04-29 12:28:24.922000+00:00,2022-05-01 00:00:00+00:00,BTC-1MAY22-39000-P,39000,P,2022-05-01 08:00:00+00:00,35.5264,0.735186,38948.3,37806.5,-2.93138,0.4902,0.5381,0.0479,566.407,1200.16,-633.749,788.5,102.181,23.0264,9.59951,1100.98,154.751,19.9437,0.140558,0.0181145
0.5881,1.01171,0.581293,1.95304,2.91105e-05,0.739837,,1.8022,2022-05-06 12:44:50.049000+00:00,2022-05-08 00:00:00+00:00,BTC-8MAY22-36000-P,36000,P,2022-05-08 08:00:00+00:00,35.2528,0.739837,36071,35383.2,-1.90691,0.5881,0.7559,0.1678,564.31,722.55,-158.24,216.268,101.864,21.4363,8.87168,1017.5,58.028,-74.1441,0.0570299,-0.0728688
0.7828,0.470446,1.66395,5.78698,1.59221e-05,0.737855,,1.80704,2022-05-13 12:37:51.788000+00:00,2022-05-15 00:00:00+00:00,BTC-15MAY22-31000-C,31000,C,2022-05-15 08:00:00+00:00,35.3689,0.737855,30624.3,30135.2,-1.59732,0.7828,0.611,-0.1718,510.429,15.3552,495.074,-511.818,63.9679,11.1067,7.41164,850.048,-16.744,-99.2302,-0.0196978,-0.116735
0.6105,0.975621,0.625755,0.0854701,5.76488e-05,0.738783,,1.80477,2022-05-27 12:41:07.816000+00:00,2022-05-29 00:00:00+00:00,BTC-29MAY22-29500-C,29500,C,2022-05-29 08:00:00+00:00,35.3145,0.738783,29114.5,28998.2,-0.399519,0.6105,0.4186,-0.1919,336.3,14.9308,321.369,-253.4,71.1703,10.6007,6.89691,791.013,67.9693,-20.6986,0.0859269,-0.0261672
0.5886,0.948019,0.620874,2.64811,3.09451e-05,0.738578,,1.80527,2022-06-03 12:40:24.543000+00:00,2022-06-05 00:00:00+00:00,BTC-5JUN22-30000-C,30000,C,2022-06-05 08:00:00+00:00,35.3265,0.738578,29573.6,29813.2,0.810194,0.5886,0.4154,-0.1732,311.362,74.5311,236.831,0.00806611,65.5824,17.816,6.92146,793.828,236.839,146.519,0.298351,0.184573
0.6854,0.744918,0.920101,0.867155,2.50885e-05,0.734909,-21.27,1.81428,2022-06-24 12:27:25.924000+00:00,2022-06-26 00:00:00+00:00,BTC-26JUN22-21000-P,21000,P,2022-06-26 08:00:00+00:00,35.5428,0.734909,21319.6,21403.7,0.394521,0.6854,0.5539,-0.1315,269.869,22.5942,247.275,-162.085,65.7868,9.22016,4.96855,569.848,85.1896,5.2141,0.149495,0.00914998
0.8425,1.0543,0.799111,2.49302,9.19493e-06,0.733499,4.63167,1.81777,2022-07-01 12:22:24.491000+00:00,2022-07-03 00:00:00+00:00,BTC-3JUL22-19000-P,19000,P,2022-07-03 08:00:00+00:00,35.6265,0.733499,19153.4,19214.9,0.321022,0.8425,0.658,-0.1845,381.758,67.7413,314.017,-140.907,45.677,11.5105,4.65825,534.259,173.11,111.264,0.324019,0.208259
0.741,1.0153,0.729835,1.72821,8.0046e-06,0.739862,-11.2533,1.80214,2022-07-08 12:44:55.364000+00:00,2022-07-10 00:00:00+00:00,BTC-10JUL22-21000-P,21000,P,2022-07-10 08:00:00+00:00,35.2513,0.739862,21250.8,21578.1,1.54008,0.741,0.586,-0.155,328.398,10.2314,318.167,-247.151,46.931,7.65417,5.07463,582.014,71.0162,11.3564,0.122018,0.0195123
0.6031,0.820946,0.734641,1.7181,5.14129e-06,0.738337,4.90167,1.80586,2022-07-15 12:39:33.791000+00:00,2022-07-17 00:00:00+00:00,BTC-17JUL22-21000-C,21000,C,2022-07-17 08:00:00+00:00,35.3406,0.738337,20915.1,21191.5,1.32174,0.6031,0.6634,0.0602999,316.489,281.5,34.9892,-14.7853,72.0475,12.632,5.14215,589.758,20.2039,-69.6178,0.0342579,-0.118045
0.6712,0.977992,0.686305,1.60007,3.84039e-06,0.739115,-5.33667,1.80396,2022-07-29 12:42:17.843000+00:00,2022-07-31 00:00:00+00:00,BTC-31JUL22-23500-P,23500,P,2022-07-31 08:00:00+00:00,35.295,0.739115,23556.1,23647.9,0.38964,0.6712,0.6034,-0.0678,418.984,107.607,311.377,-303.307,72.7709,14.1612,5.79126,664.205,8.07049,-84.6529,0.0121506,-0.12745
0.578,1.01909,0.56717,1.36112,2.13483e-05,0.73885,,1.80461,2022-08-05 12:41:22.103000+00:00,2022-08-07 00:00:00+00:00,BTC-7AUG22-23000-C,23000,C,2022-08-07 08:00:00+00:00,35.3105,0.73885,23079.2,22961.5,-0.50998,0.578,0.397,-0.181,417.421,91.814,325.607,-170,60.5991,13.8122,5.6586,648.99,155.607,75.537,0.239768,0.116392
0.6643,1.10484,0.601263,7.4246,3.70606e-05,0.736035,,1.81151,2022-08-19 12:31:25.611000+00:00,2022-08-21 00:00:00+00:00,BTC-21AUG22-21500-C,21500,C,2022-08-21 08:00:00+00:00,35.4762,0.736035,21338.7,21154.3,-0.863952,0.6643,0.5528,-0.1115,326.754,31.4064,295.347,-228.734,63.0284,10.3274,5.21174,597.74,66.6138,-11.9538,0.111443,-0.0199983
0.5936,1.09967,0.539796,9.55427,7.76407e-06,0.739806,,1.80227,2022-09-09 12:44:43.513000+00:00,2022-09-11 00:00:00+00:00,BTC-11SEP22-21500-C,21500,C,2022-09-11 08:00:00+00:00,35.2546,0.739806,21165.7,21686.5,2.46052,0.5936,0.7012,0.1076,215.42,290.752,-75.3321,70.8328,72.8594,12.8557,4.90533,562.597,-4.49935,-95.1197,-0.00799747,-0.169072
0.5514,0.778794,0.708018,0.444557,1.68222e-06,0.735345,,1.81321,2022-09-16 12:28:58.780000+00:00,2022-09-18 00:00:00+00:00,BTC-18SEP22-20000-P,20000,P,2022-09-18 08:00:00+00:00,35.517,0.735345,19807.9,20117.9,1.56506,0.5514,0.3568,-0.1946,415.776,39.8573,375.919,-236.963,60.5469,10.9245,4.75833,545.738,138.957,62.7268,0.254621,0.114939
0.6974,0.783935,0.889614,2.70256,1.79253e-05,0.737475,5.22833,1.80797,2022-09-23 12:36:31.352000+00:00,2022-09-25 00:00:00+00:00,BTC-25SEP22-19000-C,19000,C,2022-09-25 08:00:00+00:00,35.3913,0.737475,18899.2,18923,0.125503,0.6974,0.4373,-0.2601,325.389,66.1299,259.259,-94.1062,59.3358,11.3467,4.6431,532.521,165.153,89.8274,0.310134,0.168683
0.5841,0.837153,0.697722,1.12279,1.37599e-05,0.737898,3.18,1.80693,2022-09-30 12:38:00.904000+00:00,2022-10-02 00:00:00+00:00,BTC-2OCT22-19500-C,19500,C,2022-10-02 08:00:00+00:00,35.3664,0.737898,19288.1,19290,0.00971698,0.5841,0.3828,-0.2013,225.4,21.0784,204.321,-95.7686,50.9609,8.42123,4.61631,529.449,108.553,44.5544,0.20503,0.0841524
0.4523,0.939847,0.481248,1.77295,3.4621e-05,0.73834,-1.81833,1.80585,2022-10-14 12:39:34.335000+00:00,2022-10-16 00:00:00+00:00,BTC-16OCT22-19500-P,19500,P,2022-10-16 08:00:00+00:00,35.3405,0.73834,19699.7,19112,-2.9831,0.4523,0.5125,0.0602,163.352,401.671,-238.319,278.939,37.2704,11.6435,4.59319,526.797,40.6206,-12.8865,0.0771086,-0.0244621
0.4927,0.718441,0.685791,0.320513,0.000440666,0.735268,,1.8134,2022-11-18 12:28:42.339000+00:00,2022-11-20 00:00:00+00:00,BTC-20NOV22-16750-P,16750,P,2022-11-20 08:00:00+00:00,35.5216,0.735268,16738.3,16682.9,-0.330674,0.4927,0.3991,-0.0936,239.164,118.394,120.77,-3.80559,29.3403,10.0263,4.12633,473.253,116.964,73.4713,0.24715,0.155248
0.4154,0.830615,0.500111,0.198981,0.000113933,0.735396,,1.81308,2022-11-25 12:29:09.689000+00:00,2022-11-27 00:00:00+00:00,BTC-27NOV22-16500-C,16500,C,2022-11-27 08:00:00+00:00,35.514,0.735396,16542.7,16449,-0.566101,0.4154,0.2753,-0.1401,216.106,32.9224,183.184,-96.026,40.0285,9.07809,4.05679,465.278,87.1578,33.9944,0.187324,0.0730627
0.3286,1.21312,0.270871,0.0667634,5.11686e-05,0.73974,,1.80243,2022-12-09 12:44:29.621000+00:00,2022-12-11 00:00:00+00:00,BTC-11DEC22-17250-C,17250,C,2022-12-11 08:00:00+00:00,35.2584,0.73974,17208,17136.1,-0.417769,0.3286,0.2843,-0.0443,139.924,18.6719,121.252,-52.5825,26.3389,7.49637,4.22378,484.429,68.6691,30.6101,0.141753,0.063188
0.2574,0.863351,0.29814,0.354262,0.000130057,0.736532,-13.2067,1.81029,2022-12-23 12:33:11.327000+00:00,2022-12-25 00:00:00+00:00,BTC-25DEC22-16750-P,16750,P,2022-12-25 08:00:00+00:00,35.4469,0.736532,16853.8,16837,-0.0999618,0.2574,0.1811,-0.0763,77.3065,8.46878,68.8377,-10.7668,26.8809,6.11475,3.91083,448.537,58.0709,21.1644,0.129467,0.0471854
0.4732,1.05781,0.447338,0.133619,5.73634e-05,0.736231,,1.81103,2023-02-03 12:32:07.328000+00:00,2023-02-05 00:00:00+00:00,BTC-5FEB23-23500-P,23500,P,2023-02-05 08:00:00+00:00,35.4646,0.736231,23540.5,23330.9,-0.890456,0.4732,0.4169,-0.0563,294.845,221.094,73.7511,35.8973,56.7494,14.0614,5.78981,664.038,109.648,33.0477,0.165124,0.0497677
0.3798,0.958386,0.396291,0.256586,4.86509e-06,0.73718,,1.80869,2023-02-10 12:35:28.802000+00:00,2023-02-12 00:00:00+00:00,BTC-12FEB23-21750-P,21750,P,2023-02-12 08:00:00+00:00,35.4087,0.73718,21741.2,21861.7,0.554527,0.3798,0.2887,-0.0911,237.947,32.7567,205.191,-120.429,55.867,10.6169,5.35967,614.705,84.762,12.9184,0.137891,0.0210156
0.3943,0.838308,0.470352,4.79712,2.45587e-06,0.736444,,1.8105,2023-03-03 12:32:52.619000+00:00,2023-03-05 00:00:00+00:00,BTC-5MAR23-22250-C,22250,C,2023-03-05 08:00:00+00:00,35.4521,0.736444,22334.5,22346,0.0516035,0.3943,0.2414,-0.1529,293.024,123.868,169.156,-46.0235,50.954,13.4041,5.4447,624.458,123.133,53.3301,0.197184,0.0854022
0.787,0.777855,1.01176,6.54239,0.000387569,0.739544,,1.80291,2023-03-17 12:43:48.363000+00:00,2023-03-19 00:00:00+00:00,BTC-19MAR23-26250-P,26250,P,2023-03-19 08:00:00+00:00,35.2699,0.739544,26599.5,27078.2,1.79956,0.787,0.7849,-0.00209999,429.61,28.2095,401.4,-408.698,63.5929,11.506,6.33106,726.116,-7.29837,-88.7284,-0.0100513,-0.122196
0.6557,0.927329,0.707084,1.09165,5.88235e-05,0.739546,-2.15,1.80291,2023-03-24 12:43:48.697000+00:00,2023-03-26 00:00:00+00:00,BTC-26MAR23-27750-C,27750,C,2023-03-26 08:00:00+00:00,35.2698,0.739546,28027.9,27563.9,-1.65564,0.6557,0.4038,-0.2519,667.797,61.552,606.245,-439.536,76.0201,16.1024,6.71705,770.385,166.709,67.8695,0.216397,0.0880982
0.3618,0.807363,0.448125,0.363792,2.29338e-06,0.738747,-2.92833,1.80486,2023-04-07 12:41:00.350000+00:00,2023-04-09 00:00:00+00:00,BTC-9APR23-28000-P,28000,P,2023-04-09 08:00:00+00:00,35.3166,0.738747,27877,27959.3,0.295248,0.3618,0.2077,-0.1541,351.515,92.3073,259.208,-35.4329,51.5573,16.7509,6.78602,778.295,223.775,148.68,0.287519,0.191034
0.3622,0.830579,0.436081,0.281286,1.8281e-06,0.735033,-0.331667,1.81398,2023-04-21 12:27:52.407000+00:00,2023-04-23 00:00:00+00:00,BTC-23APR23-28000-C,28000,C,2023-04-23 08:00:00+00:00,35.5354,0.735033,28191.7,27765.5,-1.5117,0.3622,0.3224,-0.0398,393.659,29.1729,364.486,-347.63,69.664,12.1041,6.68529,766.742,16.8557,-71.5977,0.0219836,-0.0933791
0.3382,0.707201,0.478223,0.370781,1.49325e-06,0.736809,,1.80961,2023-05-05 12:34:10.082000+00:00,2023-05-07 00:00:00+00:00,BTC-7MAY23-29000-C,29000,C,2023-05-07 08:00:00+00:00,35.4305,0.736809,28867.1,28867.5,0.00143952,0.3382,0.3125,-0.0257,215.271,55.3293,159.942,-232.992,104.888,15.5763,7.00243,803.115,-73.0503,-200.517,-0.0909588,-0.249674
0.3938,0.718659,0.547965,1.97666,9.50872e-07,0.737425,,1.80809,2023-05-12 12:36:20.718000+00:00,2023-05-14 00:00:00+00:00,BTC-14MAY23-26500-P,26500,P,2023-05-14 08:00:00+00:00,35.3942,0.737425,26454.7,26893.4,1.65817,0.3938,0.3634,-0.0304,317.995,12.2052,305.79,-312.608,80.6177,9.46207,6.51436,747.138,-6.81797,-103.412,-0.00912545,-0.138411
0.3004,0.919123,0.326833,0.10196,3.69087e-05,0.739649,,1.80266,2023-05-26 12:44:10.548000+00:00,2023-05-28 00:00:00+00:00,BTC-28MAY23-26500-C,26500,C,2023-05-28 08:00:00+00:00,35.2637,0.739649,26417.6,27001.3,2.20951,0.3004,0.4952,0.1948,185.934,521.478,-335.544,233.755,56.6004,16.0257,6.45293,740.093,-101.789,-180.868,-0.137536,-0.244386
0.2991,0.85449,0.350033,1.07172,4.74879e-05,0.739826,,1.80223,2023-06-02 12:44:47.628000+00:00,2023-06-04 00:00:00+00:00,BTC-4JUN23-27250-C,27250,C,2023-06-04 08:00:00+00:00,35.2534,0.739826,27161.4,27068.1,-0.343382,0.2991,0.2736,-0.0255,188.463,26.519,161.944,-97.842,71.043,11.4633,6.62768,760.134,64.1019,-25.032,0.0843297,-0.0329311
0.2535,0.838489,0.30233,0.181147,2.51227e-05,0.73888,-2.35667,1.80453,2023-07-21 12:41:28.336000+00:00,2023-07-23 00:00:00+00:00,BTC-23JUL23-30000-C,30000,C,2023-07-23 08:00:00+00:00,35.3088,0.73888,29856.7,29803.7,-0.177543,0.2535,0.2272,-0.0263,150.439,18.585,131.854,-69.1194,65.1109,11.2801,7.12036,816.641,62.735,-20.7764,0.0768209,-0.0254413
0.2326,0.894744,0.259963,0.229287,4.72411e-06,0.735297,,1.81333,2023-07-28 12:28:48.684000+00:00,2023-07-30 00:00:00+00:00,BTC-30JUL23-29250-P,29250,P,2023-07-30 08:00:00+00:00,35.5198,0.735297,29276.3,29356.6,0.274052,0.2326,0.1348,-0.0978,179.574,12.1519,167.422,-63.1772,47.9418,10.3019,7.20303,826.122,104.244,38.7978,0.126185,0.0469637
0.1988,0.789958,0.251659,0.04587,0.000151169,0.737986,,1.80672,2023-08-11 12:38:19.443000+00:00,2023-08-13 00:00:00+00:00,BTC-13AUG23-29250-P,29250,P,2023-08-13 08:00:00+00:00,35.3613,0.737986,29396,29416.6,0.0701935,0.1988,0.1226,-0.0762,102.018,2.95346,99.0643,-25.9095,38.5567,9.18797,6.79121,778.89,73.1548,18.6189,0.0939218,0.0239044
0.333,1.07471,0.309852,0.25405,7.25866e-06,0.737052,,1.80901,2023-08-25 12:35:01.672000+00:00,2023-08-27 00:00:00+00:00,BTC-27AUG23-26250-C,26250,C,2023-08-27 08:00:00+00:00,35.4162,0.737052,26107.8,26004,-0.397594,0.333,0.1822,-0.1508,181.885,2.5682,179.316,-66.7345,39.8897,8.15337,6.28459,720.785,112.582,58.2542,0.156193,0.0808205
0.234,0.691921,0.338189,0.133516,9.19174e-06,0.737681,-0.15,1.80747,2023-09-22 12:37:15.023000+00:00,2023-09-24 00:00:00+00:00,BTC-24SEP23-26500-P,26500,P,2023-09-24 08:00:00+00:00,35.3792,0.737681,26601.5,26575.7,-0.0972534,0.234,0.1169,-0.1171,129.541,11.1292,118.412,-15.874,45.8331,9.37162,6.37338,730.969,102.538,40.9601,0.140277,0.0560353
0.2468,0.86914,0.283959,0.0536481,4.89923e-05,0.738742,-0.501667,1.80487,2023-09-29 12:40:59.122000+00:00,2023-10-01 00:00:00+00:00,BTC-1OCT23-27000-P,27000,P,2023-10-01 08:00:00+00:00,35.3169,0.738742,26994.2,26983.5,-0.039678,0.2468,0.1425,-0.1043,191.301,55.0986,136.203,-60.5997,70.4963,14.9856,6.65461,763.224,75.6031,-16.5333,0.0990576,-0.0216625
0.2493,0.663945,0.375483,1.15934,7.38815e-05,0.729445,-0.69,1.82787,2023-10-06 12:07:51.693000+00:00,2023-10-08 00:00:00+00:00,BTC-8OCT23-27750-P,27750,P,2023-10-08 08:00:00+00:00,35.869,0.729445,27747.8,27973.6,0.81362,0.2493,0.2061,-0.0432,196.675,8.09555,188.58,-275.004,93.4696,9.33629,6.84038,784.529,-86.4242,-196.07,-0.110161,-0.249921
0.3884,0.555704,0.698933,2.5089,6.16615e-05,0.738895,8.26667,1.8045,2023-10-20 12:41:31.605000+00:00,2023-10-22 00:00:00+00:00,BTC-22OCT23-29500-P,29500,P,2023-10-22 08:00:00+00:00,35.3079,0.738895,29719.9,29907.6,0.631574,0.3884,0.3067,-0.0817,226.974,8.43415,218.54,-174.557,72.4668,9.97023,7.03795,807.189,43.9826,-45.4923,0.0544887,-0.056359
0.4302,0.498197,0.863514,0.0131743,0.000196645,0.73923,,1.80368,2023-10-27 12:42:42.252000+00:00,2023-10-29 00:00:00+00:00,BTC-29OCT23-34250-C,34250,C,2023-10-29 08:00:00+00:00,35.2883,0.73923,34016.2,34058.8,0.125138,0.4302,0.2518,-0.1784,308.693,34.934,273.759,-79.685,74.0728,14.5716,8.20387,940.909,194.074,97.2259,0.206262,0.103332
0.45,1.10569,0.406984,1.44946,0.000252854,0.734335,,1.8157,2023-11-03 12:25:23.440000+00:00,2023-11-05 00:00:00+00:00,BTC-5NOV23-34250-P,34250,P,2023-11-05 08:00:00+00:00,35.5768,0.734335,34291.3,35106.3,2.37658,0.45,0.4981,0.0481,415.66,11.0188,404.641,-271.334,64.3113,11.6648,8.44135,968.146,133.307,48.8896,0.137693,0.0504981
0.5635,1.17961,0.477699,1.16659,0.00016757,0.738975,,1.8043,2023-11-10 12:41:48.369000+00:00,2023-11-12 00:00:00+00:00,BTC-12NOV23-37000-C,37000,C,2023-11-12 08:00:00+00:00,35.3032,0.738975,37074.2,37019.8,-0.146819,0.5635,0.2499,-0.3136,627.884,121.661,506.223,-62.5151,90.9921,22.2282,9.11715,1045.65,443.708,321.371,0.424336,0.307339
0.4031,0.783336,0.514594,0.643242,7.87868e-05,0.736949,,1.80926,2023-11-17 12:34:39.766000+00:00,2023-11-19 00:00:00+00:00,BTC-19NOV23-36500-P,36500,P,2023-11-19 08:00:00+00:00,35.4223,0.736949,36444.8,36554.4,0.300763,0.4031,0.3085,-0.0946,443.852,110.379,333.473,-234.479,108.411,21.8998,8.97771,1029.66,98.9934,-40.295,0.0961417,-0.0391342
0.4439,1.02817,0.431739,1.17992,2.3503e-05,0.738893,,1.8045,2023-11-24 12:41:31.196000+00:00,2023-11-26 00:00:00+00:00,BTC-26NOV23-37750-C,37750,C,2023-11-26 08:00:00+00:00,35.308,0.738893,37927.4,37787.7,-0.368375,0.4439,0.1772,-0.2667,568.875,100.954,467.922,-160.549,80.5585,22.7146,9.22384,1057.89,307.373,194.876,0.290553,0.184212
0.4091,1.19446,0.342497,1.81792,6.41926e-05,0.739176,,1.80381,2023-12-01 12:42:30.838000+00:00,2023-12-03 00:00:00+00:00,BTC-3DEC23-38500-P,38500,P,2023-12-03 08:00:00+00:00,35.2914,0.739176,38448.6,39453.2,2.61272,0.4091,0.4792,0.0701,471.159,10.605,460.554,-409.941,80.151,12.8602,9.47372,1086.55,50.6125,-51.8725,0.0465809,-0.0477406
0.3444,0.56886,0.605422,0.488588,0.000109374,0.737377,,1.80821,2023-12-15 12:36:10.658000+00:00,2023-12-17 00:00:00+00:00,BTC-17DEC23-42500-P,42500,P,2023-12-17 08:00:00+00:00,35.397,0.737377,42749.3,42172.1,-1.35001,0.3444,0.3237,-0.0207,302.269,378.373,-76.1037,57.3892,148.941,25.4764,10.2098,1170.97,-18.7145,-203.342,-0.0159821,-0.173652
0.3481,0.756756,0.45999,0.476516,0.00020782,0.737017,3.97667,1.8091,2023-12-22 12:34:54.171000+00:00,2023-12-24 00:00:00+00:00,BTC-24DEC23-43500-P,43500,P,2023-12-24 08:00:00+00:00,35.4183,0.737017,43648.6,43774,0.287299,0.3481,0.2263,-0.1218,358.659,28.9922,329.667,-156.866,123.458,16.7186,10.6391,1220.21,172.8,21.9844,0.141615,0.0180169
0.694,0.824857,0.841358,0.750325,0.000303301,0.739155,3.56167,1.80386,2024-01-05 12:42:26.435000+00:00,2024-01-07 00:00:00+00:00,BTC-7JAN24-44000-P,44000,P,2024-01-07 08:00:00+00:00,35.2927,0.739155,43938.8,43992.7,0.122766,0.694,0.2837,-0.4103,893.642,154.152,739.49,-177.125,99.1931,26.3794,10.8318,1242.31,562.365,425.961,0.452678,0.342879
0.3745,0.837728,0.447043,0.0665771,6.83628e-05,0.737383,-9.17833,1.8082,2024-01-19 12:36:11.857000+00:00,2024-01-21 00:00:00+00:00,BTC-21JAN24-41500-P,41500,P,2024-01-21 08:00:00+00:00,35.3967,0.737383,41385.9,41703.8,0.768219,0.3745,0.2244,-0.1501,498.218,38.7942,459.424,-392.325,140.534,17.265,10.1609,1165.36,67.0989,-100.861,0.0575779,-0.0865489
0.3884,1.07766,0.360411,4.58301,9.53487e-05,0.738095,,1.80645,2024-02-09 12:38:42.506000+00:00,2024-02-11 00:00:00+00:00,BTC-11FEB24-47000-P,47000,P,2024-02-11 08:00:00+00:00,35.3549,0.738095,47345.4,47701.8,0.75275,0.3884,0.314,-0.0744,363.527,11.4158,352.111,-352.513,149.477,15.6306,11.2237,1287.26,-0.401701,-176.733,-0.000312059,-0.137294
0.4055,0.982349,0.412786,0.380265,0.000204732,0.730605,,1.82497,2024-02-23 12:12:02.441000+00:00,2024-02-25 00:00:00+00:00,BTC-25FEB24-50500-P,50500,P,2024-02-25 08:00:00+00:00,35.7993,0.730605,51030.1,51533.3,0.98617,0.4055,0.3954,-0.0101,354.969,11.2809,343.688,-180.077,96.7159,16.7191,11.714,1343.49,163.611,38.462,0.121781,0.0286285
0.5656,0.737485,0.766931,2.14351,0.000261372,0.738827,,1.80466,2024-03-01 12:41:17.131000+00:00,2024-03-03 00:00:00+00:00,BTC-3MAR24-63000-C,63000,C,2024-03-03 08:00:00+00:00,35.3119,0.738827,62589,61911.5,-1.08247,0.5656,0.443,-0.1226,811.985,37.9145,774.071,-474.835,158.009,23.516,15.2721,1751.57,299.236,102.439,0.170838,0.0584838
0.5519,0.571995,0.964869,0.774332,0.000402041,0.7363,,1.81086,2024-03-08 12:32:22.015000+00:00,2024-03-10 00:00:00+00:00,BTC-10MAR24-67500-P,67500,P,2024-03-10 08:00:00+00:00,35.4606,0.7363,67517.6,68505.9,1.46381,0.5519,0.3274,-0.2245,1044.61,19.9408,1024.66,-983.682,187.892,22.7479,16.6388,1908.32,40.9828,-186.296,0.0214758,-0.0976229
0.7667,1.00229,0.764949,5.23161,0.000301181,0.738968,-2.20333,1.80432,2024-03-15 12:41:46.903000+00:00,2024-03-17 00:00:00+00:00,BTC-17MAR24-67500-C,67500,C,2024-03-17 08:00:00+00:00,35.3036,0.738968,67793.7,65360.1,-3.58981,0.7667,0.6965,-0.0702,1617.78,38.1973,1579.59,-1420.24,248.895,25.1128,16.6171,1905.83,159.347,-131.278,0.0836104,-0.0688822
0.6017,0.70557,0.852786,1.42755,0.000127226,0.730292,-3.225,1.82575,2024-03-22 12:10:54.867000+00:00,2024-03-24 00:00:00+00:00,BTC-24MAR24-65000-C,65000,C,2024-03-24 08:00:00+00:00,35.8181,0.730292,64567.9,64040.1,-0.817522,0.6017,0.4593,-0.1424,899.458,64.938,834.52,-743.077,252.874,27.4876,15.7729,1809,91.4431,-204.691,0.0505489,-0.113151
0.4591,0.851657,0.539067,0.885149,0.000223529,0.735483,0.005,1.81287,2024-03-29 12:29:28.197000+00:00,2024-03-31 00:00:00+00:00,BTC-31MAR24-70000-C,70000,C,2024-03-31 08:00:00+00:00,35.5088,0.735483,70150.7,69809.7,-0.486067,0.4591,0.2205,-0.2386,986.885,105.968,880.917,-328.138,165.504,34.2912,17.2351,1976.71,552.779,335.748,0.279645,0.169852
0.6498,0.803574,0.808638,3.3391,0.000102378,0.739085,-0.84,1.80403,2024-04-19 12:42:11.669000+00:00,2024-04-21 00:00:00+00:00,BTC-21APR24-66000-C,66000,C,2024-04-21 08:00:00+00:00,35.2968,0.739085,65315.1,64918.6,-0.606953,0.6498,0.4503,-0.1995,894.514,48.554,845.96,-582.216,154.48,25.6638,15.7716,1808.86,263.745,67.8289,0.145807,0.0374981
0.3773,0.845622,0.446181,0.307869,4.46066e-05,0.739433,,1.80318,2024-04-26 12:43:24.868000+00:00,2024-04-28 00:00:00+00:00,BTC-28APR24-64500-P,64500,P,2024-04-28 08:00:00+00:00,35.2764,0.739433,64383.8,63430.1,-1.48125,0.3773,0.2812,-0.0961,747.078,1074.88,-327.806,230.982,164.849,38.3442,15.8488,1817.72,-96.8239,-315.866,-0.0532667,-0.173771
0.4269,0.891522,0.478844,1.47419,3.57724e-05,0.737703,,1.80741,2024-05-17 12:37:19.532000+00:00,2024-05-19 00:00:00+00:00,BTC-19MAY24-67000-C,67000,C,2024-05-19 08:00:00+00:00,35.3779,0.737703,66371.9,66992.7,0.935393,0.4269,0.2219,-0.205,529.51,175.62,353.89,56.0048,177.456,40.0094,15.6599,1796.05,409.895,176.77,0.22822,0.0984212
0.3646,0.824474,0.442222,0.341011,2.58153e-05,0.736755,-1.88667,1.80974,2024-06-14 12:33:58.764000+00:00,2024-06-16 00:00:00+00:00,BTC-16JUN24-66500-C,66500,C,2024-06-16 08:00:00+00:00,35.4337,0.736755,67113.7,66184.9,-1.38399,0.3646,0.2593,-0.1053,1038.59,86.8081,951.787,-749.345,178.662,30.9851,15.4593,1773.04,202.442,-22.6651,0.114178,-0.0127832
0.3673,0.84057,0.436965,1.98992,1.1685e-05,0.732741,-0.21,1.81965,2024-06-21 12:19:42.183000+00:00,2024-06-23 00:00:00+00:00,BTC-23JUN24-63500-P,63500,P,2024-06-23 08:00:00+00:00,35.6716,0.732741,63544.3,64253,1.11533,0.3673,0.3167,-0.0506,637.754,32.1229,605.631,-451.71,131.886,23.0786,15.6527,1795.22,153.921,-16.6964,0.0857396,-0.00930052
0.5278,0.921634,0.572679,2.57167,5.22105e-05,0.738093,7.53667,1.80646,2024-07-05 12:38:42.066000+00:00,2024-07-07 00:00:00+00:00,BTC-7JUL24-54500-P,54500,P,2024-07-07 08:00:00+00:00,35.355,0.738093,55226.1,58154.3,5.30213,0.5278,0.9427,0.4149,506.316,6.25988,500.056,-497.041,76.7204,17.3503,12.7017,1456.78,3.01459,-103.758,0.00206936,-0.0712244
0.3997,0.643975,0.620676,0.121317,2.89502e-05,0.737228,-1.93833,1.80858,2024-07-12 12:35:39.009000+00:00,2024-07-14 00:00:00+00:00,BTC-14JUL24-57500-P,57500,P,2024-07-14 08:00:00+00:00,35.4058,0.737228,57388.3,59461,3.61164,0.3997,0.6104,0.2107,706.52,14.7126,691.808,-763.65,141.498,19.0556,14.1265,1620.18,-71.8423,-246.523,-0.0443421,-0.152157
0.8759,1.99169,0.439778,2.03956,9.74222e-05,0.739758,,1.80239,2024-07-26 12:44:33.494000+00:00,2024-07-28 00:00:00+00:00,BTC-28JUL24-67000-P,67000,P,2024-07-28 08:00:00+00:00,35.2574,0.739758,67199.1,67861.8,0.986113,0.8759,0.4918,-0.3841,1563.78,108.249,1455.53,-839.856,153.529,33.6908,16.5146,1894.08,615.678,411.944,0.325054,0.21749
0.5914,0.466146,1.2687,1.8693,7.4179e-06,0.739395,,1.80328,2024-08-09 12:43:16.922000+00:00,2024-08-11 00:00:00+00:00,BTC-11AUG24-60500-P,60500,P,2024-08-11 08:00:00+00:00,35.2786,0.739395,60509.8,60903.7,0.650904,0.5914,0.3301,-0.2613,1006.74,91.5101,915.225,-664.202,191.704,29.5917,14.9124,1710.32,251.023,14.8144,0.14677,0.0086618
0.4356,0.75379,0.57788,0.713563,2.82122e-05,0.738401,,1.8057,2024-08-30 12:39:47.117000+00:00,2024-09-01 00:00:00+00:00,BTC-1SEP24-59000-P,59000,P,2024-09-01 08:00:00+00:00,35.3369,0.738401,59632.1,59028.5,-1.01213,0.4356,0.2304,-0.2052,457.551,150.046,307.506,41.7458,157.779,35.5982,13.7751,1579.88,349.252,142.099,0.221062,0.089943
0.4421,0.892861,0.49515,0.759212,2.82983e-05,0.738497,-0.925,1.80547,2024-09-20 12:40:07.438000+00:00,2024-09-22 00:00:00+00:00,BTC-22SEP24-64000-C,64000,C,2024-09-22 08:00:00+00:00,35.3313,0.738497,63425.6,63284.8,-0.221989,0.4421,0.291,-0.1511,541.902,26.6998,515.203,-256.752,130.432,22.3652,15.0676,1728.12,258.45,90.5858,0.149556,0.0524186
0.3575,0.885322,0.403808,0.415365,4.54509e-05,0.732712,0.788333,1.81972,2024-09-27 12:19:35.918000+00:00,2024-09-29 00:00:00+00:00,BTC-29SEP24-66000-P,66000,P,2024-09-29 08:00:00+00:00,35.6734,0.732712,65376,65842.7,0.713889,0.3575,0.1237,-0.2338,1022.08,196.329,825.747,-466.785,185.282,39.3656,15.093,1731.03,358.962,119.222,0.207369,0.0688732
0.3393,0.828018,0.409774,1.64827,7.49718e-05,0.739383,-0.35,1.80331,2024-10-11 12:43:14.414000+00:00,2024-10-13 00:00:00+00:00,BTC-13OCT24-61000-P,61000,P,2024-10-13 08:00:00+00:00,35.2793,0.739383,61243.8,63327.5,3.40241,0.3393,0.556,0.2167,472.511,4.70247,467.809,-516.386,79.671,18.9609,14.861,1704.42,-48.5772,-162.07,-0.0285008,-0.0950883
0.3415,0.747662,0.456757,0.470382,0.000122957,0.733939,,1.81668,2024-10-18 12:23:58.634000+00:00,2024-10-20 00:00:00+00:00,BTC-20OCT24-68000-P,68000,P,2024-10-20 08:00:00+00:00,35.6004,0.733939,67734.1,68412.7,1.002,0.3415,0.1913,-0.1502,796.819,30.0288,766.79,-522.101,169.24,24.0738,16.5116,1893.73,244.689,34.864,0.12921,0.0184102
0.3097,0.836335,0.370306,0.284345,0.000121139,0.731105,,1.82372,2024-10-25 12:13:50.249000+00:00,2024-10-27 00:00:00+00:00,BTC-27OCT24-68500-C,68500,C,2024-10-27 08:00:00+00:00,35.7694,0.731105,68147,67021.6,-1.65149,0.3097,0.354,0.0443,438.27,5.53202,432.738,-604.914,138.616,21.1356,16.3821,1878.87,-172.176,-348.31,-0.0916378,-0.185382
0.3287,0.606749,0.54174,0.100653,5.69369e-05,0.729206,,1.82847,2024-11-08 12:06:59.999000+00:00,2024-11-10 00:00:00+00:00,BTC-10NOV24-75500-P,75500,P,2024-11-10 08:00:00+00:00,35.8833,0.729206,76137.2,76648.7,0.671841,0.3287,0.3361,0.00740002,431.386,23.342,408.044,-368.972,200.397,25.7589,17.5121,2008.48,39.0719,-204.596,0.0194535,-0.101866
0.5724,1.03378,0.553695,0.335102,0.000298941,0.737276,,1.80846,2024-11-22 12:35:49.129000+00:00,2024-11-24 00:00:00+00:00,BTC-24NOV24-100000-C,100000,C,2024-11-24 08:00:00+00:00,35.403,0.737276,98924.3,97654.6,-1.28358,0.5724,0.5007,-0.0717,1128.6,37.4136,1091.19,-538.572,202.279,34.354,23.6584,2713.4,552.617,292.325,0.203662,0.107734
0.3454,0.80314,0.430062,0.151697,0.000168191,0.731684,-1.58,1.82228,2025-01-03 12:15:55.010000+00:00,2025-01-05 00:00:00+00:00,BTC-5JAN25-97000-P,97000,P,2025-01-05 08:00:00+00:00,35.7347,0.731684,96804.5,98311.5,1.55673,0.3454,0.2552,-0.0902,1047.27,12.4427,1034.82,-839.555,240.852,30.5967,23.8057,2730.3,195.269,-99.9856,0.0715191,-0.0366208
0.4358,0.846735,0.514683,2.595,8.38448e-05,0.738842,-1.27333,1.80462,2025-01-10 12:41:20.419000+00:00,2025-01-12 00:00:00+00:00,BTC-12JAN25-94000-P,94000,P,2025-01-12 08:00:00+00:00,35.311,0.738842,94866.6,94501.8,-0.384552,0.4358,0.1633,-0.2725,781.223,33.277,747.946,-648.637,304.188,32.6196,22.2718,2554.37,99.3093,-259.77,0.0388782,-0.101696
0.3085,0.728844,0.423273,0.0682654,2.81161e-05,0.737824,,1.80712,2025-02-14 12:37:45.251000+00:00,2025-02-16 00:00:00+00:00,BTC-16FEB25-97000-P,97000,P,2025-02-16 08:00:00+00:00,35.3708,0.737824,96741.8,97602.3,0.88956,0.3085,0.2007,-0.1078,980.324,47.2619,933.062,-917.748,323.367,34.9303,23.7025,2718.46,15.3132,-366.686,0.00563305,-0.134887
0.3652,0.846409,0.43147,0.537561,8.25607e-06,0.738895,-5.54833,1.8045,2025-03-21 12:41:31.470000+00:00,2025-03-23 00:00:00+00:00,BTC-23MAR25-84000-C,84000,C,2025-03-23 08:00:00+00:00,35.3079,0.738895,83759.7,83837.2,0.0924962,0.3652,0.1497,-0.2155,751.236,83.7627,667.473,-162.343,197.637,35.5982,20.5502,2356.92,505.13,251.345,0.214318,0.106641
0.3489,0.761149,0.458386,0.971778,1.13028e-06,0.737348,,1.80828,2025-04-25 12:36:04.477000+00:00,2025-04-27 00:00:00+00:00,BTC-27APR25-94000-P,94000,P,2025-04-27 08:00:00+00:00,35.3988,0.737348,94708.4,94843.2,0.142342,0.3489,0.2296,-0.1193,619.144,30.6599,588.484,-265.086,276.695,32.245,22.2108,2547.37,323.398,-7.75339,0.126954,-0.00304368
0.3142,0.939784,0.334332,0.442006,6.91427e-06,0.737672,,1.80749,2025-05-02 12:37:12.929000+00:00,2025-05-04 00:00:00+00:00,BTC-4MAY25-97000-C,97000,C,2025-05-04 08:00:00+00:00,35.3797,0.737672,96820.9,95836.8,-1.01638,0.3142,0.2492,-0.065,774.294,16.7966,757.497,-589.148,242.273,31.1458,23.8069,2730.43,168.349,-128.877,0.0616564,-0.0472003
0.3577,0.939585,0.3807,0.139048,3.36163e-05,0.738703,,1.80496,2025-05-09 12:40:51.095000+00:00,2025-05-11 00:00:00+00:00,BTC-11MAY25-103000-P,103000,P,2025-05-11 08:00:00+00:00,35.3191,0.738703,102983,104838,1.80095,0.3577,0.3837,0.026,1049.86,33.3092,1016.55,-843.499,292.856,35.0587,25.3872,2911.68,173.055,-180.246,0.0594349,-0.0619046
0.2275,0.571849,0.397832,0.153058,7.05824e-05,0.739031,,1.80416,2025-05-16 12:42:00.148000+00:00,2025-05-18 00:00:00+00:00,BTC-18MAY25-104000-C,104000,C,2025-05-18 08:00:00+00:00,35.3,0.739031,103665,103195,-0.453639,0.2275,0.219,-0.0085,513.894,40.5747,473.319,-535.044,372.095,36.1715,25.0902,2877.62,-61.7248,-495.081,-0.02145,-0.172046
0.4461,0.917965,0.485966,2.70242,0.000105618,0.738956,,1.80435,2025-05-23 12:41:44.477000+00:00,2025-05-25 00:00:00+00:00,BTC-25MAY25-108000-P,108000,P,2025-05-25 08:00:00+00:00,35.3043,0.738956,108651,107738,-0.839656,0.4461,0.2878,-0.1583,1065.47,519.521,545.954,-285.47,344.935,64.9167,26.2235,3007.59,260.484,-175.591,0.0866089,-0.0583826
0.3271,0.936352,0.349334,0.232273,3.43004e-05,0.737859,,1.80703,2025-05-30 12:37:52.581000+00:00,2025-06-01 00:00:00+00:00,BTC-1JUN25-106000-C,106000,C,2025-06-01 08:00:00+00:00,35.3687,0.737859,105840,104551,-1.21824,0.3271,0.287,-0.0401,901.607,21.8547,879.752,-801.997,256.22,34.4838,26.0544,2988.2,77.7554,-239.003,0.0260208,-0.0799822
0.2618,0.781933,0.334811,1.34959,1.34145e-05,0.737195,-0.955,1.80866,2025-06-20 12:35:31.982000+00:00,2025-06-22 00:00:00+00:00,BTC-22JUN25-106000-C,106000,C,2025-06-22 08:00:00+00:00,35.4078,0.737195,106017,101917,-3.86764,0.2618,0.6075,0.3457,793.253,11.0516,782.201,-931.502,140.935,33.1866,26.1313,2997.02,-149.3,-349.554,-0.0498162,-0.116634
0.1444,0.530489,0.272202,0.833633,5.1846e-05,0.739326,-1.345,1.80345,2025-07-04 12:43:02.336000+00:00,2025-07-06 00:00:00+00:00,BTC-6JUL25-109000-C,109000,C,2025-07-06 08:00:00+00:00,35.2827,0.739326,108831,108176,-0.602418,0.1444,0.2375,0.0931,365.335,58.0829,307.252,-391.299,242.221,39.9097,26.5434,3044.28,-84.0468,-392.72,-0.0276081,-0.129003
0.3133,0.736959,0.425126,0.0941549,0.000137591,0.739054,,1.80411,2025-07-18 12:42:05.076000+00:00,2025-07-20 00:00:00+00:00,BTC-20JUL25-119000-C,119000,C,2025-07-20 08:00:00+00:00,35.2986,0.739054,119491,117898,-1.33296,0.3133,0.2072,-0.1061,1319.87,22.4613,1297.41,-1085.05,328.935,38.6549,28.8937,3313.85,212.352,-184.131,0.0640803,-0.0555642
0.3054,0.9928,0.307615,0.122699,0.000109634,0.737762,,1.80727,2025-08-01 12:37:32.093000+00:00,2025-08-03 00:00:00+00:00,BTC-3AUG25-115000-P,115000,P,2025-08-03 08:00:00+00:00,35.3744,0.737762,115724,112434,-2.84325,0.3054,0.4053,0.0999,675.667,2584.1,-1908.43,1620.31,302.096,68.4473,27.2666,3127.23,-288.123,-685.933,-0.0921336,-0.219342
0.1988,0.741067,0.268262,0.734734,3.92615e-05,0.739437,,1.80317,2025-08-08 12:43:25.870000+00:00,2025-08-10 00:00:00+00:00,BTC-10AUG25-117000-C,117000,C,2025-08-10 08:00:00+00:00,35.2761,0.739437,116699,116547,-0.130398,0.1988,0.183,-0.0158,517.437,92.1125,425.325,-349.433,427.91,46.5239,28.3293,3249.12,75.8916,-426.872,0.0233576,-0.131381
0.2256,0.541109,0.416921,0.334321,0.000154273,0.73575,,1.81221,2025-08-15 12:30:25.091000+00:00,2025-08-17 00:00:00+00:00,BTC-17AUG25-119000-C,119000,C,2025-08-17 08:00:00+00:00,35.493,0.73575,118904,117380,-1.28161,0.2256,0.2548,0.0292,711.688,13.6592,698.029,-728.932,258.387,37.3786,29.286,3358.83,-30.903,-355.954,-0.00920052,-0.105976
0.3065,0.794033,0.386004,1.72819,0.00012607,0.737805,,1.80716,2025-08-29 12:37:41.196000+00:00,2025-08-31 00:00:00+00:00,BTC-31AUG25-110000-P,110000,P,2025-08-31 08:00:00+00:00,35.3719,0.737805,110610,108650,-1.77158,0.3065,0.2066,-0.0999,681.78,1355.94,-674.156,681.901,241.826,65.778,26.3245,3019.18,7.74495,-326.184,0.00256525,-0.108037
0.2139,0.819645,0.260967,0.76543,7.48587e-05,0.737821,-0.291667,1.80712,2025-09-19 12:37:44.571000+00:00,2025-09-21 00:00:00+00:00,BTC-21SEP25-116000-C,116000,C,2025-09-21 08:00:00+00:00,35.371,0.737821,116316,115701,-0.528821,0.2139,0.1354,-0.0785,872.054,76.1346,795.919,-393.743,233.102,44.4118,28.1759,3231.52,402.176,96.487,0.124454,0.0298581
0.2792,0.879718,0.317374,0.288409,4.51234e-05,0.737348,2.67667,1.80828,2025-09-26 12:36:04.321000+00:00,2025-09-28 00:00:00+00:00,BTC-28SEP25-109000-P,109000,P,2025-09-28 08:00:00+00:00,35.3988,0.737348,109401,109695,0.268524,0.2792,0.155,-0.1242,676.433,20.6792,655.754,-296.038,228.553,35.4051,26.4599,3034.71,359.716,69.2977,0.118534,0.022835
0.3325,0.678739,0.489879,1.33679,4.52384e-05,0.738303,,1.80594,2025-10-24 12:39:26.600000+00:00,2025-10-26 00:00:00+00:00,BTC-26OCT25-111000-P,111000,P,2025-10-26 08:00:00+00:00,35.3426,0.738303,111415,111664,0.223045,0.3325,0.184,-0.1485,850.898,44.86,806.038,-340.479,282.613,39.0321,27.0711,3104.81,465.559,116.842,0.149948,0.0376326
0.59,1.11594,0.528701,4.24022,6.74721e-06,0.739375,,1.80333,2025-11-14 12:43:12.636000+00:00,2025-11-16 00:00:00+00:00,BTC-16NOV25-95000-P,95000,P,2025-11-16 08:00:00+00:00,35.2798,0.739375,94750.8,95190.3,0.463822,0.59,0.2666,-0.3234,1710.28,219.894,1490.39,-1000.53,316.571,55.912,23.3376,2676.61,489.863,94.0426,0.183016,0.0351349
0.8814,1.28638,0.685181,4.03141,1.31578e-05,0.739294,,1.80352,2025-11-21 12:42:55.668000+00:00,2025-11-23 00:00:00+00:00,BTC-23NOV25-81000-P,81000,P,2025-11-23 08:00:00+00:00,35.2845,0.739294,82684.7,84903.1,2.68297,0.8814,0.6897,-0.1917,1306.59,7.15346,1299.43,-889.647,162.448,25.6996,19.0993,2190.52,409.788,202.54,0.187073,0.0924623
0.268,0.553223,0.484434,0.0663435,4.55693e-06,0.715235,,1.86419,2025-11-28 11:15:34.161000+00:00,2025-11-30 00:00:00+00:00,BTC-30NOV25-91000-P,91000,P,2025-11-30 08:00:00+00:00,36.7405,0.715235,91155.6,90882.2,-0.299948,0.268,0.187,-0.081,615.109,269.296,345.813,-355.438,384.356,54.6113,22.361,2564.6,-9.62535,-470.954,-0.00375315,-0.183636
0.3137,0.552086,0.568209,1.04597,9.83464e-06,0.726749,-0.9,1.83465,2025-12-05 11:58:05.911000+00:00,2025-12-07 00:00:00+00:00,BTC-7DEC25-92000-C,92000,C,2025-12-07 08:00:00+00:00,36.0317,0.726749,91404.9,89211.8,-2.39937,0.3137,0.4897,0.176,550.209,9.17312,541.036,-677.208,133.131,28.5681,21.6625,2484.5,-136.172,-319.533,-0.0548087,-0.128611
0.415,0.72549,0.572027,3.13347,2.16487e-05,0.73893,0.86,1.80441,2025-12-19 12:41:38.891000+00:00,2025-12-21 00:00:00+00:00,BTC-21DEC25-88000-C,88000,C,2025-12-21 08:00:00+00:00,35.3059,0.73893,87965.7,88272.8,0.349121,0.415,0.2067,-0.2083,1015.24,382.431,632.808,-193.633,221.263,52.8715,21.6854,2487.12,439.175,143.355,0.17658,0.0576389
0.3278,1.09482,0.29941,0.917064,9.30567e-05,0.737221,0.605,1.80859,2026-01-02 12:35:37.446000+00:00,2026-01-04 00:00:00+00:00,BTC-4JAN26-89000-P,89000,P,2026-01-04 08:00:00+00:00,35.4063,0.737221,89406.1,91369.7,2.19624,0.3278,0.4329,0.1051,639.486,9.78648,629.699,-632.15,237.916,28.0452,21.5707,2473.97,-2.45053,-289.982,-0.000990526,-0.117214
0.2432,0.592863,0.410213,0.191278,5.00159e-05,0.738194,,1.80621,2026-01-16 12:39:03.486000+00:00,2026-01-18 00:00:00+00:00,BTC-18JAN26-96000-C,96000,C,2026-01-18 08:00:00+00:00,35.349,0.738194,95450.9,95106.5,-0.360823,0.2432,0.2299,-0.0133,419.8,27.3929,392.407,-337.572,223.496,32.0594,22.3263,2560.63,54.8357,-223.046,0.0214149,-0.0871058
0.442,1.00116,0.441488,2.26757,4.9045e-05,0.715608,,1.86322,2026-01-30 11:16:57.931000+00:00,2026-02-01 00:00:00+00:00,BTC-1FEB26-82000-P,82000,P,2026-02-01 08:00:00+00:00,36.7172,0.715608,82768,78845.7,-4.73893,0.442,0.762,0.32,690.747,3187.85,-2497.1,1984.5,270.299,48.4841,19.4271,2228.11,-512.601,-850.811,-0.230061,-0.381854
0.8429,0.774401,1.08845,6.36181,1.76629e-06,0.735658,,1.81244,2026-02-06 12:30:05.430000+00:00,2026-02-08 00:00:00+00:00,BTC-8FEB26-66000-P,66000,P,2026-02-08 08:00:00+00:00,35.4985,0.735658,66293.5,69211.5,4.40171,0.8429,0.8599,0.017,1433.78,23.3342,1410.44,-1607.11,156.45,22.8048,16.2544,1864.23,-196.672,-392.182,-0.105497,-0.210372
0.3882,0.756561,0.513111,0.790847,4.31653e-06,0.738756,,1.80484,2026-02-20 12:41:02.105000+00:00,2026-02-22 00:00:00+00:00,BTC-22FEB26-68000-C,68000,C,2026-02-22 08:00:00+00:00,35.3161,0.738756,67391.2,67919.9,0.78457,0.3882,0.2152,-0.173,477.923,139.152,338.771,-173.614,220.398,37.6114,15.8185,1814.24,165.157,-108.672,0.0910337,-0.0598994
0.3765,0.67297,0.55946,2.74724,7.7675e-07,0.736957,-6.03833,1.80924,2026-03-13 12:34:41.551000+00:00,2026-03-15 00:00:00+00:00,BTC-15MAR26-72500-C,72500,C,2026-03-15 08:00:00+00:00,35.4218,0.736957,72396.3,71131.5,-1.74707,0.3765,0.36,-0.0165,720.461,12.5849,707.876,-811.046,148.807,23.292,17.8328,2045.26,-103.17,-293.102,-0.0504434,-0.143308
0.4583,0.91005,0.503599,0.67775,3.02443e-06,0.738795,0.06,1.80474,2026-03-20 12:41:10.425000+00:00,2026-03-22 00:00:00+00:00,BTC-22MAR26-70000-P,70000,P,2026-03-22 08:00:00+00:00,35.3138,0.738795,70319,68681.1,-2.32923,0.4583,0.4295,-0.0288,758.453,1347.38,-588.924,973.084,177.925,41.7001,17.1249,1964.07,384.16,147.41,0.195594,0.0750534
0.4629,0.801265,0.577711,3.15456,1.41868e-05,0.738076,-2.99333,1.8065,2026-03-27 12:38:38.517000+00:00,2026-03-29 00:00:00+00:00,BTC-29MAR26-67000-C,67000,C,2026-03-29 08:00:00+00:00,35.356,0.738076,66565.5,66340.8,-0.337507,0.4629,0.2772,-0.1857,673.893,32.6232,641.27,-275.795,161.582,24.0476,16.1406,1851.18,365.475,163.705,0.197429,0.0884329
0.2991,0.749565,0.399032,0.03581,1.19443e-05,0.737055,,1.809,2026-04-24 12:35:02.230000+00:00,2026-04-26 00:00:00+00:00,BTC-26APR26-78000-P,78000,P,2026-04-26 08:00:00+00:00,35.416,0.737055,78381.7,77867.9,-0.655516,0.2991,0.2106,-0.0885,487.843,270.923,216.92,125.264,176.32,46.8749,18.7703,2152.78,342.184,100.219,0.15895,0.046553
0.2354,0.71222,0.330516,2.05614,6.29308e-06,0.73673,,1.8098,2026-05-01 12:33:53.387000+00:00,2026-05-03 00:00:00+00:00,BTC-3MAY26-77500-P,77500,P,2026-05-03 08:00:00+00:00,35.4352,0.73673,77906.2,78826.1,1.18074,0.2354,0.2792,0.0438,339.223,5.43833,333.785,-326.578,168.785,24.0517,18.2369,2091.61,7.20721,-203.867,0.00344577,-0.0974687
0.2222,0.734614,0.302472,0.392916,3.81913e-06,0.715496,,1.86351,2026-05-22 11:16:32.710000+00:00,2026-05-24 00:00:00+00:00,BTC-24MAY26-77500-C,77500,C,2026-05-24 08:00:00+00:00,36.7242,0.715496,77873.6,76491.4,-1.77495,0.2222,0.2968,0.0746,697.438,22.1305,675.307,-476.783,132.472,26.1284,18.2784,2096.36,198.525,21.6458,0.0946995,0.0103254
0.5341,0.773252,0.690719,2.75439,1.31133e-05,0.738524,11.4817,1.8054,2026-06-05 12:40:13.103000+00:00,2026-06-07 00:00:00+00:00,BTC-7JUN26-62000-C,62000,C,2026-06-07 08:00:00+00:00,35.3297,0.738524,61868,60829.9,-1.67795,0.5341,0.4364,-0.0977,870.709,26.8922,843.816,-1219.72,240.392,21.9219,15.2412,1748.02,-375.899,-653.454,-0.215042,-0.373824
0.5402,0.994708,0.543074,0.996736,3.94452e-06,0.739639,8.20833,1.80268,2026-06-26 12:44:08.252000+00:00,2026-06-28 00:00:00+00:00,BTC-28JUN26-59000-P,59000,P,2026-06-28 08:00:00+00:00,35.2644,0.739639,58935.6,59959.6,1.73741,0.5402,0.3942,-0.146,933.136,28.7079,904.428,-637.823,126.859,21.2692,14.5283,1666.26,266.605,103.948,0.160002,0.062384
0.2302,0.489449,0.470325,0.960897,2.51804e-05,0.728574,-7.03167,1.83006,2026-07-03 12:04:42.969000+00:00,2026-07-05 00:00:00+00:00,BTC-5JUL26-62000-P,62000,P,2026-07-05 08:00:00+00:00,35.9214,0.728574,62041.3,62966.9,1.49191,0.2302,0.2885,0.0583,383.334,8.27892,375.055,-415.32,170.518,19.6473,15.2762,1752.04,-40.2652,-245.706,-0.0229819,-0.14024
0.2514,0.58167,0.432204,1.84121,4.27337e-05,0.7392,-2.735,1.80375,2026-07-10 12:42:35.768000+00:00,2026-07-12 00:00:00+00:00,BTC-12JUL26-64500-C,64500,C,2026-07-12 08:00:00+00:00,35.2901,0.7392,64367.8,63771.8,-0.925933,0.2514,0.3067,0.0553,394.916,31.6698,363.246,-298.189,189.37,23.2691,15.7787,1809.68,65.0572,-163.361,0.0359497,-0.0902707
0.238,0.757081,0.314365,0.00230828,3.95803e-05,0.735801,1.655,1.81208,2026-07-24 12:30:35.879000+00:00,2026-07-26 00:00:00+00:00,BTC-26JUL26-65000-C,65000,C,2026-07-26 08:00:00+00:00,35.49,0.735801,64989.2,64287.2,-1.0802,0.238,0.206,-0.032,431.994,6.17431,425.82,-380.731,109.346,20.2686,16.0212,1837.49,45.089,-100.547,0.0245383,-0.0547198
0.2453,0.893243,0.274617,1.21891,2.46066e-05,0.73684,-0.993333,1.80953,2026-08-07 12:34:16.785000+00:00,2026-08-09 00:00:00+00:00,BTC-9AUG26-65000-C,65000,C,2026-08-09 08:00:00+00:00,35.4287,0.73684,65024,64885.3,-0.213246,0.2453,0.1533,-0.092,462.996,71.3113,391.685,-108.301,127.194,28.4211,16.0227,1837.65,283.384,111.746,0.15421,0.060809
