term,beta,se,t,n,n_clusters,spec,asset
wknd_life,0.04445162095499066,0.010888531360235288,4.082425763802008,21438,483,A. within entry instant,BTC
T_days,0.005685449630172414,0.0013904381552293848,4.088962611382358,21438,483,A. within entry instant,BTC
wknd_life,0.043618855323585635,0.01088708286541809,4.0064777555921145,21438,483,A2. + moneyness,BTC
T_days,0.005701199839167029,0.0013902708503763538,4.100783554243177,21438,483,A2. + moneyness,BTC
abs_delta,-0.12439263899216885,0.049185967675486934,-2.529026973970933,21438,483,A2. + moneyness,BTC
wknd_hold,-0.03602211342416313,0.005260445214884597,-6.847730933921223,21438,483,B. within month,BTC
wknd_life,0.06127111316149743,0.009164166229037282,6.685945194594545,21438,483,B. within month,BTC
T_days,0.00730088859084098,0.0012429368624414653,5.87390141161318,21438,483,B. within month,BTC
wknd_hold,0.07219756040319837,0.0047195217433113786,15.297643348188515,21438,483,C. change in the contract IV,BTC
wknd_life,-0.08078206185626108,0.007793433500710896,-10.365400801699579,21438,483,C. change in the contract IV,BTC
T_days,-0.008498478801798735,0.0008829051636405328,-9.625585115797122,21438,483,C. change in the contract IV,BTC
wknd_life,0.06044426671333646,0.00923738784142964,6.54343714380425,21438,483,D. + holding period,BTC
wknd_hold,-0.03471162801106259,0.00536108011659792,-6.4747452483680075,21438,483,D. + holding period,BTC
T_days,0.006476280398759673,0.0013667475086366386,4.73846146258566,21438,483,D. + holding period,BTC
hold_hours,0.00017022644284355506,9.696110144076697e-05,1.7556158120537184,21438,483,D. + holding period,BTC
wknd_life,0.05166455582493671,0.01661811190382188,3.1089305526372555,21438,483,E. term_gamma,BTC
wknd_hold,0.03242330002811396,0.008971551470238539,3.6140125970042365,21438,483,E. term_gamma,BTC
T_days,0.026097730019228698,0.0020418996918728604,12.781102873516513,21438,483,E. term_gamma,BTC
hold_hours,-0.0021829463588224286,0.00019416545536620692,-11.242712328540984,21438,483,E. term_gamma,BTC
wknd_life,-0.024278012348122848,0.002232461640897295,-10.874996418018975,21438,483,E. term_theta,BTC
wknd_hold,-0.003351091358083629,0.0008753821076754528,-3.8281469642809327,21438,483,E. term_theta,BTC
T_days,-0.02902269919651339,0.0005752716202660187,-50.45042754428358,21438,483,E. term_theta,BTC
hold_hours,0.00285900197269637,4.854265491035687e-05,58.896695658201104,21438,483,E. term_theta,BTC
wknd_life,0.08755678689308158,0.007938627033599753,11.029210280632007,21438,483,E. term_vega,BTC
wknd_hold,-0.08293495712089166,0.004716617491105527,-17.583566459923496,21438,483,E. term_vega,BTC
T_days,0.015254864799326364,0.0011568039490187135,13.187078771875447,21438,483,E. term_vega,BTC
hold_hours,-0.0013947418493796481,0.00010626962891392685,-13.124557445376235,21438,483,E. term_vega,BTC
wknd_life,0.0001790527739218287,0.0001517961647636675,1.1795605916697383,21438,483,E. term_volga,BTC
wknd_hold,-2.9714174675012722e-05,2.3707255852353808e-05,-1.2533789174111651,21438,483,E. term_volga,BTC
T_days,9.777550519652089e-05,3.219134873724696e-05,3.037322418348687,21438,483,E. term_volga,BTC
hold_hours,-7.507018640475889e-06,1.8709583886464587e-06,-4.012392090615562,21438,483,E. term_volga,BTC
wknd_life,0.0010632112754431105,0.0014861886513929767,0.715394559396334,21438,483,E. term_vanna,BTC
wknd_hold,-5.948926057914389e-05,0.000482194750747509,-0.12337185439476957,21438,483,E. term_vanna,BTC
T_days,0.000284716043154727,0.00029569285722555753,0.9628776488758491,21438,483,E. term_vanna,BTC
hold_hours,-1.0028096816884255e-05,1.9542743198989147e-05,-0.5131366008740759,21438,483,E. term_vanna,BTC
wknd_life,-0.05506616722584226,0.020536759543150405,-2.681346446606685,21438,483,E. residual,BTC
wknd_hold,0.020089849164845054,0.010461157462457904,1.9204231689410818,21438,483,E. residual,BTC
T_days,-0.013170692687253486,0.0026061207774821537,-5.053753763468346,21438,483,E. residual,BTC
hold_hours,0.0011438668037771003,0.0002582739221218588,4.4288900496791195,21438,483,E. residual,BTC
wknd_life,0.07232362932628449,0.009080261349104855,7.964928160731216,21438,483,F. + entry greeks,BTC
wknd_hold,-0.0296368716933897,0.005435315786965259,-5.452649460490147,21438,483,F. + entry greeks,BTC
hold_hours,6.430788755854162e-05,9.41472267723248e-05,0.6830566312277755,21438,483,F. + entry greeks,BTC
gamma_per_vega,-6.138929555039673e-05,4.916093851322854e-06,-12.487413260810246,21438,483,F. + entry greeks,BTC
volga_per_vega,0.02546146499466017,0.03390350229020418,0.7509980761491066,21438,483,F. + entry greeks,BTC
vanna_per_vega,-5.736005477826818e-05,0.0004941692312628513,-0.11607370744569495,21438,483,F. + entry greeks,BTC
wknd_life,0.019632987984653287,0.017330772589042736,1.1328397440900073,17938,387,A. within entry instant,ETH
T_days,0.006541693981024634,0.002039294687090254,3.207821813314573,17938,387,A. within entry instant,ETH
wknd_life,0.019621210652227,0.01733256270634724,1.1320432520369104,17938,387,A2. + moneyness,ETH
T_days,0.006558587597185067,0.002038738529466513,3.216983199361659,17938,387,A2. + moneyness,ETH
abs_delta,-0.1250098935316172,0.06659344381077668,-1.8772102233791834,17938,387,A2. + moneyness,ETH
wknd_hold,-0.054218944199534776,0.008053940161654657,-6.73197753041111,17938,387,B. within month,ETH
wknd_life,0.07863015147404169,0.012384575309189613,6.3490389868836665,17938,387,B. within month,ETH
T_days,0.010152483978444229,0.001400200393880234,7.250736410885926,17938,387,B. within month,ETH
wknd_hold,0.0949080269650853,0.006689465957945856,14.187683674860772,17938,387,C. change in the contract IV,ETH
wknd_life,-0.08864262208300455,0.010035162434955584,-8.833202517403684,17938,387,C. change in the contract IV,ETH
T_days,-0.010855249907643303,0.0010955123882572166,-9.908833550401246,17938,387,C. change in the contract IV,ETH
wknd_life,0.07809963168862707,0.012516399148982844,6.23978436281923,17938,387,D. + holding period,ETH
wknd_hold,-0.053432307667073325,0.008299272845705365,-6.43819147297019,17938,387,D. + holding period,ETH
T_days,0.009616352582055844,0.0016378221115308134,5.8714267650641165,17938,387,D. + holding period,ETH
hold_hours,0.00010718180857633034,0.00011461176114340955,0.9351728610314052,17938,387,D. + holding period,ETH
wknd_life,0.05508614045269727,0.021700211468234646,2.5385070801422303,17938,387,E. term_gamma,ETH
wknd_hold,0.014409974499247026,0.013825616652491489,1.0422663134269843,17938,387,E. term_gamma,ETH
T_days,0.033844639132051484,0.00278172215218672,12.16679354745984,17938,387,E. term_gamma,ETH
hold_hours,-0.002486906824148532,0.00024439574065133796,-10.175737177418428,17938,387,E. term_gamma,ETH
wknd_life,-0.029289085187500934,0.0027614165616820724,-10.606543610233134,17938,387,E. term_theta,ETH
wknd_hold,-0.002565959929674634,0.001236555019986887,-2.0750875522723162,17938,387,E. term_theta,ETH
T_days,-0.03590839781942806,0.0007564222063405169,-47.47136918831182,17938,387,E. term_theta,ETH
hold_hours,0.003510382765202903,5.9350641301193016e-05,59.146501002211416,17938,387,E. term_theta,ETH
wknd_life,0.09589331729052246,0.010243069409189126,9.361775602584117,17938,387,E. term_vega,ETH
wknd_hold,-0.1056591090034723,0.0067003468804362155,-15.769199847246346,17938,387,E. term_vega,ETH
T_days,0.018182639862305047,0.001398777348532955,12.998952178754607,17938,387,E. term_vega,ETH
hold_hours,-0.001464870203042233,0.0001246177478912522,-11.754908332323206,17938,387,E. term_vega,ETH
wknd_life,0.00015065585862189556,0.00012390425606739354,1.2159054370170415,17938,387,E. term_volga,ETH
wknd_hold,-7.7882760366985e-05,5.697795908050427e-05,-1.3668927708860947,17938,387,E. term_volga,ETH
T_days,0.000148372358854165,3.795653535186623e-05,3.9090069069454696,17938,387,E. term_volga,ETH
hold_hours,-1.1628635730876034e-05,3.684080972453882e-06,-3.156454979633758,17938,387,E. term_volga,ETH
wknd_life,0.0002380607605537198,0.001319315781415888,0.1804425929766665,17938,387,E. term_vanna,ETH
wknd_hold,-0.0002610288582194607,0.0008892173016720441,-0.29354900959375596,17938,387,E. term_vanna,ETH
T_days,-0.0005252904956022378,0.0003135219652810546,-1.675450379150771,17938,387,E. term_vanna,ETH
hold_hours,2.9809236578448826e-05,3.3340170150481794e-05,0.8940937146962358,17938,387,E. term_vanna,ETH
wknd_life,-0.044534581856611966,0.025026656250959484,-1.7794858973581251,17938,387,E. residual,ETH
wknd_hold,0.04267929408499229,0.015625618038454834,2.7313667836982853,17938,387,E. residual,ETH
T_days,-0.013483677878181438,0.0033743114316322916,-3.995979076435999,17938,387,E. residual,ETH
hold_hours,0.0008005158654651088,0.0003178062788181558,2.5188799555566757,17938,387,E. residual,ETH
wknd_life,0.08372895796828463,0.012102512205918348,6.918312210198776,17938,387,F. + entry greeks,ETH
wknd_hold,-0.04094517490696843,0.007774249059966516,-5.266769123440558,17938,387,F. + entry greeks,ETH
hold_hours,5.836269350289587e-05,0.00010164872338830813,0.5741606146881416,17938,387,F. + entry greeks,ETH
gamma_per_vega,-8.996993952230768e-05,9.19198703127986e-06,-9.787866237859626,17938,387,F. + entry greeks,ETH
volga_per_vega,-0.08402491344656625,0.03421916851263387,-2.455492552822956,17938,387,F. + entry greeks,ETH
vanna_per_vega,-0.0005534485262592483,0.0006271954891800294,-0.8824178996931324,17938,387,F. + entry greeks,ETH
